Economy_Label,Year,US_at_current_prices_in_thousands_Value,US_at_current_prices_Footnote,US_at_current_prices_MissingValue
"Afghanistan",2017,10,,
"Afghanistan",2019,3,,
"Albania",2005,38,,
"Albania",2006,231,,
"Albania",2007,433,,
"Albania",2008,734,,
"Albania",2009,439,,
"Albania",2010,1434,,
"Albania",2011,3489,,
"Albania",2012,2455,,
"Albania",2013,2078,,
"Albania",2014,319,,
"Albania",2015,1117,,
"Albania",2016,2323,,
"Algeria",2005,100,,
"Algeria",2009,8,,
"Algeria",2010,209,,
"Algeria",2011,308,,
"Algeria",2012,768,,
"Algeria",2013,1513,,
"Algeria",2014,1174,,
"Algeria",2015,592,,
"Algeria",2016,148,,
"Algeria",2017,383,,
"Andorra",2005,45,,
"Andorra",2006,121,,
"Andorra",2007,144,,
"Andorra",2008,142,,
"Andorra",2009,79,,
"Andorra",2010,118,,
"Andorra",2011,224,,
"Andorra",2012,242,,
"Andorra",2013,247,,
"Andorra",2014,254,,
"Andorra",2015,244,,
"Andorra",2016,214,,
"Andorra",2017,199,,
"Andorra",2018,260,,
"Andorra",2019,189,,
"Andorra",2020,216,,
"Andorra",2021,216,,
"Andorra",2022,292,,
"Angola",2015,112,,
"Angola",2016,207,,
"Angola",2017,464,,
"Angola",2018,134,,
"Angola",2019,7,,
"Angola",2020,17,,
"Angola",2021,73,,
"Angola",2022,75,,
"Antigua and Barbuda",2005,4,,
"Antigua and Barbuda",2007,0,,
"Antigua and Barbuda",2009,37,,
"Antigua and Barbuda",2010,35,,
"Antigua and Barbuda",2011,20,,
"Antigua and Barbuda",2013,7,,
"Antigua and Barbuda",2015,17,,
"Antigua and Barbuda",2016,4,,
"Antigua and Barbuda",2017,7,,
"Antigua and Barbuda",2018,5,,
"Antigua and Barbuda",2021,3,,
"Antigua and Barbuda",2022,9,,
"Argentina",2005,12354,,
"Argentina",2006,19881,,
"Argentina",2007,28111,,
"Argentina",2008,37128,,
"Argentina",2009,22753,,
"Argentina",2010,27043,,
"Argentina",2011,35352,,
"Argentina",2012,23282,,
"Argentina",2013,14699,,
"Argentina",2014,10263,,
"Argentina",2015,4700,,
"Argentina",2016,2701,,
"Argentina",2017,1280,,
"Argentina",2018,188,,
"Armenia",2005,1,,
"Armenia",2010,360,,
"Armenia",2011,21,,
"Armenia",2013,32,,
"Armenia",2015,36,,
"Armenia",2016,48,,
"Armenia",2017,42,,
"Armenia",2018,60,,
"Armenia",2019,10,,
"Armenia",2020,0,,
"Armenia",2021,8,,
"Armenia",2022,16,,
"Aruba",2015,1,,
"Aruba",2022,2,,
"Australia",2005,29587,,
"Australia",2006,36725,,
"Australia",2007,41950,,
"Australia",2008,52707,,
"Australia",2009,44239,,
"Australia",2010,60232,,
"Australia",2011,70063,,
"Australia",2012,78122,,
"Australia",2013,58845,,
"Australia",2014,66695,,
"Australia",2015,58490,,
"Australia",2016,48303,,
"Australia",2017,36147,,
"Australia",2018,32735,,
"Australia",2019,28525,,
"Australia",2020,21535,,
"Australia",2021,50231,,
"Australia",2022,40794,,
"Austria",2005,22394,,
"Austria",2006,30055,,
"Austria",2007,39326,,
"Austria",2008,47275,,
"Austria",2009,33805,,
"Austria",2010,41025,,
"Austria",2011,60638,,
"Austria",2012,58475,,
"Austria",2013,52609,,
"Austria",2014,57035,,
"Austria",2015,49232,,
"Austria",2016,47664,,
"Austria",2017,48353,,
"Austria",2018,92259,,
"Austria",2019,82196,,
"Austria",2020,67809,,
"Austria",2021,80609,,
"Austria",2022,81465,,
"Azerbaijan",2005,5,,
"Azerbaijan",2006,49,,
"Azerbaijan",2007,61,,
"Azerbaijan",2008,49,,
"Azerbaijan",2009,7,,
"Azerbaijan",2010,18,,
"Azerbaijan",2011,94,,
"Azerbaijan",2012,649,,
"Azerbaijan",2013,228,,
"Azerbaijan",2016,17,,
"Azerbaijan",2017,33,,
"Azerbaijan",2018,3,,
"Azerbaijan",2019,17,,
"Azerbaijan",2020,174,,
"Azerbaijan",2021,1483,,
"Azerbaijan",2022,2001,,
"Bahamas",2005,0,,
"Bahamas",2007,2,,
"Bahamas",2009,37,,
"Bahamas",2011,57,,
"Bahamas",2012,14,,
"Bahamas",2013,130,,
"Bahamas",2015,10,,
"Bahamas",2016,10,,
"Bahamas",2018,0,,
"Bahamas",2019,42,,
"Bahrain",2005,132,,
"Bahrain",2006,98,,
"Bahrain",2007,86,,
"Bahrain",2008,35,,
"Bahrain",2009,30,,
"Bahrain",2010,429,,
"Bahrain",2011,712,,
"Bahrain",2012,895,,
"Bahrain",2013,906,,
"Bahrain",2014,1100,,
"Bahrain",2015,360,,
"Bahrain",2016,511,,
"Bahrain",2017,572,,
"Bahrain",2018,389,,
"Bahrain",2019,225,,
"Bahrain",2020,390,,
"Bahrain",2021,78,,
"Bahrain",2022,321,,
"Bangladesh",2005,8256,,
"Bangladesh",2006,6611,,
"Bangladesh",2007,10554,,
"Bangladesh",2008,12979,,
"Bangladesh",2009,11035,,
"Bangladesh",2010,23558,,
"Bangladesh",2011,39978,,
"Bangladesh",2012,46393,,
"Bangladesh",2013,29136,,
"Bangladesh",2015,22125,,
"Barbados",2005,23,,
"Barbados",2006,24,,
"Barbados",2007,13,,
"Barbados",2008,10,,
"Barbados",2009,0,,
"Barbados",2010,378,,
"Barbados",2011,208,,
"Barbados",2012,140,,
"Barbados",2013,118,,
"Barbados",2014,112,,
"Barbados",2015,158,,
"Barbados",2016,190,,
"Barbados",2017,154,,
"Barbados",2018,135,,
"Barbados",2019,285,,
"Barbados",2020,257,,
"Barbados",2021,308,,
"Barbados",2022,287,,
"Belarus",2005,2117,,
"Belarus",2006,1773,,
"Belarus",2007,1744,,
"Belarus",2008,2011,,
"Belarus",2009,1457,,
"Belarus",2010,2939,,
"Belarus",2011,3378,,
"Belarus",2012,4753,,
"Belarus",2013,5995,,
"Belarus",2014,6010,,
"Belarus",2015,4922,,
"Belarus",2016,4364,,
"Belarus",2017,4651,,
"Belarus",2018,4769,,
"Belarus",2019,7510,,
"Belarus",2020,5142,,
"Belarus",2021,8802,,
"Belgium",2005,159173,,
"Belgium",2006,200268,,
"Belgium",2007,231807,,
"Belgium",2008,218219,,
"Belgium",2009,192147,,
"Belgium",2010,134436,,
"Belgium",2011,160907,,
"Belgium",2012,179724,,
"Belgium",2013,200546,,
"Belgium",2014,183691,,
"Belgium",2015,142915,,
"Belgium",2016,138134,,
"Belgium",2017,157340,,
"Belgium",2018,171112,,
"Belgium",2019,147029,,
"Belgium",2020,120122,,
"Belgium",2021,185863,,
"Belgium",2022,242777,,
"Belize",2009,3,,
"Belize",2010,9,,
"Belize",2011,34,,
"Belize",2012,97,,
"Belize",2013,207,,
"Belize",2014,306,,
"Belize",2015,127,,
"Belize",2016,34,,
"Belize",2017,44,,
"Belize",2018,88,,
"Belize",2019,70,,
"Belize",2020,36,,
"Belize",2021,49,,
"Belize",2022,22,,
"Benin",2005,3,,
"Benin",2006,26,,
"Benin",2007,18,,
"Benin",2008,10,,
"Benin",2009,19,,
"Benin",2010,29,,
"Benin",2011,12,,
"Benin",2012,12,,
"Benin",2013,22,,
"Benin",2014,27,,
"Benin",2015,2,,
"Benin",2017,6,,
"Benin",2018,2,,
"Benin",2019,3,,
"Benin",2020,12,,
"Benin",2021,14,,
"Benin",2022,5,,
"Bermuda",2018,0,,
"Bhutan",2005,72,,
"Bhutan",2006,87,,
"Bhutan",2007,99,,
"Bhutan",2009,83,,
"Bhutan",2010,133,,
"Bhutan",2011,211,,
"Bhutan",2012,223,,
"Bolivia (Plurinational State of)",2005,1847,,
"Bolivia (Plurinational State of)",2006,2721,,
"Bolivia (Plurinational State of)",2007,2844,,
"Bolivia (Plurinational State of)",2008,1545,,
"Bolivia (Plurinational State of)",2009,802,,
"Bolivia (Plurinational State of)",2010,1086,,
"Bolivia (Plurinational State of)",2011,1144,,
"Bolivia (Plurinational State of)",2012,2475,,
"Bolivia (Plurinational State of)",2013,4039,,
"Bolivia (Plurinational State of)",2014,4586,,
"Bolivia (Plurinational State of)",2015,1469,,
"Bolivia (Plurinational State of)",2016,1649,,
"Bolivia (Plurinational State of)",2017,867,,
"Bolivia (Plurinational State of)",2018,302,,
"Bolivia (Plurinational State of)",2019,387,,
"Bolivia (Plurinational State of)",2020,134,,
"Bolivia (Plurinational State of)",2021,1075,,
"Bolivia (Plurinational State of)",2022,265,,
"Bosnia and Herzegovina",2005,206,,
"Bosnia and Herzegovina",2006,182,,
"Bosnia and Herzegovina",2007,849,,
"Bosnia and Herzegovina",2008,1331,,
"Bosnia and Herzegovina",2009,1109,,
"Bosnia and Herzegovina",2010,1783,,
"Bosnia and Herzegovina",2011,2403,,
"Bosnia and Herzegovina",2012,2856,,
"Bosnia and Herzegovina",2013,3939,,
"Bosnia and Herzegovina",2014,4630,,
"Bosnia and Herzegovina",2015,3468,,
"Bosnia and Herzegovina",2016,2877,,
"Bosnia and Herzegovina",2017,2221,,
"Bosnia and Herzegovina",2018,2051,,
"Bosnia and Herzegovina",2019,2051,,
"Bosnia and Herzegovina",2020,1709,,
"Bosnia and Herzegovina",2021,2172,,
"Bosnia and Herzegovina",2022,1555,,
"Botswana",2005,60,,
"Botswana",2006,39,,
"Botswana",2007,110,,
"Botswana",2008,89,,
"Botswana",2009,115,,
"Botswana",2010,149,,
"Botswana",2011,51,,
"Botswana",2012,402,,
"Botswana",2013,328,,
"Botswana",2014,362,,
"Botswana",2015,118,,
"Botswana",2016,50,,
"Botswana",2017,133,,
"Botswana",2018,199,,
"Botswana",2019,70,,
"Botswana",2020,49,,
"Botswana",2021,75,,
"Botswana",2022,59,,
"Brazil",2005,3920,,
"Brazil",2006,6969,,
"Brazil",2007,6285,,
"Brazil",2008,4517,,
"Brazil",2009,2624,,
"Brazil",2010,4420,,
"Brazil",2011,4219,,
"Brazil",2012,4317,,
"Brazil",2013,3095,,
"Brazil",2014,2761,,
"Brazil",2015,2870,,
"Brazil",2016,3326,,
"Brazil",2017,2150,,
"Brazil",2018,1566,,
"Brazil",2019,1779,,
"Brazil",2020,1710,,
"Brazil",2021,2110,,
"Brazil",2022,2113,,
"Brunei Darussalam",2006,3,,
"Brunei Darussalam",2007,38,,
"Brunei Darussalam",2008,8,,
"Brunei Darussalam",2009,46,,
"Brunei Darussalam",2010,40,,
"Brunei Darussalam",2011,107,,
"Brunei Darussalam",2012,139,,
"Brunei Darussalam",2013,106,,
"Brunei Darussalam",2014,153,,
"Brunei Darussalam",2015,126,,
"Brunei Darussalam",2016,134,,
"Brunei Darussalam",2017,120,,
"Brunei Darussalam",2018,70,,
"Brunei Darussalam",2019,90,,
"Brunei Darussalam",2020,9,,
"Brunei Darussalam",2021,26,,
"Brunei Darussalam",2022,16,,
"Bulgaria",2005,4799,,
"Bulgaria",2006,2595,,
"Bulgaria",2007,5173,,
"Bulgaria",2008,4610,,
"Bulgaria",2009,3638,,
"Bulgaria",2010,6521,,
"Bulgaria",2011,7844,,
"Bulgaria",2012,8316,,
"Bulgaria",2013,5983,,
"Bulgaria",2014,6629,,
"Bulgaria",2015,5588,,
"Bulgaria",2016,5650,,
"Bulgaria",2017,6715,,
"Bulgaria",2018,7132,,
"Bulgaria",2019,10292,,
"Bulgaria",2020,4245,,
"Bulgaria",2021,12916,,
"Bulgaria",2022,15751,,
"Burkina Faso",2006,12,,
"Burkina Faso",2007,5,,
"Burkina Faso",2008,4,,
"Burkina Faso",2009,1,,
"Burkina Faso",2010,2,,
"Burkina Faso",2011,53,,
"Burkina Faso",2012,11,,
"Burkina Faso",2013,14,,
"Burkina Faso",2014,44,,
"Burkina Faso",2015,27,,
"Burkina Faso",2016,25,,
"Burkina Faso",2017,40,,
"Burkina Faso",2018,40,,
"Burkina Faso",2019,26,,
"Burkina Faso",2020,31,,
"Burkina Faso",2021,76,,
"Burkina Faso",2022,173,,
"Burundi",2014,3,,
"Burundi",2015,13,,
"Burundi",2016,6,,
"Burundi",2017,9,,
"Burundi",2018,14,,
"Burundi",2019,12,,
"Burundi",2020,4,,
"Burundi",2021,16,,
"Burundi",2022,27,,
"Cabo Verde",2006,22,,
"Cambodia",2005,9,,
"Cambodia",2006,67,,
"Cambodia",2007,57,,
"Cambodia",2008,82,,
"Cambodia",2009,45,,
"Cambodia",2010,206,,
"Cambodia",2011,317,,
"Cambodia",2012,576,,
"Cambodia",2013,1115,,
"Cambodia",2014,1777,,
"Cambodia",2015,3339,,
"Cambodia",2016,3208,,
"Cambodia",2017,4258,,
"Cambodia",2018,1890,,
"Cambodia",2019,2342,,
"Cambodia",2020,1589,,
"Cambodia",2021,2026,,
"Cambodia",2022,1305,,
"Cameroon",2007,9,,
"Cameroon",2008,7,,
"Cameroon",2010,0,,
"Cameroon",2012,10,,
"Cameroon",2013,14,,
"Cameroon",2014,111,,
"Cameroon",2015,171,,
"Cameroon",2016,66,,
"Cameroon",2017,186,,
"Cameroon",2018,159,,
"Cameroon",2019,119,,
"Cameroon",2020,123,,
"Cameroon",2021,245,,
"Canada",2005,106426,,
"Canada",2006,114726,,
"Canada",2007,120624,,
"Canada",2008,135915,,
"Canada",2009,99393,,
"Canada",2010,118386,,
"Canada",2011,129246,,
"Canada",2012,122254,,
"Canada",2013,107130,,
"Canada",2014,112936,,
"Canada",2015,109584,,
"Canada",2016,99175,,
"Canada",2017,96827,,
"Canada",2018,74047,,
"Canada",2019,65717,,
"Canada",2020,56534,,
"Canada",2021,94082,,
"Canada",2022,106788,,
"Cayman Islands",2020,1,,
"Cayman Islands",2021,8,,
"Central African Republic",2011,50,,
"Central African Republic",2012,16,,
"Central African Republic",2013,7,,
"Central African Republic",2014,34,,
"Central African Republic",2015,25,,
"Central African Republic",2016,7,,
"Central African Republic",2017,6,,
"Central African Republic",2018,13,,
"Central African Republic",2019,37,,
"Chile",2005,2158,,
"Chile",2006,2654,,
"Chile",2007,2733,,
"Chile",2008,3563,,
"Chile",2009,3082,,
"Chile",2010,5621,,
"Chile",2011,6548,,
"Chile",2012,5716,,
"Chile",2013,5737,,
"Chile",2014,7162,,
"Chile",2015,6744,,
"Chile",2016,5736,,
"Chile",2017,6293,,
"Chile",2018,3835,,
"Chile",2019,3531,,
"Chile",2020,3604,,
"Chile",2021,5048,,
"Chile",2022,6641,,
"China",2005,10514,,
"China",2006,20397,,
"China",2007,10275,,
"China",2008,11831,,
"China",2009,14950,,
"China",2010,21975,,
"China",2011,23614,,
"China",2012,51460,,
"China",2013,62310,,
"China",2014,63131,,
"China",2015,68889,,
"China",2016,61465,,
"China",2017,71047,,
"China",2018,64063,,
"China",2019,82848,,
"China",2020,135264,,
"China",2021,132812,,
"China",2022,129697,,
"China, Hong Kong SAR",2005,860485,,
"China, Hong Kong SAR",2006,1000717,,
"China, Hong Kong SAR",2007,1103980,,
"China, Hong Kong SAR",2008,1201799,,
"China, Hong Kong SAR",2009,1138688,,
"China, Hong Kong SAR",2010,1225244,,
"China, Hong Kong SAR",2011,1108170,,
"China, Hong Kong SAR",2012,1054109,,
"China, Hong Kong SAR",2013,765767,,
"China, Hong Kong SAR",2014,930709,,
"China, Hong Kong SAR",2015,899246,,
"China, Hong Kong SAR",2016,881522,,
"China, Hong Kong SAR",2017,565714,,
"China, Hong Kong SAR",2018,95156,,
"China, Hong Kong SAR",2019,65290,,
"China, Hong Kong SAR",2020,43892,,
"China, Hong Kong SAR",2021,9140,,
"China, Hong Kong SAR",2022,9547,,
"China, Macao SAR",2005,32,,
"China, Macao SAR",2006,863,,
"China, Macao SAR",2009,686,,
"China, Macao SAR",2011,652,,
"China, Macao SAR",2012,555,,
"China, Macao SAR",2013,372,,
"China, Macao SAR",2014,540,,
"China, Macao SAR",2015,480,,
"China, Macao SAR",2017,38,,
"China, Macao SAR",2018,150,,
"China, Macao SAR",2019,41,,
"China, Macao SAR",2020,120,,
"China, Macao SAR",2021,196,,
"China, Taiwan Province of",2005,87801,,
"China, Taiwan Province of",2006,99025,,
"China, Taiwan Province of",2007,91922,,
"China, Taiwan Province of",2008,82382,,
"China, Taiwan Province of",2009,66556,,
"China, Taiwan Province of",2010,87290,,
"China, Taiwan Province of",2011,98235,,
"China, Taiwan Province of",2012,83585,,
"China, Taiwan Province of",2013,66346,,
"China, Taiwan Province of",2014,76355,,
"China, Taiwan Province of",2015,63972,,
"China, Taiwan Province of",2016,60808,,
"China, Taiwan Province of",2017,57231,,
"China, Taiwan Province of",2018,36522,,
"China, Taiwan Province of",2019,29600,,
"China, Taiwan Province of",2020,21328,,
"China, Taiwan Province of",2021,25950,,
"China, Taiwan Province of",2022,51722,,
"Colombia",2005,1523,,
"Colombia",2006,2073,,
"Colombia",2007,2572,,
"Colombia",2008,2927,,
"Colombia",2009,1530,,
"Colombia",2010,3241,,
"Colombia",2011,2530,,
"Colombia",2012,3065,,
"Colombia",2013,2907,,
"Colombia",2014,3353,,
"Colombia",2015,3070,,
"Colombia",2016,1339,,
"Colombia",2017,1112,,
"Colombia",2018,1009,,
"Colombia",2019,2180,,
"Colombia",2020,2125,,
"Colombia",2021,5656,,
"Colombia",2022,6842,,
"Congo",2007,1,,
"Congo",2013,1,,
"Congo",2014,27,,
"Congo",2015,11,,
"Congo",2016,16,,
"Congo",2017,17,,
"Congo",2018,2,,
"Congo",2019,3,,
"Congo",2020,8,,
"Congo",2021,31,,
"Congo, Dem. Rep. of the",2017,1,,
"Congo, Dem. Rep. of the",2018,1,,
"Congo, Dem. Rep. of the",2019,7,,
"Congo, Dem. Rep. of the",2020,1,,
"Congo, Dem. Rep. of the",2021,28,,
"Congo, Dem. Rep. of the",2022,14,,
"Costa Rica",2005,1368,,
"Costa Rica",2006,1934,,
"Costa Rica",2007,2699,,
"Costa Rica",2008,2717,,
"Costa Rica",2009,1243,,
"Costa Rica",2010,2321,,
"Costa Rica",2011,3868,,
"Costa Rica",2012,6819,,
"Costa Rica",2013,5261,,
"Costa Rica",2014,6308,,
"Costa Rica",2015,4195,,
"Costa Rica",2016,4964,,
"Costa Rica",2017,3913,,
"Costa Rica",2018,3012,,
"Costa Rica",2019,3588,,
"Costa Rica",2020,3748,,
"Costa Rica",2021,4462,,
"Costa Rica",2022,3471,,
"Cote d'Ivoire",2005,48,,
"Cote d'Ivoire",2006,170,,
"Cote d'Ivoire",2007,212,,
"Cote d'Ivoire",2008,91,,
"Cote d'Ivoire",2009,249,,
"Cote d'Ivoire",2010,43,,
"Cote d'Ivoire",2011,131,,
"Cote d'Ivoire",2012,149,,
"Cote d'Ivoire",2013,163,,
"Cote d'Ivoire",2014,68,,
"Cote d'Ivoire",2015,125,,
"Cote d'Ivoire",2016,313,,
"Cote d'Ivoire",2017,76,,
"Cote d'Ivoire",2018,107,,
"Cote d'Ivoire",2019,76,,
"Cote d'Ivoire",2020,41,,
"Cote d'Ivoire",2021,95,,
"Cote d'Ivoire",2022,276,,
"Croatia",2005,1254,,
"Croatia",2006,2938,,
"Croatia",2007,5961,,
"Croatia",2008,5663,,
"Croatia",2009,2511,,
"Croatia",2010,3027,,
"Croatia",2011,3237,,
"Croatia",2012,3351,,
"Croatia",2013,3585,,
"Croatia",2014,5430,,
"Croatia",2015,5368,,
"Croatia",2016,5750,,
"Croatia",2017,5734,,
"Croatia",2018,7548,,
"Croatia",2019,10898,,
"Croatia",2020,8412,,
"Croatia",2021,13208,,
"Croatia",2022,17408,,
"Cuba",2005,43,,
"Cuba",2006,41,,
"Cuba",2016,72,,
"Cuba",2017,59,,
"Cuba",2018,81,,
"Cyprus",2005,378,,
"Cyprus",2006,221,,
"Cyprus",2007,615,,
"Cyprus",2008,793,,
"Cyprus",2009,508,,
"Cyprus",2010,850,,
"Cyprus",2011,2475,,
"Cyprus",2012,2004,,
"Cyprus",2013,1647,,
"Cyprus",2014,2348,,
"Cyprus",2015,1901,,
"Cyprus",2016,2559,,
"Cyprus",2017,1746,,
"Cyprus",2018,1999,,
"Cyprus",2019,1893,,
"Cyprus",2020,1592,,
"Cyprus",2021,2934,,
"Cyprus",2022,3916,,
"Czechia",2005,9870,,
"Czechia",2006,10422,,
"Czechia",2007,18794,,
"Czechia",2008,27661,,
"Czechia",2009,28738,,
"Czechia",2010,39850,,
"Czechia",2011,61505,,
"Czechia",2012,72143,,
"Czechia",2013,82978,,
"Czechia",2014,72441,,
"Czechia",2015,57088,,
"Czechia",2016,49428,,
"Czechia",2017,50937,,
"Czechia",2018,41982,,
"Czechia",2019,37968,,
"Czechia",2020,31421,,
"Czechia",2021,44472,,
"Czechia",2022,58794,,
"Denmark",2005,17911,,
"Denmark",2006,18475,,
"Denmark",2007,23740,,
"Denmark",2008,23666,,
"Denmark",2009,30065,,
"Denmark",2010,21715,,
"Denmark",2011,34676,,
"Denmark",2012,38477,,
"Denmark",2013,35165,,
"Denmark",2014,35703,,
"Denmark",2015,25503,,
"Denmark",2016,18051,,
"Denmark",2017,18318,,
"Denmark",2018,18078,,
"Denmark",2019,18493,,
"Denmark",2020,17410,,
"Denmark",2021,22611,,
"Denmark",2022,42649,,
"Dominica",2010,0,,
"Dominican Republic",2005,2262,,
"Dominican Republic",2006,4984,,
"Dominican Republic",2007,1971,,
"Dominican Republic",2008,2999,,
"Dominican Republic",2009,3996,,
"Dominican Republic",2010,7063,,
"Dominican Republic",2011,9658,,
"Dominican Republic",2012,9853,,
"Dominican Republic",2013,11931,,
"Dominican Republic",2014,16679,,
"Dominican Republic",2015,13428,,
"Dominican Republic",2016,10058,,
"Dominican Republic",2017,10084,,
"Dominican Republic",2018,9366,,
"Dominican Republic",2019,11868,,
"Dominican Republic",2020,6807,,
"Dominican Republic",2021,13018,,
"Dominican Republic",2022,16079,,
"Ecuador",2005,1203,,
"Ecuador",2006,2557,,
"Ecuador",2007,4419,,
"Ecuador",2008,5273,,
"Ecuador",2009,3719,,
"Ecuador",2010,6259,,
"Ecuador",2011,12686,,
"Ecuador",2012,17681,,
"Ecuador",2013,18768,,
"Ecuador",2014,21334,,
"Ecuador",2015,14868,,
"Ecuador",2016,7317,,
"Ecuador",2017,9545,,
"Ecuador",2018,3988,,
"Ecuador",2019,2233,,
"Ecuador",2020,2261,,
"Ecuador",2021,5848,,
"Ecuador",2022,4112,,
"Egypt",2005,5097,,
"Egypt",2006,6756,,
"Egypt",2007,7770,,
"Egypt",2008,5135,,
"Egypt",2009,9615,,
"Egypt",2010,14687,,
"Egypt",2011,17429,,
"Egypt",2012,10797,,
"Egypt",2013,6900,,
"Egypt",2014,960,,
"Egypt",2015,359,,
"Egypt",2016,1894,,
"Egypt",2017,1546,,
"Egypt",2018,634,,
"Egypt",2019,701,,
"Egypt",2020,852,,
"Egypt",2021,276,,
"Egypt",2022,655,,
"El Salvador",2005,983,,
"El Salvador",2006,2272,,
"El Salvador",2007,2126,,
"El Salvador",2008,4313,,
"El Salvador",2009,2887,,
"El Salvador",2010,5387,,
"El Salvador",2011,9488,,
"El Salvador",2012,10432,,
"El Salvador",2013,10944,,
"El Salvador",2014,8423,,
"El Salvador",2015,6294,,
"El Salvador",2016,4617,,
"El Salvador",2017,5349,,
"El Salvador",2018,6502,,
"El Salvador",2019,6185,,
"El Salvador",2020,4451,,
"El Salvador",2021,8016,,
"El Salvador",2022,10004,,
"Estonia",2005,2339,,
"Estonia",2006,3416,,
"Estonia",2007,5940,,
"Estonia",2008,7394,,
"Estonia",2009,4399,,
"Estonia",2010,5972,,
"Estonia",2011,7537,,
"Estonia",2012,9795,,
"Estonia",2013,8146,,
"Estonia",2014,9206,,
"Estonia",2015,6675,,
"Estonia",2016,5319,,
"Estonia",2017,4224,,
"Estonia",2018,5919,,
"Estonia",2019,7002,,
"Estonia",2020,6857,,
"Estonia",2021,8992,,
"Estonia",2022,12964,,
"Eswatini",2005,1206,,
"Eswatini",2006,1381,,
"Eswatini",2007,625,,
"Eswatini",2008,67,,
"Eswatini",2009,18,,
"Eswatini",2010,104,,
"Eswatini",2011,186,,
"Eswatini",2012,109,,
"Eswatini",2013,204,,
"Eswatini",2014,117,,
"Eswatini",2015,184,,
"Eswatini",2016,194,,
"Eswatini",2017,110,,
"Eswatini",2018,272,,
"Eswatini",2019,131,,
"Eswatini",2020,89,,
"Eswatini",2021,96,,
"Ethiopia",2006,31,,
"Ethiopia",2007,187,,
"Ethiopia",2008,16,,
"Ethiopia",2010,112,,
"Ethiopia",2011,255,,
"Ethiopia",2012,277,,
"Ethiopia",2013,336,,
"Ethiopia",2014,1231,,
"Ethiopia",2015,1616,,
"Ethiopia",2016,835,,
"Ethiopia",2017,1890,,
"Ethiopia",2018,1962,,
"Ethiopia",2019,2765,,
"Ethiopia",2020,2561,,
"Ethiopia",2021,3300,,
"Ethiopia",2022,4097,,
"Faroe Islands",2006,33,,
"Faroe Islands",2007,96,,
"Faroe Islands",2008,55,,
"Faroe Islands",2009,20,,
"Fiji",2005,73,,
"Fiji",2006,92,,
"Fiji",2007,48,,
"Fiji",2008,31,,
"Fiji",2009,24,,
"Fiji",2010,117,,
"Fiji",2011,152,,
"Fiji",2012,150,,
"Fiji",2013,152,,
"Fiji",2014,176,,
"Fiji",2015,78,,
"Fiji",2016,85,,
"Fiji",2017,47,,
"Fiji",2018,142,,
"Fiji",2019,160,,
"Fiji",2020,53,,
"Fiji",2021,108,,
"Fiji",2022,116,,
"Finland",2005,7536,,
"Finland",2006,8737,,
"Finland",2007,9736,,
"Finland",2008,10319,,
"Finland",2009,9181,,
"Finland",2010,11200,,
"Finland",2011,18295,,
"Finland",2012,14144,,
"Finland",2013,12819,,
"Finland",2014,12533,,
"Finland",2015,11156,,
"Finland",2016,9163,,
"Finland",2017,6946,,
"Finland",2018,5975,,
"Finland",2019,5919,,
"Finland",2020,5668,,
"Finland",2021,9418,,
"Finland",2022,14369,,
"France",2005,177644,,
"France",2006,195222,,
"France",2007,238790,,
"France",2008,244293,,
"France",2009,183395,,
"France",2010,254237,,
"France",2011,317696,,
"France",2012,294922,,
"France",2013,277607,,
"France",2014,276664,,
"France",2015,216242,,
"France",2016,182389,,
"France",2017,177084,,
"France",2018,176765,,
"France",2019,163566,,
"France",2020,116983,,
"France",2021,156500,,
"France",2022,195300,,
"French Polynesia",2005,167,,
"French Polynesia",2006,117,,
"French Polynesia",2007,131,,
"French Polynesia",2008,84,,
"French Polynesia",2009,75,,
"French Polynesia",2010,100,,
"French Polynesia",2011,104,,
"French Polynesia",2012,93,,
"French Polynesia",2013,80,,
"French Polynesia",2014,46,,
"French Polynesia",2015,79,,
"French Polynesia",2016,42,,
"French Polynesia",2017,41,,
"French Polynesia",2018,43,,
"French Polynesia",2019,38,,
"French Polynesia",2020,51,,
"French Polynesia",2021,49,,
"French Polynesia",2022,33,,
"Gabon",2007,3,,
"Gabon",2010,8,,
"Gabon",2011,7,,
"Gabon",2016,10,,
"Gabon",2017,18,,
"Gabon",2019,6,,
"Gabon",2020,105,,
"Gabon",2021,25,,
"Gambia",2012,5,,
"Gambia",2013,5,,
"Georgia",2007,0,,
"Georgia",2010,66,,
"Georgia",2011,148,,
"Georgia",2012,398,,
"Georgia",2013,726,,
"Georgia",2014,638,,
"Georgia",2015,279,,
"Georgia",2016,138,,
"Georgia",2017,239,,
"Georgia",2018,163,,
"Georgia",2019,306,,
"Georgia",2020,222,,
"Georgia",2021,2856,,
"Georgia",2022,189,,
"Germany",2005,272973,,
"Germany",2006,334013,,
"Germany",2007,397561,,
"Germany",2008,609448,,
"Germany",2009,509665,,
"Germany",2010,603619,,
"Germany",2011,728029,,
"Germany",2012,721681,,
"Germany",2013,706403,,
"Germany",2014,739507,,
"Germany",2015,553627,,
"Germany",2016,503911,,
"Germany",2017,451166,,
"Germany",2018,432846,,
"Germany",2019,395074,,
"Germany",2020,306603,,
"Germany",2021,369788,,
"Germany",2022,405659,,
"Ghana",2005,7,,
"Ghana",2006,6,,
"Ghana",2007,10,,
"Ghana",2008,48,,
"Ghana",2009,1,,
"Ghana",2010,121,,
"Ghana",2011,165,,
"Ghana",2012,131,,
"Ghana",2013,283,,
"Ghana",2014,1420,,
"Ghana",2015,157,,
"Ghana",2016,51,,
"Ghana",2017,198,,
"Ghana",2018,8,,
"Ghana",2019,422,,
"Greece",2005,2606,,
"Greece",2006,3343,,
"Greece",2007,5081,,
"Greece",2008,6670,,
"Greece",2009,7390,,
"Greece",2010,10755,,
"Greece",2011,14356,,
"Greece",2012,12867,,
"Greece",2013,10106,,
"Greece",2014,10847,,
"Greece",2015,11099,,
"Greece",2016,11574,,
"Greece",2017,14758,,
"Greece",2018,17015,,
"Greece",2019,14122,,
"Greece",2020,13825,,
"Greece",2021,46963,,
"Greece",2022,33760,,
"Greenland",2008,6,,
"Greenland",2013,11,,
"Greenland",2014,11,,
"Greenland",2015,11,,
"Greenland",2016,10,,
"Greenland",2017,11,,
"Greenland",2018,16,,
"Grenada",2010,0,,
"Grenada",2016,0,,
"Grenada",2020,5,,
"Grenada",2021,3,,
"Guatemala",2005,997,,
"Guatemala",2006,878,,
"Guatemala",2007,1348,,
"Guatemala",2008,1797,,
"Guatemala",2009,1471,,
"Guatemala",2010,3317,,
"Guatemala",2011,4975,,
"Guatemala",2012,5751,,
"Guatemala",2013,6124,,
"Guatemala",2014,5853,,
"Guatemala",2015,5275,,
"Guatemala",2016,4255,,
"Guatemala",2017,4305,,
"Guatemala",2018,2744,,
"Guatemala",2019,2104,,
"Guatemala",2020,1539,,
"Guatemala",2021,1976,,
"Guatemala",2022,2027,,
"Guinea",2008,1,,
"Guinea",2013,2,,
"Guyana",2007,0,,
"Guyana",2008,0,,
"Guyana",2010,295,,
"Guyana",2011,152,,
"Guyana",2012,40,,
"Guyana",2016,9,,
"Guyana",2017,11,,
"Guyana",2020,0,,
"Honduras",2005,774,,
"Honduras",2006,962,,
"Honduras",2007,1164,,
"Honduras",2009,1905,,
"Honduras",2010,1657,,
"Honduras",2011,1854,,
"Honduras",2012,10535,,
"Honduras",2014,10419,,
"Honduras",2015,367,,
"Honduras",2016,656,,
"Honduras",2017,2351,,
"Honduras",2018,2855,,
"Honduras",2019,194,,
"Honduras",2020,8012,,
"Honduras",2021,563,,
"Hungary",2005,1463,,
"Hungary",2006,2046,,
"Hungary",2007,2868,,
"Hungary",2008,6270,,
"Hungary",2009,4706,,
"Hungary",2010,6904,,
"Hungary",2011,13941,,
"Hungary",2012,12368,,
"Hungary",2013,8550,,
"Hungary",2014,7240,,
"Hungary",2015,6892,,
"Hungary",2016,6494,,
"Hungary",2017,10172,,
"Hungary",2018,11520,,
"Hungary",2019,9635,,
"Hungary",2020,7979,,
"Hungary",2021,16725,,
"Hungary",2022,20262,,
"Iceland",2005,537,,
"Iceland",2006,612,,
"Iceland",2007,780,,
"Iceland",2008,1141,,
"Iceland",2009,899,,
"Iceland",2010,1216,,
"Iceland",2011,1988,,
"Iceland",2012,1486,,
"Iceland",2013,1397,,
"Iceland",2014,1828,,
"Iceland",2015,1199,,
"Iceland",2016,1189,,
"Iceland",2017,1120,,
"Iceland",2018,2860,,
"Iceland",2019,1932,,
"Iceland",2020,1849,,
"Iceland",2021,1529,,
"Iceland",2022,3041,,
"India",2005,11328,,
"India",2006,20522,,
"India",2007,24577,,
"India",2008,26098,,
"India",2009,21238,,
"India",2010,33073,,
"India",2011,44650,,
"India",2012,35487,,
"India",2013,25149,,
"India",2014,15273,,
"India",2015,6668,,
"India",2016,5312,,
"India",2017,4571,,
"India",2018,6056,,
"India",2019,5419,,
"India",2020,4310,,
"India",2021,6940,,
"India",2022,12460,,
"Indonesia",2005,22439,,
"Indonesia",2006,26726,,
"Indonesia",2007,35965,,
"Indonesia",2008,32280,,
"Indonesia",2009,31662,,
"Indonesia",2010,84217,,
"Indonesia",2011,149130,,
"Indonesia",2012,164100,,
"Indonesia",2013,181235,,
"Indonesia",2014,142939,,
"Indonesia",2015,88264,,
"Indonesia",2016,98266,,
"Indonesia",2017,98810,,
"Indonesia",2018,52452,,
"Indonesia",2019,52529,,
"Indonesia",2020,30746,,
"Indonesia",2021,35605,,
"Indonesia",2022,30323,,
"Iran (Islamic Republic of)",2005,4051,,
"Iran (Islamic Republic of)",2006,4969,,
"Iran (Islamic Republic of)",2010,10300,,
"Iran (Islamic Republic of)",2011,7698,,
"Iran (Islamic Republic of)",2013,3158,,
"Iran (Islamic Republic of)",2014,4054,,
"Iran (Islamic Republic of)",2015,7107,,
"Iran (Islamic Republic of)",2016,6404,,
"Iran (Islamic Republic of)",2017,5465,,
"Iran (Islamic Republic of)",2018,15086,,
"Iran (Islamic Republic of)",2019,1721,,
"Iran (Islamic Republic of)",2020,475,,
"Iran (Islamic Republic of)",2021,369,,
"Iraq",2011,16754,,
"Iraq",2012,8330,,
"Iraq",2013,12765,,
"Iraq",2014,125,,
"Iraq",2015,35,,
"Iraq",2016,55,,
"Ireland",2005,5055,,
"Ireland",2006,6279,,
"Ireland",2007,9874,,
"Ireland",2008,16280,,
"Ireland",2009,14456,,
"Ireland",2010,17407,,
"Ireland",2011,15707,,
"Ireland",2012,15656,,
"Ireland",2013,17555,,
"Ireland",2014,24192,,
"Ireland",2015,30342,,
"Ireland",2016,15830,,
"Ireland",2017,13860,,
"Ireland",2018,14914,,
"Ireland",2019,17983,,
"Ireland",2020,17084,,
"Ireland",2021,21749,,
"Ireland",2022,30905,,
"Israel",2005,1675,,
"Israel",2006,2413,,
"Israel",2007,4100,,
"Israel",2008,6199,,
"Israel",2009,3456,,
"Israel",2010,5550,,
"Israel",2011,8882,,
"Israel",2012,5856,,
"Israel",2013,4900,,
"Israel",2014,6420,,
"Israel",2015,4634,,
"Israel",2016,5745,,
"Israel",2017,6913,,
"Israel",2018,6538,,
"Israel",2019,7887,,
"Israel",2020,8709,,
"Israel",2021,12344,,
"Israel",2022,20024,,
"Italy",2005,45833,,
"Italy",2006,53186,,
"Italy",2007,61451,,
"Italy",2008,71526,,
"Italy",2009,79963,,
"Italy",2010,109051,,
"Italy",2011,117022,,
"Italy",2012,93090,,
"Italy",2013,98685,,
"Italy",2014,84416,,
"Italy",2015,74682,,
"Italy",2016,63159,,
"Italy",2017,78743,,
"Italy",2018,79804,,
"Italy",2019,73932,,
"Italy",2020,62079,,
"Italy",2021,104464,,
"Italy",2022,146130,,
"Jamaica",2005,2,,
"Jamaica",2006,38,,
"Jamaica",2007,47,,
"Jamaica",2008,39,,
"Jamaica",2009,59,,
"Jamaica",2010,121,,
"Jamaica",2011,123,,
"Jamaica",2012,113,,
"Jamaica",2013,316,,
"Jamaica",2014,779,,
"Jamaica",2015,416,,
"Jamaica",2016,514,,
"Jamaica",2017,732,,
"Jamaica",2018,2093,,
"Jamaica",2019,6402,,
"Jamaica",2020,3888,,
"Jamaica",2021,4775,,
"Jamaica",2022,6799,,
"Japan",2005,411944,,
"Japan",2006,534345,,
"Japan",2007,682528,,
"Japan",2008,792039,,
"Japan",2009,644776,,
"Japan",2010,836509,,
"Japan",2011,966048,,
"Japan",2012,943888,,
"Japan",2013,826457,,
"Japan",2014,778334,,
"Japan",2015,642534,,
"Japan",2016,562987,,
"Japan",2017,546995,,
"Japan",2018,407096,,
"Japan",2019,367249,,
"Japan",2020,299308,,
"Japan",2021,302354,,
"Japan",2022,295036,,
"Jordan",2005,344,,
"Jordan",2006,659,,
"Jordan",2007,759,,
"Jordan",2008,1066,,
"Jordan",2009,957,,
"Jordan",2010,1268,,
"Jordan",2011,1063,,
"Jordan",2012,770,,
"Jordan",2013,596,,
"Jordan",2014,945,,
"Jordan",2015,653,,
"Jordan",2016,527,,
"Jordan",2017,1009,,
"Jordan",2018,639,,
"Jordan",2019,666,,
"Jordan",2020,196,,
"Jordan",2021,492,,
"Jordan",2022,677,,
"Kazakhstan",2005,620,,
"Kazakhstan",2006,342,,
"Kazakhstan",2007,203,,
"Kazakhstan",2008,486,,
"Kazakhstan",2009,675,,
"Kazakhstan",2010,642,,
"Kazakhstan",2011,4218,,
"Kazakhstan",2012,721,,
"Kazakhstan",2013,2984,,
"Kazakhstan",2014,1441,,
"Kazakhstan",2015,136,,
"Kazakhstan",2016,343,,
"Kazakhstan",2017,968,,
"Kazakhstan",2018,1064,,
"Kazakhstan",2019,2165,,
"Kazakhstan",2020,15472,,
"Kazakhstan",2021,1629,,
"Kazakhstan",2022,2770,,
"Kenya",2005,171,,
"Kenya",2006,441,,
"Kenya",2007,507,,
"Kenya",2008,1086,,
"Kenya",2009,743,,
"Kenya",2010,1163,,
"Kenya",2013,3506,,
"Kenya",2015,3547,,
"Kenya",2016,2007,,
"Kenya",2017,2875,,
"Kenya",2018,2365,,
"Kenya",2019,2538,,
"Kenya",2020,1381,,
"Kenya",2021,3743,,
"Kenya",2022,3987,,
"Kiribati",2005,2,,
"Kiribati",2007,4,,
"Kiribati",2008,8,,
"Kiribati",2009,0,,
"Kiribati",2012,1,,
"Kiribati",2017,1,,
"Korea, Republic of",2005,67717,,
"Korea, Republic of",2006,89846,,
"Korea, Republic of",2007,98520,,
"Korea, Republic of",2008,103660,,
"Korea, Republic of",2009,101539,,
"Korea, Republic of",2010,67923,,
"Korea, Republic of",2011,62511,,
"Korea, Republic of",2012,64041,,
"Korea, Republic of",2013,68807,,
"Korea, Republic of",2014,66316,,
"Korea, Republic of",2015,61161,,
"Korea, Republic of",2016,58288,,
"Korea, Republic of",2017,45434,,
"Korea, Republic of",2018,16403,,
"Korea, Republic of",2019,8644,,
"Korea, Republic of",2020,7358,,
"Korea, Republic of",2021,16576,,
"Korea, Republic of",2022,15115,,
"Kuwait",2006,1865,,
"Kuwait",2007,1153,,
"Kuwait",2008,1283,,
"Kuwait",2009,1955,,
"Kuwait",2010,2368,,
"Kuwait",2011,2867,,
"Kuwait",2013,5109,,
"Kuwait",2014,5502,,
"Kuwait",2015,3034,,
"Kuwait",2016,3159,,
"Kuwait",2017,1790,,
"Kuwait",2018,8456,,
"Kuwait",2019,6918,,
"Kuwait",2020,1954,,
"Kuwait",2022,10437,,
"Kyrgyzstan",2005,11,,
"Kyrgyzstan",2006,47,,
"Kyrgyzstan",2007,103,,
"Kyrgyzstan",2008,194,,
"Kyrgyzstan",2009,97,,
"Kyrgyzstan",2010,168,,
"Kyrgyzstan",2011,388,,
"Kyrgyzstan",2012,477,,
"Kyrgyzstan",2013,727,,
"Kyrgyzstan",2014,1473,,
"Kyrgyzstan",2015,1265,,
"Kyrgyzstan",2016,24,,
"Kyrgyzstan",2017,100,,
"Kyrgyzstan",2018,132,,
"Kyrgyzstan",2019,805,,
"Kyrgyzstan",2020,199,,
"Kyrgyzstan",2021,417,,
"Kyrgyzstan",2022,340,,
"Lao People's Dem. Rep.",2010,87,,
"Lao People's Dem. Rep.",2011,354,,
"Lao People's Dem. Rep.",2012,313,,
"Lao People's Dem. Rep.",2013,229,,
"Lao People's Dem. Rep.",2014,416,,
"Lao People's Dem. Rep.",2015,478,,
"Lao People's Dem. Rep.",2016,889,,
"Lao People's Dem. Rep.",2017,509,,
"Lao People's Dem. Rep.",2018,340,,
"Lao People's Dem. Rep.",2019,930,,
"Lao People's Dem. Rep.",2020,896,,
"Lao People's Dem. Rep.",2021,693,,
"Latvia",2005,1666,,
"Latvia",2006,2205,,
"Latvia",2007,2375,,
"Latvia",2008,1447,,
"Latvia",2009,1607,,
"Latvia",2010,2372,,
"Latvia",2011,4079,,
"Latvia",2012,3873,,
"Latvia",2013,3047,,
"Latvia",2014,5756,,
"Latvia",2015,4502,,
"Latvia",2016,5078,,
"Latvia",2017,5354,,
"Latvia",2018,4510,,
"Latvia",2019,4562,,
"Latvia",2020,4936,,
"Latvia",2021,5290,,
"Latvia",2022,9520,,
"Lebanon",2005,1443,,
"Lebanon",2006,1979,,
"Lebanon",2007,1207,,
"Lebanon",2008,840,,
"Lebanon",2009,1123,,
"Lebanon",2010,2557,,
"Lebanon",2011,3215,,
"Lebanon",2012,3708,,
"Lebanon",2013,3603,,
"Lebanon",2014,2828,,
"Lebanon",2015,1775,,
"Lebanon",2016,1825,,
"Lebanon",2017,3604,,
"Lebanon",2018,4472,,
"Lebanon",2019,5041,,
"Lebanon",2020,3325,,
"Lebanon",2021,6128,,
"Lebanon",2022,12444,,
"Lesotho",2005,16,,
"Lesotho",2006,13,,
"Lesotho",2007,21,,
"Lesotho",2008,7,,
"Lesotho",2009,5,,
"Lesotho",2010,1,,
"Lesotho",2011,5,,
"Lesotho",2012,4,,
"Lesotho",2013,2,,
"Lesotho",2014,1,,
"Lesotho",2015,1,,
"Lesotho",2016,8,,
"Lesotho",2017,3,,
"Lesotho",2018,34,,
"Lesotho",2019,1,,
"Lesotho",2020,0,,
"Lesotho",2021,4,,
"Lesotho",2022,14,,
"Libya",2007,167,,
"Libya",2008,423,,
"Libya",2010,1,,
"Libya",2016,1181,,
"Libya",2017,1181,,
"Libya",2018,556,,
"Libya",2019,598,,
"Lithuania",2005,3043,,
"Lithuania",2006,4909,,
"Lithuania",2007,7338,,
"Lithuania",2008,8105,,
"Lithuania",2009,4031,,
"Lithuania",2010,4452,,
"Lithuania",2011,5690,,
"Lithuania",2012,8158,,
"Lithuania",2013,9478,,
"Lithuania",2014,10435,,
"Lithuania",2015,9877,,
"Lithuania",2016,7956,,
"Lithuania",2017,9494,,
"Lithuania",2018,10867,,
"Lithuania",2019,8343,,
"Lithuania",2020,10641,,
"Lithuania",2021,16749,,
"Lithuania",2022,21706,,
"Luxembourg",2005,2899,,
"Luxembourg",2006,2788,,
"Luxembourg",2007,3090,,
"Luxembourg",2008,2780,,
"Luxembourg",2009,1763,,
"Luxembourg",2010,2224,,
"Luxembourg",2011,3723,,
"Luxembourg",2012,3242,,
"Luxembourg",2013,5280,,
"Luxembourg",2014,7085,,
"Luxembourg",2015,6245,,
"Luxembourg",2016,5684,,
"Luxembourg",2017,5305,,
"Luxembourg",2018,5059,,
"Luxembourg",2019,4345,,
"Luxembourg",2020,3260,,
"Luxembourg",2021,5331,,
"Luxembourg",2022,5616,,
"Madagascar",2005,8,,
"Madagascar",2006,59,,
"Madagascar",2007,41,,
"Madagascar",2008,213,,
"Madagascar",2009,64,,
"Madagascar",2010,115,,
"Madagascar",2011,111,,
"Madagascar",2012,67,,
"Madagascar",2013,37,,
"Madagascar",2014,39,,
"Madagascar",2015,55,,
"Madagascar",2016,37,,
"Madagascar",2017,45,,
"Madagascar",2018,44,,
"Madagascar",2019,28,,
"Madagascar",2021,0,,
"Madagascar",2022,1,,
"Malawi",2005,15,,
"Malawi",2006,119,,
"Malawi",2007,36,,
"Malawi",2008,7,,
"Malawi",2010,28,,
"Malawi",2011,18,,
"Malawi",2012,61,,
"Malawi",2013,97,,
"Malawi",2014,29,,
"Malawi",2015,70,,
"Malawi",2016,7,,
"Malawi",2017,48,,
"Malawi",2018,25,,
"Malawi",2019,37,,
"Malawi",2020,26,,
"Malawi",2021,27,,
"Malawi",2022,2,,
"Malaysia",2005,57281,,
"Malaysia",2006,51706,,
"Malaysia",2007,65845,,
"Malaysia",2008,61657,,
"Malaysia",2009,61736,,
"Malaysia",2010,80511,,
"Malaysia",2011,109445,,
"Malaysia",2012,133055,,
"Malaysia",2013,151192,,
"Malaysia",2014,149314,,
"Malaysia",2015,94784,,
"Malaysia",2016,84107,,
"Malaysia",2017,87196,,
"Malaysia",2018,27968,,
"Malaysia",2019,25844,,
"Malaysia",2020,11019,,
"Malaysia",2021,13795,,
"Malaysia",2022,15738,,
"Maldives",2005,8,,
"Maldives",2006,1,,
"Maldives",2007,3,,
"Maldives",2008,12,,
"Maldives",2010,6,,
"Maldives",2011,106,,
"Maldives",2012,63,,
"Maldives",2013,80,,
"Maldives",2014,117,,
"Maldives",2015,45,,
"Maldives",2016,81,,
"Maldives",2017,58,,
"Maldives",2018,49,,
"Maldives",2019,64,,
"Maldives",2021,82,,
"Maldives",2022,141,,
"Mali",2006,7,,
"Mali",2007,18,,
"Mali",2008,25,,
"Mali",2010,114,,
"Mali",2011,68,,
"Mali",2012,107,,
"Mali",2016,87,,
"Mali",2017,38,,
"Mali",2018,82,,
"Mali",2019,116,,
"Malta",2005,1937,,
"Malta",2006,2156,,
"Malta",2007,1695,,
"Malta",2008,1755,,
"Malta",2009,947,,
"Malta",2010,506,,
"Malta",2011,1574,,
"Malta",2012,2150,,
"Malta",2013,2656,,
"Malta",2014,2742,,
"Malta",2015,1630,,
"Malta",2016,2497,,
"Malta",2017,2570,,
"Malta",2018,1413,,
"Malta",2019,537,,
"Malta",2020,355,,
"Malta",2021,755,,
"Malta",2022,480,,
"Mauritania",2016,36,,
"Mauritania",2017,198,,
"Mauritania",2018,332,,
"Mauritania",2019,86,,
"Mauritania",2020,639,,
"Mauritania",2021,1022,,
"Mauritania",2022,1746,,
"Mauritius",2005,297,,
"Mauritius",2006,129,,
"Mauritius",2007,278,,
"Mauritius",2008,233,,
"Mauritius",2009,403,,
"Mauritius",2010,403,,
"Mauritius",2011,703,,
"Mauritius",2012,716,,
"Mauritius",2013,685,,
"Mauritius",2014,783,,
"Mauritius",2015,702,,
"Mauritius",2016,535,,
"Mauritius",2017,672,,
"Mauritius",2018,941,,
"Mauritius",2019,1106,,
"Mauritius",2020,892,,
"Mauritius",2021,892,,
"Mauritius",2022,1055,,
"Mexico",2005,210860,,
"Mexico",2006,258690,,
"Mexico",2007,310458,,
"Mexico",2008,310069,,
"Mexico",2009,194927,,
"Mexico",2010,218810,,
"Mexico",2011,268540,,
"Mexico",2012,306886,,
"Mexico",2013,298568,,
"Mexico",2014,298358,,
"Mexico",2015,205899,,
"Mexico",2016,176664,,
"Mexico",2017,159135,,
"Mexico",2018,147437,,
"Mexico",2019,122382,,
"Mexico",2020,97269,,
"Mexico",2021,128431,,
"Mexico",2022,116854,,
"Moldova, Republic of",2005,0,,
"Moldova, Republic of",2006,3,,
"Moldova, Republic of",2008,15,,
"Moldova, Republic of",2009,12,,
"Moldova, Republic of",2010,34,,
"Moldova, Republic of",2011,13,,
"Moldova, Republic of",2012,6,,
"Moldova, Republic of",2013,76,,
"Moldova, Republic of",2014,89,,
"Moldova, Republic of",2015,53,,
"Moldova, Republic of",2016,173,,
"Moldova, Republic of",2017,222,,
"Moldova, Republic of",2018,186,,
"Moldova, Republic of",2019,84,,
"Moldova, Republic of",2020,58,,
"Moldova, Republic of",2021,95,,
"Moldova, Republic of",2022,119,,
"Mongolia",2005,1071,,
"Mongolia",2006,1476,,
"Mongolia",2007,1237,,
"Mongolia",2013,1576,,
"Mongolia",2014,1460,,
"Mongolia",2015,1728,,
"Mongolia",2016,1327,,
"Mongolia",2017,1150,,
"Mongolia",2018,64,,
"Mongolia",2019,203,,
"Mongolia",2022,373,,
"Montenegro",2005,,,"Not applicable"
"Montenegro",2006,,,"Not applicable"
"Montenegro",2007,,,"Not applicable"
"Montenegro",2008,13,,
"Montenegro",2009,24,,
"Montenegro",2010,103,,
"Montenegro",2011,116,,
"Montenegro",2012,198,,
"Montenegro",2013,227,,
"Montenegro",2014,248,,
"Montenegro",2015,143,,
"Montenegro",2016,180,,
"Montenegro",2017,169,,
"Montenegro",2018,88,,
"Montenegro",2019,85,,
"Montenegro",2020,39,,
"Montenegro",2021,254,,
"Montenegro",2022,280,,
"Montserrat",2013,1,,
"Morocco",2005,5531,,
"Morocco",2006,5786,,
"Morocco",2007,8173,,
"Morocco",2008,7723,,
"Morocco",2009,5027,,
"Morocco",2010,6083,,
"Morocco",2011,14582,,
"Morocco",2012,9909,,
"Morocco",2013,11825,,
"Morocco",2014,15362,,
"Morocco",2015,12751,,
"Morocco",2016,9563,,
"Morocco",2017,7677,,
"Morocco",2018,6903,,
"Morocco",2019,4331,,
"Morocco",2020,5317,,
"Morocco",2021,15229,,
"Morocco",2022,21617,,
"Mozambique",2005,1,,
"Mozambique",2008,6,,
"Mozambique",2009,30,,
"Mozambique",2010,2,,
"Mozambique",2011,89,,
"Mozambique",2012,33,,
"Mozambique",2013,65,,
"Mozambique",2014,330,,
"Mozambique",2015,56,,
"Mozambique",2016,26,,
"Mozambique",2017,90,,
"Mozambique",2018,221,,
"Mozambique",2019,528,,
"Mozambique",2020,439,,
"Mozambique",2021,605,,
"Mozambique",2022,1080,,
"Myanmar",2011,13332,,
"Myanmar",2013,1557,,
"Myanmar",2014,19,,
"Myanmar",2015,58,,
"Myanmar",2016,855,,
"Myanmar",2017,12703,,
"Myanmar",2018,11084,,
"Myanmar",2019,1976,,
"Myanmar",2020,2301,,
"Myanmar",2021,618,,
"Myanmar",2022,1229,,
"Namibia",2005,325,,
"Namibia",2006,294,,
"Namibia",2007,467,,
"Namibia",2008,330,,
"Namibia",2009,427,,
"Namibia",2010,551,,
"Namibia",2011,676,,
"Namibia",2012,638,,
"Namibia",2013,617,,
"Namibia",2014,602,,
"Namibia",2015,603,,
"Namibia",2016,390,,
"Namibia",2017,454,,
"Namibia",2018,748,,
"Namibia",2019,740,,
"Namibia",2020,441,,
"Namibia",2021,752,,
"Namibia",2022,1031,,
"Nepal",2009,75,,
"Nepal",2010,118,,
"Nepal",2011,108,,
"Nepal",2012,61,,
"Nepal",2013,113,,
"Nepal",2014,114,,
"Nepal",2015,84,,
"Nepal",2016,191,,
"Nepal",2017,23,,
"Nepal",2018,104,,
"Nepal",2019,25,,
"Nepal",2020,0,,
"Nepal",2022,3,,
"Netherlands (Kingdom of the)",2005,152415,,
"Netherlands (Kingdom of the)",2006,200699,,
"Netherlands (Kingdom of the)",2007,202555,,
"Netherlands (Kingdom of the)",2008,204772,,
"Netherlands (Kingdom of the)",2009,148433,,
"Netherlands (Kingdom of the)",2010,176410,,
"Netherlands (Kingdom of the)",2011,229759,,
"Netherlands (Kingdom of the)",2012,241505,,
"Netherlands (Kingdom of the)",2013,279767,,
"Netherlands (Kingdom of the)",2014,255492,,
"Netherlands (Kingdom of the)",2015,217830,,
"Netherlands (Kingdom of the)",2016,197939,,
"Netherlands (Kingdom of the)",2017,178045,,
"Netherlands (Kingdom of the)",2018,165828,,
"Netherlands (Kingdom of the)",2019,160162,,
"Netherlands (Kingdom of the)",2020,154273,,
"Netherlands (Kingdom of the)",2021,287242,,
"Netherlands (Kingdom of the)",2022,354088,,
"Netherlands Antilles",2006,2,,
"Netherlands Antilles",2011,,,"Not applicable"
"Netherlands Antilles",2012,,,"Not applicable"
"Netherlands Antilles",2013,,,"Not applicable"
"Netherlands Antilles",2014,,,"Not applicable"
"Netherlands Antilles",2015,,,"Not applicable"
"Netherlands Antilles",2016,,,"Not applicable"
"Netherlands Antilles",2017,,,"Not applicable"
"Netherlands Antilles",2018,,,"Not applicable"
"Netherlands Antilles",2019,,,"Not applicable"
"Netherlands Antilles",2020,,,"Not applicable"
"Netherlands Antilles",2021,,,"Not applicable"
"Netherlands Antilles",2022,,,"Not applicable"
"New Caledonia",2007,3,,
"New Caledonia",2009,20,,
"New Caledonia",2010,18,,
"New Caledonia",2011,26,,
"New Caledonia",2012,27,,
"New Caledonia",2013,37,,
"New Caledonia",2014,19,,
"New Caledonia",2015,5,,
"New Zealand",2005,7212,,
"New Zealand",2006,10023,,
"New Zealand",2007,12451,,
"New Zealand",2008,13716,,
"New Zealand",2009,10923,,
"New Zealand",2010,15003,,
"New Zealand",2011,25705,,
"New Zealand",2012,17079,,
"New Zealand",2013,14178,,
"New Zealand",2014,17824,,
"New Zealand",2015,14260,,
"New Zealand",2016,12748,,
"New Zealand",2017,9354,,
"New Zealand",2018,6021,,
"New Zealand",2019,5147,,
"New Zealand",2020,3596,,
"New Zealand",2021,8826,,
"New Zealand",2022,5797,,
"Nicaragua",2005,439,,
"Nicaragua",2006,1030,,
"Nicaragua",2007,2187,,
"Nicaragua",2008,3079,,
"Nicaragua",2009,1531,,
"Nicaragua",2010,1929,,
"Nicaragua",2011,2755,,
"Nicaragua",2012,4957,,
"Nicaragua",2013,5659,,
"Nicaragua",2014,5920,,
"Nicaragua",2015,4693,,
"Nicaragua",2016,3776,,
"Nicaragua",2017,4287,,
"Nicaragua",2018,5881,,
"Nicaragua",2019,5646,,
"Nicaragua",2020,5720,,
"Nicaragua",2021,8184,,
"Nicaragua",2022,9202,,
"Niger",2005,3,,
"Niger",2006,3,,
"Niger",2007,6,,
"Niger",2008,19,,
"Niger",2009,2,,
"Niger",2010,2,,
"Niger",2011,1,,
"Niger",2012,2,,
"Niger",2015,1,,
"Niger",2016,3,,
"Niger",2018,1,,
"Niger",2021,6,,
"Niger",2022,1,,
"Nigeria",2009,241,,
"Nigeria",2010,114,,
"Nigeria",2011,47,,
"Nigeria",2013,5673,,
"Nigeria",2014,509,,
"Nigeria",2015,671,,
"Nigeria",2016,87,,
"Nigeria",2017,117,,
"Nigeria",2018,911,,
"Nigeria",2019,594,,
"Nigeria",2020,581,,
"Nigeria",2021,5567,,
"Nigeria",2022,11097,,
"North Macedonia",2005,203,,
"North Macedonia",2006,641,,
"North Macedonia",2007,1430,,
"North Macedonia",2008,1252,,
"North Macedonia",2009,839,,
"North Macedonia",2010,510,,
"North Macedonia",2011,1680,,
"North Macedonia",2012,3542,,
"North Macedonia",2013,3690,,
"North Macedonia",2014,3561,,
"North Macedonia",2015,2734,,
"North Macedonia",2016,2818,,
"North Macedonia",2017,2580,,
"North Macedonia",2018,2918,,
"North Macedonia",2019,4001,,
"North Macedonia",2020,1591,,
"North Macedonia",2021,1404,,
"North Macedonia",2022,3247,,
"Norway",2005,7441,,
"Norway",2006,8412,,
"Norway",2007,12133,,
"Norway",2008,11417,,
"Norway",2009,8069,,
"Norway",2010,11903,,
"Norway",2011,17621,,
"Norway",2012,20151,,
"Norway",2013,25856,,
"Norway",2014,25879,,
"Norway",2015,18786,,
"Norway",2016,17703,,
"Norway",2017,18503,,
"Norway",2018,19598,,
"Norway",2019,19138,,
"Norway",2020,16371,,
"Norway",2021,24147,,
"Norway",2022,29502,,
"Oman",2005,194,,
"Oman",2006,24,,
"Oman",2007,984,,
"Oman",2008,1083,,
"Oman",2009,934,,
"Oman",2010,1563,,
"Oman",2011,996,,
"Oman",2012,820,,
"Oman",2013,908,,
"Oman",2014,1123,,
"Oman",2015,1501,,
"Oman",2016,1336,,
"Oman",2017,3018,,
"Oman",2018,976,,
"Oman",2019,640,,
"Oman",2020,262,,
"Oman",2021,479,,
"Oman",2022,38,,
"Pakistan",2005,2304,,
"Pakistan",2006,3012,,
"Pakistan",2007,12306,,
"Pakistan",2008,13740,,
"Pakistan",2009,13839,,
"Pakistan",2010,22247,,
"Pakistan",2011,44355,,
"Pakistan",2012,28524,,
"Pakistan",2013,34095,,
"Pakistan",2014,29824,,
"Pakistan",2015,23584,,
"Pakistan",2016,23915,,
"Pakistan",2017,23276,,
"Pakistan",2018,11770,,
"Pakistan",2019,4461,,
"Pakistan",2020,3668,,
"Pakistan",2021,4510,,
"Pakistan",2022,4690,,
"Palau",2012,8,,
"Palau",2014,8,,
"Palau",2015,4,,
"Palau",2016,2,,
"Palau",2017,3,,
"Palau",2018,3,,
"Panama",2005,680,,
"Panama",2006,1097,,
"Panama",2007,1348,,
"Panama",2008,816,,
"Panama",2009,666,,
"Panama",2010,845,,
"Panama",2011,1031,,
"Panama",2012,996,,
"Panama",2013,1045,,
"Panama",2014,1148,,
"Panama",2015,1075,,
"Panama",2016,1232,,
"Panama",2017,1367,,
"Panama",2018,1674,,
"Panama",2019,744,,
"Panama",2020,1105,,
"Panama",2021,1840,,
"Panama",2022,1468,,
"Papua New Guinea",2011,10,,
"Papua New Guinea",2012,23,,
"Papua New Guinea",2021,0,,
"Paraguay",2005,2076,,
"Paraguay",2006,3313,,
"Paraguay",2007,4764,,
"Paraguay",2008,4434,,
"Paraguay",2009,1059,,
"Paraguay",2010,572,,
"Paraguay",2011,383,,
"Paraguay",2012,365,,
"Paraguay",2013,332,,
"Paraguay",2014,43,,
"Paraguay",2015,403,,
"Paraguay",2016,347,,
"Paraguay",2017,885,,
"Paraguay",2018,1360,,
"Paraguay",2019,262,,
"Paraguay",2020,188,,
"Paraguay",2021,111,,
"Paraguay",2022,96,,
"Peru",2005,114,,
"Peru",2006,90,,
"Peru",2007,103,,
"Peru",2008,97,,
"Peru",2009,268,,
"Peru",2010,650,,
"Peru",2011,784,,
"Peru",2012,482,,
"Peru",2013,536,,
"Peru",2014,986,,
"Peru",2015,1549,,
"Peru",2016,1842,,
"Peru",2017,1624,,
"Peru",2018,504,,
"Peru",2019,417,,
"Peru",2020,114,,
"Peru",2021,728,,
"Peru",2022,308,,
"Philippines",2005,24307,,
"Philippines",2006,33335,,
"Philippines",2007,40388,,
"Philippines",2008,51805,,
"Philippines",2009,25852,,
"Philippines",2010,59471,,
"Philippines",2011,84676,,
"Philippines",2012,63185,,
"Philippines",2013,30025,,
"Philippines",2014,74157,,
"Philippines",2015,55666,,
"Philippines",2016,60707,,
"Philippines",2017,35325,,
"Philippines",2018,39683,,
"Philippines",2019,94834,,
"Philippines",2020,48810,,
"Philippines",2021,84662,,
"Philippines",2022,77597,,
"Poland",2005,23250,,
"Poland",2006,32692,,
"Poland",2007,39194,,
"Poland",2008,49313,,
"Poland",2009,45154,,
"Poland",2010,57342,,
"Poland",2011,67552,,
"Poland",2012,62034,,
"Poland",2013,70094,,
"Poland",2014,82323,,
"Poland",2015,83576,,
"Poland",2016,81209,,
"Poland",2017,69616,,
"Poland",2018,76710,,
"Poland",2019,76029,,
"Poland",2020,62037,,
"Poland",2021,86586,,
"Poland",2022,119157,,
"Portugal",2005,5767,,
"Portugal",2006,13142,,
"Portugal",2007,12519,,
"Portugal",2008,18765,,
"Portugal",2009,17592,,
"Portugal",2010,23855,,
"Portugal",2011,28125,,
"Portugal",2012,31665,,
"Portugal",2013,32543,,
"Portugal",2014,34776,,
"Portugal",2015,28313,,
"Portugal",2016,28179,,
"Portugal",2017,22413,,
"Portugal",2018,24857,,
"Portugal",2019,24508,,
"Portugal",2020,23569,,
"Portugal",2021,46445,,
"Portugal",2022,57046,,
"Qatar",2005,307,,
"Qatar",2006,132,,
"Qatar",2007,304,,
"Qatar",2009,355,,
"Romania",2005,10702,,
"Romania",2006,9710,,
"Romania",2007,8204,,
"Romania",2008,10493,,
"Romania",2009,10718,,
"Romania",2010,13081,,
"Romania",2011,13882,,
"Romania",2012,17291,,
"Romania",2013,16240,,
"Romania",2014,18137,,
"Romania",2015,12899,,
"Romania",2016,10967,,
"Romania",2017,14229,,
"Romania",2018,16143,,
"Romania",2019,15878,,
"Romania",2020,13419,,
"Romania",2021,21924,,
"Romania",2022,23823,,
"Russian Federation",2005,2779,,
"Russian Federation",2006,3800,,
"Russian Federation",2007,5637,,
"Russian Federation",2008,8763,,
"Russian Federation",2009,7949,,
"Russian Federation",2010,7309,,
"Russian Federation",2011,11179,,
"Russian Federation",2012,9708,,
"Russian Federation",2013,5599,,
"Russian Federation",2014,5301,,
"Russian Federation",2015,4049,,
"Russian Federation",2016,4399,,
"Russian Federation",2017,6885,,
"Russian Federation",2018,7520,,
"Russian Federation",2019,6671,,
"Russian Federation",2020,5680,,
"Russian Federation",2021,9128,,
"Rwanda",2008,0,,
"Rwanda",2009,2,,
"Rwanda",2011,0,,
"Rwanda",2012,12,,
"Rwanda",2013,82,,
"Rwanda",2014,115,,
"Rwanda",2015,76,,
"Rwanda",2016,91,,
"Rwanda",2017,76,,
"Rwanda",2018,10,,
"Rwanda",2019,22,,
"Rwanda",2020,101,,
"Rwanda",2021,106,,
"Rwanda",2022,145,,
"Saint Kitts and Nevis",2009,5,,
"Saint Lucia",2005,7,,
"Saint Lucia",2006,7,,
"Saint Lucia",2007,7,,
"Saint Lucia",2009,14,,
"Saint Lucia",2011,28,,
"Saint Lucia",2012,9,,
"Saint Lucia",2013,16,,
"Saint Lucia",2014,24,,
"Saint Lucia",2015,23,,
"Saint Lucia",2016,14,,
"Saint Lucia",2017,4,,
"Saint Lucia",2018,6,,
"Saint Lucia",2020,5,,
"Saint Vincent and the Grenadines",2007,0,,
"Saint Vincent and the Grenadines",2010,1,,
"Saint Vincent and the Grenadines",2011,0,,
"Saint Vincent and the Grenadines",2012,0,,
"Saint Vincent and the Grenadines",2013,13,,
"Saint Vincent and the Grenadines",2014,44,,
"Saint Vincent and the Grenadines",2015,10,,
"Saint Vincent and the Grenadines",2016,67,,
"Saint Vincent and the Grenadines",2017,60,,
"Saint Vincent and the Grenadines",2018,44,,
"Saint Vincent and the Grenadines",2019,49,,
"Saint Vincent and the Grenadines",2020,29,,
"Saint Vincent and the Grenadines",2021,45,,
"Samoa",2005,1,,
"Samoa",2009,6,,
"Samoa",2010,5,,
"Samoa",2011,2,,
"Samoa",2013,3,,
"Samoa",2018,0,,
"Samoa",2019,0,,
"Sao Tome and Principe",2018,0,,
"Saudi Arabia",2005,10879,,
"Saudi Arabia",2006,9301,,
"Saudi Arabia",2007,7956,,
"Saudi Arabia",2008,23578,,
"Saudi Arabia",2009,28432,,
"Saudi Arabia",2010,30910,,
"Saudi Arabia",2011,38503,,
"Saudi Arabia",2012,48670,,
"Saudi Arabia",2013,53617,,
"Saudi Arabia",2014,25909,,
"Saudi Arabia",2015,23299,,
"Saudi Arabia",2016,20613,,
"Saudi Arabia",2017,18064,,
"Saudi Arabia",2018,16395,,
"Saudi Arabia",2019,14125,,
"Saudi Arabia",2020,13713,,
"Saudi Arabia",2021,21360,,
"Senegal",2006,7,,
"Senegal",2007,14,,
"Senegal",2008,53,,
"Senegal",2009,17,,
"Senegal",2010,86,,
"Senegal",2011,299,,
"Senegal",2012,241,,
"Senegal",2013,290,,
"Senegal",2014,928,,
"Senegal",2015,739,,
"Senegal",2016,469,,
"Senegal",2017,745,,
"Senegal",2018,595,,
"Senegal",2019,543,,
"Senegal",2020,1369,,
"Senegal",2021,1466,,
"Senegal",2022,922,,
"Serbia",2005,,,"Not applicable"
"Serbia",2006,,,"Not applicable"
"Serbia",2007,,,"Not applicable"
"Serbia",2008,1128,,
"Serbia",2009,933,,
"Serbia",2010,2549,,
"Serbia",2011,4666,,
"Serbia",2012,9367,,
"Serbia",2013,10337,,
"Serbia",2014,9079,,
"Serbia",2015,4047,,
"Serbia",2016,5455,,
"Serbia",2017,3614,,
"Serbia",2018,4563,,
"Serbia",2019,3796,,
"Serbia",2020,3511,,
"Serbia",2021,2535,,
"Serbia",2022,1956,,
"Serbia and Montenegro",2006,1494,,
"Serbia and Montenegro",2007,1351,,
"Serbia and Montenegro",2008,,,"Not applicable"
"Serbia and Montenegro",2009,,,"Not applicable"
"Serbia and Montenegro",2010,,,"Not applicable"
"Serbia and Montenegro",2011,,,"Not applicable"
"Serbia and Montenegro",2012,,,"Not applicable"
"Serbia and Montenegro",2013,,,"Not applicable"
"Serbia and Montenegro",2014,,,"Not applicable"
"Serbia and Montenegro",2015,,,"Not applicable"
"Serbia and Montenegro",2016,,,"Not applicable"
"Serbia and Montenegro",2017,,,"Not applicable"
"Serbia and Montenegro",2018,,,"Not applicable"
"Serbia and Montenegro",2019,,,"Not applicable"
"Serbia and Montenegro",2020,,,"Not applicable"
"Serbia and Montenegro",2021,,,"Not applicable"
"Serbia and Montenegro",2022,,,"Not applicable"
"Sierra Leone",2014,0,,
"Sierra Leone",2017,19,,
"Singapore",2005,19260,,
"Singapore",2006,23893,,
"Singapore",2007,35753,,
"Singapore",2008,37459,,
"Singapore",2009,26076,,
"Singapore",2010,45269,,
"Singapore",2011,39766,,
"Singapore",2012,37910,,
"Singapore",2013,51148,,
"Singapore",2014,62010,,
"Singapore",2015,35208,,
"Singapore",2016,27811,,
"Singapore",2017,22712,,
"Singapore",2018,19090,,
"Singapore",2019,13152,,
"Singapore",2020,11828,,
"Singapore",2021,12144,,
"Singapore",2022,13930,,
"Slovakia",2005,4257,,
"Slovakia",2006,9203,,
"Slovakia",2007,52423,,
"Slovakia",2008,10502,,
"Slovakia",2009,13716,,
"Slovakia",2010,13675,,
"Slovakia",2011,19606,,
"Slovakia",2012,20869,,
"Slovakia",2013,30703,,
"Slovakia",2014,32193,,
"Slovakia",2015,31479,,
"Slovakia",2016,28246,,
"Slovakia",2017,27352,,
"Slovakia",2018,23804,,
"Slovakia",2019,27239,,
"Slovakia",2020,17286,,
"Slovakia",2021,23932,,
"Slovakia",2022,20028,,
"Slovenia",2005,3601,,
"Slovenia",2006,7563,,
"Slovenia",2007,8424,,
"Slovenia",2008,12914,,
"Slovenia",2009,13400,,
"Slovenia",2010,16733,,
"Slovenia",2011,21483,,
"Slovenia",2012,34582,,
"Slovenia",2013,34636,,
"Slovenia",2014,49685,,
"Slovenia",2015,44035,,
"Slovenia",2016,39938,,
"Slovenia",2017,38959,,
"Slovenia",2018,39561,,
"Slovenia",2019,36976,,
"Slovenia",2020,34381,,
"Slovenia",2021,43104,,
"Slovenia",2022,51210,,
"South Africa",2005,5126,,
"South Africa",2006,3492,,
"South Africa",2007,3616,,
"South Africa",2008,3798,,
"South Africa",2009,3700,,
"South Africa",2010,4091,,
"South Africa",2011,8087,,
"South Africa",2012,8238,,
"South Africa",2013,7827,,
"South Africa",2014,10097,,
"South Africa",2015,5752,,
"South Africa",2016,6233,,
"South Africa",2017,7756,,
"South Africa",2018,5128,,
"South Africa",2019,1338,,
"South Africa",2020,1432,,
"South Africa",2021,21277,,
"South Africa",2022,2294,,
"Spain",2005,45238,,
"Spain",2006,48699,,
"Spain",2007,61312,,
"Spain",2008,76101,,
"Spain",2009,67011,,
"Spain",2010,94120,,
"Spain",2011,96331,,
"Spain",2012,110355,,
"Spain",2013,105560,,
"Spain",2014,143490,,
"Spain",2015,125698,,
"Spain",2016,115505,,
"Spain",2017,110795,,
"Spain",2018,61489,,
"Spain",2019,44651,,
"Spain",2020,38926,,
"Spain",2021,62345,,
"Spain",2022,90776,,
"Sri Lanka",2005,109,,
"Sri Lanka",2006,153,,
"Sri Lanka",2007,212,,
"Sri Lanka",2008,520,,
"Sri Lanka",2009,450,,
"Sri Lanka",2010,651,,
"Sri Lanka",2011,817,,
"Sri Lanka",2012,1336,,
"Sri Lanka",2013,1490,,
"Sri Lanka",2014,1491,,
"Sri Lanka",2015,796,,
"Sri Lanka",2016,864,,
"Sri Lanka",2017,739,,
"Sri Lanka",2019,731,,
"Sri Lanka",2020,357,,
"Sri Lanka",2021,254,,
"Sri Lanka",2022,409,,
"State of Palestine",2015,8,,
"State of Palestine",2016,17,,
"State of Palestine",2019,14,,
"Sudan",2005,,,"Not applicable"
"Sudan",2006,,,"Not applicable"
"Sudan",2007,,,"Not applicable"
"Sudan",2008,,,"Not applicable"
"Sudan",2009,,,"Not applicable"
"Sudan",2010,,,"Not applicable"
"Sudan",2011,,,"Not applicable"
"Sudan",2012,1024,,
"Sudan",2013,1555,,
"Sudan",2014,2970,,
"Sudan",2015,2866,,
"Sudan",2016,2417,,
"Sudan",2017,3557,,
"Sudan",2018,3580,,
"Sudan (...2011)",2009,12,,
"Sudan (...2011)",2010,9,,
"Sudan (...2011)",2011,15,,
"Sudan (...2011)",2012,,,"Not applicable"
"Sudan (...2011)",2013,,,"Not applicable"
"Sudan (...2011)",2014,,,"Not applicable"
"Sudan (...2011)",2015,,,"Not applicable"
"Sudan (...2011)",2016,,,"Not applicable"
"Sudan (...2011)",2017,,,"Not applicable"
"Sudan (...2011)",2018,,,"Not applicable"
"Sudan (...2011)",2019,,,"Not applicable"
"Sudan (...2011)",2020,,,"Not applicable"
"Sudan (...2011)",2021,,,"Not applicable"
"Sudan (...2011)",2022,,,"Not applicable"
"Suriname",2009,5,,
"Suriname",2010,64,,
"Suriname",2011,61,,
"Suriname",2012,120,,
"Suriname",2013,102,,
"Suriname",2014,200,,
"Suriname",2017,326,,
"Suriname",2021,204,,
"Suriname",2022,215,,
"Sweden",2005,13992,,
"Sweden",2006,25207,,
"Sweden",2007,38256,,
"Sweden",2008,43008,,
"Sweden",2009,34445,,
"Sweden",2010,35105,,
"Sweden",2011,52678,,
"Sweden",2012,51097,,
"Sweden",2013,52104,,
"Sweden",2014,33933,,
"Sweden",2015,24053,,
"Sweden",2016,22036,,
"Sweden",2017,20597,,
"Sweden",2018,16945,,
"Sweden",2019,17077,,
"Sweden",2020,19732,,
"Sweden",2021,34821,,
"Sweden",2022,41668,,
"Switzerland, Liechtenstein",2005,19592,,
"Switzerland, Liechtenstein",2006,28078,,
"Switzerland, Liechtenstein",2007,30115,,
"Switzerland, Liechtenstein",2008,29262,,
"Switzerland, Liechtenstein",2009,20948,,
"Switzerland, Liechtenstein",2010,30175,,
"Switzerland, Liechtenstein",2011,37615,,
"Switzerland, Liechtenstein",2012,33584,,
"Switzerland, Liechtenstein",2013,34710,,
"Switzerland, Liechtenstein",2014,33957,,
"Switzerland, Liechtenstein",2015,28217,,
"Switzerland, Liechtenstein",2016,23689,,
"Switzerland, Liechtenstein",2017,22046,,
"Switzerland, Liechtenstein",2018,19754,,
"Switzerland, Liechtenstein",2019,17779,,
"Switzerland, Liechtenstein",2020,13480,,
"Switzerland, Liechtenstein",2021,17987,,
"Switzerland, Liechtenstein",2022,22403,,
"Syrian Arab Republic",2005,310,,
"Syrian Arab Republic",2006,497,,
"Syrian Arab Republic",2007,731,,
"Syrian Arab Republic",2008,1763,,
"Syrian Arab Republic",2009,4944,,
"Syrian Arab Republic",2010,5159,,
"Tajikistan",2016,272,,
"Tajikistan",2017,190,,
"Tajikistan",2018,328,,
"Tajikistan",2019,289,,
"Tajikistan",2020,354,,
"Tajikistan",2021,576,,
"Tajikistan",2022,704,,
"Tanzania, United Republic of",2005,436,,
"Tanzania, United Republic of",2006,522,,
"Tanzania, United Republic of",2007,587,,
"Tanzania, United Republic of",2008,899,,
"Tanzania, United Republic of",2009,4387,,
"Tanzania, United Republic of",2010,15489,,
"Tanzania, United Republic of",2011,4100,,
"Tanzania, United Republic of",2012,5501,,
"Tanzania, United Republic of",2013,4912,,
"Tanzania, United Republic of",2014,6923,,
"Tanzania, United Republic of",2015,7797,,
"Tanzania, United Republic of",2016,5472,,
"Tanzania, United Republic of",2017,3076,,
"Tanzania, United Republic of",2018,290,,
"Tanzania, United Republic of",2019,5862,,
"Tanzania, United Republic of",2020,5301,,
"Tanzania, United Republic of",2021,6568,,
"Tanzania, United Republic of",2022,10301,,
"Thailand",2005,60610,,
"Thailand",2006,70844,,
"Thailand",2007,102167,,
"Thailand",2008,89381,,
"Thailand",2009,85759,,
"Thailand",2010,136269,,
"Thailand",2011,203200,,
"Thailand",2012,221559,,
"Thailand",2013,269244,,
"Thailand",2014,256801,,
"Thailand",2015,168586,,
"Thailand",2016,169934,,
"Thailand",2017,176220,,
"Thailand",2018,124786,,
"Thailand",2019,110315,,
"Thailand",2020,61089,,
"Thailand",2021,52229,,
"Thailand",2022,67982,,
"Timor-Leste",2005,5,,
"Timor-Leste",2020,0,,
"Timor-Leste",2021,1,,
"Timor-Leste",2022,0,,
"Togo",2005,329,,
"Togo",2007,70,,
"Togo",2008,603,,
"Togo",2009,183,,
"Togo",2010,494,,
"Togo",2011,549,,
"Togo",2012,97,,
"Togo",2013,67,,
"Togo",2014,17,,
"Togo",2015,52,,
"Togo",2016,64,,
"Togo",2017,61,,
"Togo",2018,1,,
"Togo",2019,52,,
"Togo",2020,111,,
"Togo",2021,133,,
"Togo",2022,131,,
"Trinidad and Tobago",2005,153,,
"Trinidad and Tobago",2006,162,,
"Trinidad and Tobago",2007,172,,
"Trinidad and Tobago",2008,130,,
"Trinidad and Tobago",2009,746,,
"Trinidad and Tobago",2010,467,,
"Trinidad and Tobago",2011,739,,
"Trinidad and Tobago",2012,1041,,
"Trinidad and Tobago",2013,642,,
"Trinidad and Tobago",2014,582,,
"Trinidad and Tobago",2015,479,,
"Trinidad and Tobago",2016,485,,
"Trinidad and Tobago",2017,434,,
"Trinidad and Tobago",2018,237,,
"Trinidad and Tobago",2019,235,,
"Trinidad and Tobago",2020,97,,
"Trinidad and Tobago",2021,110,,
"Trinidad and Tobago",2022,6,,
"Tunisia",2005,1448,,
"Tunisia",2006,2674,,
"Tunisia",2007,5641,,
"Tunisia",2008,4927,,
"Tunisia",2009,4555,,
"Tunisia",2010,6342,,
"Tunisia",2011,9036,,
"Tunisia",2012,10557,,
"Tunisia",2013,18660,,
"Tunisia",2014,28054,,
"Tunisia",2015,16035,,
"Tunisia",2016,14234,,
"Tunisia",2017,17881,,
"Tunisia",2018,16387,,
"Tunisia",2019,14198,,
"Tunisia",2020,10732,,
"Tunisia",2021,20866,,
"Tunisia",2022,28949,,
"Turkiye",2005,8832,,
"Turkiye",2006,11758,,
"Turkiye",2007,11457,,
"Turkiye",2008,18851,,
"Turkiye",2009,12946,,
"Turkiye",2010,24547,,
"Turkiye",2011,42272,,
"Turkiye",2012,32888,,
"Turkiye",2013,34534,,
"Turkiye",2014,30338,,
"Turkiye",2015,27569,,
"Turkiye",2016,24487,,
"Turkiye",2017,25069,,
"Turkiye",2018,27440,,
"Turkiye",2019,20546,,
"Turkiye",2020,19337,,
"Turkiye",2021,25834,,
"Turkiye",2022,31055,,
"Uganda",2005,1,,
"Uganda",2006,0,,
"Uganda",2007,140,,
"Uganda",2008,391,,
"Uganda",2009,909,,
"Uganda",2010,934,,
"Uganda",2011,928,,
"Uganda",2012,1620,,
"Uganda",2013,2107,,
"Uganda",2014,3619,,
"Uganda",2015,2159,,
"Uganda",2016,2011,,
"Uganda",2017,2551,,
"Uganda",2018,2616,,
"Uganda",2019,2892,,
"Uganda",2020,2063,,
"Uganda",2021,5208,,
"Ukraine",2005,6169,,
"Ukraine",2006,8636,,
"Ukraine",2007,7955,,
"Ukraine",2008,5517,,
"Ukraine",2009,1722,,
"Ukraine",2010,3546,,
"Ukraine",2011,6447,,
"Ukraine",2012,2507,,
"Ukraine",2013,1657,,
"Ukraine",2014,1264,,
"Ukraine",2015,583,,
"Ukraine",2016,604,,
"Ukraine",2017,487,,
"Ukraine",2018,607,,
"Ukraine",2019,448,,
"Ukraine",2020,821,,
"Ukraine",2021,1155,,
"Ukraine",2022,1601,,
"United Arab Emirates",2005,6847,,
"United Arab Emirates",2007,14718,,
"United Arab Emirates",2008,11731,,
"United Arab Emirates",2012,11611,,
"United Arab Emirates",2013,9905,,
"United Arab Emirates",2014,12128,,
"United Arab Emirates",2015,11395,,
"United Arab Emirates",2016,9254,,
"United Arab Emirates",2017,6726,,
"United Arab Emirates",2018,5305,,
"United Arab Emirates",2019,6426,,
"United Arab Emirates",2020,2789,,
"United Arab Emirates",2021,1003,,
"United Arab Emirates",2022,3177,,
"United Kingdom",2005,163679,,
"United Kingdom",2006,197850,,
"United Kingdom",2007,251874,,
"United Kingdom",2008,290137,,
"United Kingdom",2009,221542,,
"United Kingdom",2010,280554,,
"United Kingdom",2011,322957,,
"United Kingdom",2012,326292,,
"United Kingdom",2013,248448,,
"United Kingdom",2014,289610,,
"United Kingdom",2015,291042,,
"United Kingdom",2016,233541,,
"United Kingdom",2017,207138,,
"United Kingdom",2018,165294,,
"United Kingdom",2019,143058,,
"United Kingdom",2020,126329,,
"United Kingdom",2021,172763,,
"United Kingdom",2022,258254,,
"United States of America",2005,487539,,
"United States of America",2006,611759,,
"United States of America",2007,780643,,
"United States of America",2008,864306,,
"United States of America",2009,857788,,
"United States of America",2010,982815,,
"United States of America",2011,1096553,,
"United States of America",2012,975682,,
"United States of America",2013,898276,,
"United States of America",2014,980399,,
"United States of America",2015,835817,,
"United States of America",2016,753253,,
"United States of America",2017,660076,,
"United States of America",2018,478411,,
"United States of America",2019,307504,,
"United States of America",2020,242515,,
"United States of America",2021,327828,,
"United States of America",2022,317332,,
"Uruguay",2005,2674,,
"Uruguay",2006,3065,,
"Uruguay",2007,3145,,
"Uruguay",2008,3019,,
"Uruguay",2009,541,,
"Uruguay",2010,790,,
"Uruguay",2011,732,,
"Uruguay",2012,714,,
"Uruguay",2013,723,,
"Uruguay",2014,875,,
"Uruguay",2015,852,,
"Uruguay",2016,453,,
"Uruguay",2017,332,,
"Uruguay",2018,413,,
"Uruguay",2019,528,,
"Uruguay",2020,437,,
"Uruguay",2021,672,,
"Uruguay",2022,753,,
"Uzbekistan",2017,58,,
"Uzbekistan",2018,57,,
"Uzbekistan",2019,63,,
"Uzbekistan",2020,127,,
"Uzbekistan",2021,80,,
"Uzbekistan",2022,176,,
"Venezuela (Bolivarian Rep. of)",2005,555,,
"Venezuela (Bolivarian Rep. of)",2006,106,,
"Venezuela (Bolivarian Rep. of)",2008,679,,
"Venezuela (Bolivarian Rep. of)",2009,453,,
"Venezuela (Bolivarian Rep. of)",2010,3370,,
"Venezuela (Bolivarian Rep. of)",2011,1750,,
"Venezuela (Bolivarian Rep. of)",2013,4039,,
"Viet Nam",2005,6857,,
"Viet Nam",2006,8389,,
"Viet Nam",2007,12346,,
"Viet Nam",2008,11028,,
"Viet Nam",2009,11688,,
"Viet Nam",2010,19443,,
"Viet Nam",2011,55812,,
"Viet Nam",2012,95475,,
"Viet Nam",2013,127020,,
"Viet Nam",2014,121908,,
"Viet Nam",2015,66591,,
"Viet Nam",2016,102531,,
"Viet Nam",2017,112823,,
"Viet Nam",2018,81082,,
"Viet Nam",2019,23949,,
"Viet Nam",2020,14771,,
"Viet Nam",2021,17547,,
"Viet Nam",2022,24706,,
"Yemen",2005,290,,
"Yemen",2006,717,,
"Yemen",2007,1774,,
"Yemen",2008,4470,,
"Yemen",2009,7668,,
"Yemen",2010,8272,,
"Yemen",2011,11105,,
"Yemen",2012,5494,,
"Yemen",2013,3868,,
"Yemen",2014,3343,,
"Yemen",2015,1325,,
"Yemen",2018,10,,
"Zambia",2006,93,,
"Zambia",2007,10,,
"Zambia",2008,8,,
"Zambia",2009,16,,
"Zambia",2010,2,,
"Zambia",2011,57,,
"Zambia",2012,115,,
"Zambia",2013,20553,,
"Zambia",2014,121,,
"Zambia",2015,324,,
"Zambia",2016,662,,
"Zambia",2017,429,,
"Zambia",2018,303,,
"Zambia",2019,1009,,
"Zambia",2020,802,,
"Zambia",2021,932,,
"Zambia",2022,1320,,
"Zimbabwe",2005,57,,
"Zimbabwe",2006,59,,
"Zimbabwe",2007,30,,
"Zimbabwe",2008,0,,
"Zimbabwe",2010,9,,
"Zimbabwe",2011,105,,
"Zimbabwe",2012,2,,
"Zimbabwe",2013,1,,
"Zimbabwe",2014,60,,
"Zimbabwe",2015,72,,
"Zimbabwe",2016,42,,
"Zimbabwe",2017,179,,
"Zimbabwe",2018,705,,
"Zimbabwe",2019,340,,
"Zimbabwe",2020,33,,
"Zimbabwe",2021,260,,
"Zimbabwe",2022,205,,
"Africa",2005,20286,,
"Africa",2006,22140,,
"Africa",2007,28771,,
"Africa",2008,26221,,
"Africa",2009,30747,,
"Africa",2010,51496,,
"Africa",2011,58123,,
"Africa",2012,51633,,
"Africa",2013,88352,,
"Africa",2014,76139,,
"Africa",2015,57841,,
"Africa",2016,49486,,
"Africa",2017,54807,,
"Africa",2018,46327,,
"Africa",2019,41343,,
"Africa",2020,35555,,
"Africa",2021,89015,,
"Africa",2022,91281,,
"Northern Africa",2005,12176,,
"Northern Africa",2006,15215,,
"Northern Africa",2007,21750,,
"Northern Africa",2008,18209,,
"Northern Africa",2009,19217,,
"Northern Africa",2010,27331,,
"Northern Africa",2011,41369,,
"Northern Africa",2012,33055,,
"Northern Africa",2013,40453,,
"Northern Africa",2014,48520,,
"Northern Africa",2015,32603,,
"Northern Africa",2016,29438,,
"Northern Africa",2017,32225,,
"Northern Africa",2018,28061,,
"Northern Africa",2019,19828,,
"Northern Africa",2020,16901,,
"Northern Africa",2021,36370,,
"Northern Africa",2022,51221,,
"Sub-Saharan Africa",2005,8110,,
"Sub-Saharan Africa",2006,6925,,
"Sub-Saharan Africa",2007,7021,,
"Sub-Saharan Africa",2008,8013,,
"Sub-Saharan Africa",2009,11530,,
"Sub-Saharan Africa",2010,24165,,
"Sub-Saharan Africa",2011,16754,,
"Sub-Saharan Africa",2012,18578,,
"Sub-Saharan Africa",2013,47900,,
"Sub-Saharan Africa",2014,27619,,
"Sub-Saharan Africa",2015,25238,,
"Sub-Saharan Africa",2016,20048,,
"Sub-Saharan Africa",2017,22582,,
"Sub-Saharan Africa",2018,18267,,
"Sub-Saharan Africa",2019,21515,,
"Sub-Saharan Africa",2020,18654,,
"Sub-Saharan Africa",2021,52645,,
"Sub-Saharan Africa",2022,40060,,
"Eastern Africa",2005,988,,
"Eastern Africa",2006,1455,,
"Eastern Africa",2007,1815,,
"Eastern Africa",2008,2860,,
"Eastern Africa",2009,6553,,
"Eastern Africa",2010,18256,,
"Eastern Africa",2011,6366,,
"Eastern Africa",2012,8405,,
"Eastern Africa",2013,32381,,
"Eastern Africa",2014,13253,,
"Eastern Africa",2015,16488,,
"Eastern Africa",2016,11731,,
"Eastern Africa",2017,11937,,
"Eastern Africa",2018,9498,,
"Eastern Africa",2019,17138,,
"Eastern Africa",2020,13603,,
"Eastern Africa",2021,21658,,
"Eastern Africa",2022,22220,,
"Middle Africa",2007,13,,
"Middle Africa",2008,7,,
"Middle Africa",2010,9,,
"Middle Africa",2011,56,,
"Middle Africa",2012,26,,
"Middle Africa",2013,22,,
"Middle Africa",2014,172,,
"Middle Africa",2015,319,,
"Middle Africa",2016,307,,
"Middle Africa",2017,690,,
"Middle Africa",2018,308,,
"Middle Africa",2019,179,,
"Middle Africa",2020,255,,
"Middle Africa",2021,403,,
"Middle Africa",2022,89,,
"Southern Africa",2005,6732,,
"Southern Africa",2006,5218,,
"Southern Africa",2007,4840,,
"Southern Africa",2008,4291,,
"Southern Africa",2009,4263,,
"Southern Africa",2010,4896,,
"Southern Africa",2011,9006,,
"Southern Africa",2012,9391,,
"Southern Africa",2013,8978,,
"Southern Africa",2014,11180,,
"Southern Africa",2015,6658,,
"Southern Africa",2016,6875,,
"Southern Africa",2017,8456,,
"Southern Africa",2018,6382,,
"Southern Africa",2019,2280,,
"Southern Africa",2020,2012,,
"Southern Africa",2021,22204,,
"Southern Africa",2022,3398,,
"Western Africa",2005,390,,
"Western Africa",2006,252,,
"Western Africa",2007,353,,
"Western Africa",2008,854,,
"Western Africa",2009,713,,
"Western Africa",2010,1004,,
"Western Africa",2011,1326,,
"Western Africa",2012,756,,
"Western Africa",2013,6518,,
"Western Africa",2014,3014,,
"Western Africa",2015,1773,,
"Western Africa",2016,1135,,
"Western Africa",2017,1499,,
"Western Africa",2018,2079,,
"Western Africa",2019,1918,,
"Western Africa",2020,2784,,
"Western Africa",2021,8380,,
"Western Africa",2022,14352,,
"Americas",2005,840986,,
"Americas",2006,1042035,,
"Americas",2007,1279785,,
"Americas",2008,1389379,,
"Americas",2009,1203544,,
"Americas",2010,1396953,,
"Americas",2011,1595519,,
"Americas",2012,1513837,,
"Americas",2013,1401377,,
"Americas",2014,1499865,,
"Americas",2015,1224401,,
"Americas",2016,1084773,,
"Americas",2017,973626,,
"Americas",2018,747798,,
"Americas",2019,544332,,
"Americas",2020,442590,,
"Americas",2021,615150,,
"Americas",2022,611695,,
"Northern America",2005,593965,,
"Northern America",2006,726485,,
"Northern America",2007,901267,,
"Northern America",2008,1000228,,
"Northern America",2009,957182,,
"Northern America",2010,1101201,,
"Northern America",2011,1225800,,
"Northern America",2012,1097936,,
"Northern America",2013,1005417,,
"Northern America",2014,1093345,,
"Northern America",2015,945412,,
"Northern America",2016,852439,,
"Northern America",2017,756914,,
"Northern America",2018,552474,,
"Northern America",2019,373221,,
"Northern America",2020,299048,,
"Northern America",2021,421910,,
"Northern America",2022,424120,,
"Latin America and the Caribbean",2005,247020,,
"Latin America and the Caribbean",2006,315549,,
"Latin America and the Caribbean",2007,378518,,
"Latin America and the Caribbean",2008,389151,,
"Latin America and the Caribbean",2009,246363,,
"Latin America and the Caribbean",2010,295752,,
"Latin America and the Caribbean",2011,369719,,
"Latin America and the Caribbean",2012,415901,,
"Latin America and the Caribbean",2013,395959,,
"Latin America and the Caribbean",2014,406519,,
"Latin America and the Caribbean",2015,278989,,
"Latin America and the Caribbean",2016,232334,,
"Latin America and the Caribbean",2017,216712,,
"Latin America and the Caribbean",2018,195324,,
"Latin America and the Caribbean",2019,171111,,
"Latin America and the Caribbean",2020,143542,,
"Latin America and the Caribbean",2021,193241,,
"Latin America and the Caribbean",2022,187575,,
"Caribbean",2005,2495,,
"Caribbean",2006,5259,,
"Caribbean",2007,2212,,
"Caribbean",2008,3179,,
"Caribbean",2009,4894,,
"Caribbean",2010,8066,,
"Caribbean",2011,10833,,
"Caribbean",2012,11171,,
"Caribbean",2013,13173,,
"Caribbean",2014,18220,,
"Caribbean",2015,14541,,
"Caribbean",2016,11415,,
"Caribbean",2017,11535,,
"Caribbean",2018,11968,,
"Caribbean",2019,18882,,
"Caribbean",2020,11088,,
"Caribbean",2021,18269,,
"Caribbean",2022,23183,,
"Central America",2005,216101,,
"Central America",2006,266862,,
"Central America",2007,321330,,
"Central America",2008,322790,,
"Central America",2009,204633,,
"Central America",2010,234275,,
"Central America",2011,292545,,
"Central America",2012,346473,,
"Central America",2013,327808,,
"Central America",2014,336736,,
"Central America",2015,227924,,
"Central America",2016,196198,,
"Central America",2017,180752,,
"Central America",2018,170193,,
"Central America",2019,140912,,
"Central America",2020,121880,,
"Central America",2021,153520,,
"Central America",2022,143048,,
"South America",2005,28424,,
"South America",2006,43428,,
"South America",2007,54975,,
"South America",2008,63182,,
"South America",2009,36835,,
"South America",2010,53411,,
"South America",2011,66341,,
"South America",2012,58257,,
"South America",2013,54978,,
"South America",2014,51563,,
"South America",2015,36525,,
"South America",2016,24720,,
"South America",2017,24425,,
"South America",2018,13164,,
"South America",2019,11317,,
"South America",2020,10574,,
"South America",2021,21451,,
"South America",2022,21345,,
"Asia",2005,1688347,,
"Asia",2006,2026869,,
"Asia",2007,2374367,,
"Asia",2008,2600389,,
"Asia",2009,2320360,,
"Asia",2010,2838416,,
"Asia",2011,3184529,,
"Asia",2012,3147324,,
"Asia",2013,2833137,,
"Asia",2014,2870525,,
"Asia",2015,2388827,,
"Asia",2016,2279979,,
"Asia",2017,1940822,,
"Asia",2018,1083388,,
"Asia",2019,958404,,
"Asia",2020,766362,,
"Asia",2021,793298,,
"Asia",2022,836385,,
"Central Asia",2005,631,,
"Central Asia",2006,389,,
"Central Asia",2007,306,,
"Central Asia",2008,681,,
"Central Asia",2009,773,,
"Central Asia",2010,810,,
"Central Asia",2011,4605,,
"Central Asia",2012,1198,,
"Central Asia",2013,3711,,
"Central Asia",2014,2915,,
"Central Asia",2015,1402,,
"Central Asia",2016,639,,
"Central Asia",2017,1316,,
"Central Asia",2018,1580,,
"Central Asia",2019,3322,,
"Central Asia",2020,16152,,
"Central Asia",2021,2703,,
"Central Asia",2022,3989,,
"Eastern Asia",2005,1439563,,
"Eastern Asia",2006,1746669,,
"Eastern Asia",2007,1988462,,
"Eastern Asia",2008,2191711,,
"Eastern Asia",2009,1967195,,
"Eastern Asia",2010,2238941,,
"Eastern Asia",2011,2259231,,
"Eastern Asia",2012,2197638,,
"Eastern Asia",2013,1791635,,
"Eastern Asia",2014,1916845,,
"Eastern Asia",2015,1738012,,
"Eastern Asia",2016,1626397,,
"Eastern Asia",2017,1287608,,
"Eastern Asia",2018,619454,,
"Eastern Asia",2019,553874,,
"Eastern Asia",2020,507270,,
"Eastern Asia",2021,487028,,
"Eastern Asia",2022,501490,,
"South-eastern Asia",2005,190767,,
"South-eastern Asia",2006,214962,,
"South-eastern Asia",2007,292559,,
"South-eastern Asia",2008,283700,,
"South-eastern Asia",2009,242865,,
"South-eastern Asia",2010,425512,,
"South-eastern Asia",2011,656138,,
"South-eastern Asia",2012,716312,,
"South-eastern Asia",2013,812873,,
"South-eastern Asia",2014,809493,,
"South-eastern Asia",2015,513100,,
"South-eastern Asia",2016,548441,,
"South-eastern Asia",2017,550678,,
"South-eastern Asia",2018,358444,,
"South-eastern Asia",2019,325962,,
"South-eastern Asia",2020,183058,,
"South-eastern Asia",2021,219347,,
"South-eastern Asia",2022,232825,,
"Southern Asia",2005,26127,,
"Southern Asia",2006,35354,,
"Southern Asia",2007,47752,,
"Southern Asia",2008,53348,,
"Southern Asia",2009,46720,,
"Southern Asia",2010,90085,,
"Southern Asia",2011,137923,,
"Southern Asia",2012,112086,,
"Southern Asia",2013,93220,,
"Southern Asia",2014,50873,,
"Southern Asia",2015,60408,,
"Southern Asia",2016,36767,,
"Southern Asia",2017,34142,,
"Southern Asia",2018,33065,,
"Southern Asia",2019,12424,,
"Southern Asia",2020,8811,,
"Southern Asia",2021,12154,,
"Southern Asia",2022,17703,,
"Western Asia",2005,31258,,
"Western Asia",2006,29495,,
"Western Asia",2007,45289,,
"Western Asia",2008,70948,,
"Western Asia",2009,62807,,
"Western Asia",2010,83067,,
"Western Asia",2011,126632,,
"Western Asia",2012,120090,,
"Western Asia",2013,131698,,
"Western Asia",2014,90400,,
"Western Asia",2015,75906,,
"Western Asia",2016,67735,,
"Western Asia",2017,67079,,
"Western Asia",2018,70845,,
"Western Asia",2019,62823,,
"Western Asia",2020,51071,,
"Western Asia",2021,72066,,
"Western Asia",2022,80377,,
"Europe",2005,1202802,,
"Europe",2006,1482057,,
"Europe",2007,1808643,,
"Europe",2008,2092961,,
"Europe",2009,1729425,,
"Europe",2010,2050619,,
"Europe",2011,2522123,,
"Europe",2012,2540983,,
"Europe",2013,2508749,,
"Europe",2014,2585958,,
"Europe",2015,2149051,,
"Europe",2016,1909839,,
"Europe",2017,1820661,,
"Europe",2018,1762519,,
"Europe",2019,1623050,,
"Europe",2020,1347703,,
"Europe",2021,1973923,,
"Europe",2022,2439479,,
"Eastern Europe",2005,65406,,
"Eastern Europe",2006,80881,,
"Eastern Europe",2007,141993,,
"Eastern Europe",2008,125155,,
"Eastern Europe",2009,117810,,
"Eastern Europe",2010,151201,,
"Eastern Europe",2011,205347,,
"Eastern Europe",2012,209995,,
"Eastern Europe",2013,227875,,
"Eastern Europe",2014,231627,,
"Eastern Europe",2015,207129,,
"Eastern Europe",2016,191535,,
"Eastern Europe",2017,191266,,
"Eastern Europe",2018,190372,,
"Eastern Europe",2019,191753,,
"Eastern Europe",2020,148088,,
"Eastern Europe",2021,225735,,
"Eastern Europe",2022,259535,,
"Northern Europe",2005,223199,,
"Northern Europe",2006,276135,,
"Northern Europe",2007,362141,,
"Northern Europe",2008,412970,,
"Northern Europe",2009,328716,,
"Northern Europe",2010,391896,,
"Northern Europe",2011,481229,,
"Northern Europe",2012,489130,,
"Northern Europe",2013,414016,,
"Northern Europe",2014,449074,,
"Northern Europe",2015,423135,,
"Northern Europe",2016,335868,,
"Northern Europe",2017,305555,,
"Northern Europe",2018,264960,,
"Northern Europe",2019,243507,,
"Northern Europe",2020,226879,,
"Northern Europe",2021,318069,,
"Northern Europe",2022,464578,,
"Southern Europe",2005,107106,,
"Southern Europe",2006,133917,,
"Southern Europe",2007,161266,,
"Southern Europe",2008,198788,,
"Southern Europe",2009,192743,,
"Southern Europe",2010,265395,,
"Southern Europe",2011,297180,,
"Southern Europe",2012,308724,,
"Southern Europe",2013,309935,,
"Southern Europe",2014,351825,,
"Southern Europe",2015,304478,,
"Southern Europe",2016,283027,,
"Southern Europe",2017,284501,,
"Southern Europe",2018,243565,,
"Southern Europe",2019,217639,,
"Southern Europe",2020,190205,,
"Southern Europe",2021,326800,,
"Southern Europe",2022,408057,,
"Western Europe",2005,807091,,
"Western Europe",2006,991124,,
"Western Europe",2007,1143243,,
"Western Europe",2008,1356048,,
"Western Europe",2009,1090156,,
"Western Europe",2010,1242127,,
"Western Europe",2011,1538366,,
"Western Europe",2012,1533134,,
"Western Europe",2013,1556923,,
"Western Europe",2014,1553431,,
"Western Europe",2015,1214309,,
"Western Europe",2016,1099409,,
"Western Europe",2017,1039340,,
"Western Europe",2018,1063622,,
"Western Europe",2019,970152,,
"Western Europe",2020,782531,,
"Western Europe",2021,1103319,,
"Western Europe",2022,1307309,,
"Oceania",2005,37041,,
"Oceania",2006,46957,,
"Oceania",2007,54588,,
"Oceania",2008,66546,,
"Oceania",2009,55287,,
"Oceania",2010,75474,,
"Oceania",2011,96063,,
"Oceania",2012,95503,,
"Oceania",2013,73295,,
"Oceania",2014,84768,,
"Oceania",2015,72916,,
"Oceania",2016,61181,,
"Oceania",2017,45593,,
"Oceania",2018,38944,,
"Oceania",2019,33869,,
"Oceania",2020,25235,,
"Oceania",2021,59214,,
"Oceania",2022,46740,,
