Economy_Label,Year,US_at_current_prices_in_thousands_Value
"Afghanistan",2019,2861
"Albania",2005,584
"Albania",2006,731
"Albania",2007,917
"Albania",2008,1761
"Albania",2009,1596
"Albania",2010,2634
"Albania",2011,2254
"Albania",2012,1619
"Albania",2013,1164
"Albania",2015,25
"Albania",2016,11
"Albania",2020,42
"Algeria",2005,1177
"Algeria",2006,901
"Algeria",2007,2091
"Algeria",2008,874
"Algeria",2009,1398
"Algeria",2010,2070
"Algeria",2011,3850
"Algeria",2012,1495
"Algeria",2013,3679
"Algeria",2014,4253
"Algeria",2015,5220
"Algeria",2016,3477
"Algeria",2017,3740
"Andorra",2006,0
"Andorra",2007,0
"Andorra",2008,0
"Andorra",2009,0
"Andorra",2010,9
"Andorra",2011,1
"Andorra",2013,0
"Andorra",2015,1
"Andorra",2018,0
"Andorra",2019,0
"Andorra",2020,1
"Andorra",2021,1
"Andorra",2022,0
"Angola",2007,363
"Angola",2009,1112
"Angola",2010,197
"Angola",2011,143
"Angola",2012,250
"Angola",2013,2365
"Angola",2014,75
"Angola",2015,293
"Angola",2016,32
"Angola",2017,41
"Angola",2018,2205
"Angola",2019,1033
"Angola",2020,1753
"Angola",2021,3854
"Angola",2022,1132
"Antigua and Barbuda",2005,2
"Antigua and Barbuda",2006,0
"Antigua and Barbuda",2007,1
"Antigua and Barbuda",2009,0
"Antigua and Barbuda",2011,0
"Antigua and Barbuda",2013,0
"Antigua and Barbuda",2017,0
"Antigua and Barbuda",2019,0
"Antigua and Barbuda",2021,3
"Antigua and Barbuda",2022,9
"Argentina",2005,732
"Argentina",2006,636
"Argentina",2007,194
"Argentina",2008,12
"Argentina",2010,996
"Argentina",2012,131
"Argentina",2017,29
"Argentina",2018,22
"Argentina",2022,182
"Armenia",2005,43
"Armenia",2006,111
"Armenia",2007,30
"Armenia",2008,80
"Armenia",2009,14
"Armenia",2010,5
"Armenia",2011,47
"Armenia",2012,66
"Armenia",2013,60
"Armenia",2014,60
"Armenia",2015,3
"Armenia",2016,7
"Armenia",2017,1
"Armenia",2018,6
"Armenia",2019,65
"Armenia",2020,61
"Armenia",2021,171
"Armenia",2022,64
"Aruba",2010,4
"Aruba",2011,0
"Aruba",2012,0
"Aruba",2013,1
"Aruba",2014,1
"Aruba",2015,1
"Aruba",2016,0
"Aruba",2017,0
"Aruba",2018,0
"Aruba",2019,1
"Aruba",2020,0
"Aruba",2021,1
"Aruba",2022,3
"Australia",2005,3103
"Australia",2006,7001
"Australia",2007,7590
"Australia",2008,8394
"Australia",2009,4933
"Australia",2010,4484
"Australia",2011,4121
"Australia",2012,4764
"Australia",2013,10484
"Australia",2014,10154
"Australia",2015,7921
"Australia",2016,6988
"Australia",2017,8155
"Australia",2018,8830
"Australia",2019,7031
"Australia",2020,5992
"Australia",2021,6198
"Australia",2022,8282
"Austria",2005,16466
"Austria",2006,27477
"Austria",2007,38815
"Austria",2008,43510
"Austria",2009,24410
"Austria",2010,42829
"Austria",2011,82604
"Austria",2012,71732
"Austria",2013,69345
"Austria",2014,90373
"Austria",2015,69793
"Austria",2016,55993
"Austria",2017,49194
"Austria",2018,58691
"Austria",2019,61712
"Austria",2020,54960
"Austria",2021,94768
"Austria",2022,121460
"Azerbaijan",2005,2
"Azerbaijan",2006,455
"Azerbaijan",2007,5
"Azerbaijan",2008,27
"Azerbaijan",2009,37
"Azerbaijan",2010,88
"Azerbaijan",2011,38
"Azerbaijan",2012,21
"Azerbaijan",2013,25
"Azerbaijan",2014,14
"Azerbaijan",2015,4
"Azerbaijan",2016,100
"Azerbaijan",2017,162
"Azerbaijan",2018,1665
"Azerbaijan",2019,2977
"Azerbaijan",2020,4167
"Azerbaijan",2021,4220
"Azerbaijan",2022,6624
"Bahamas",2005,36
"Bahamas",2006,9680
"Bahamas",2007,15232
"Bahamas",2008,5415
"Bahamas",2009,10653
"Bahamas",2010,21564
"Bahamas",2011,59042
"Bahamas",2012,47939
"Bahamas",2013,52440
"Bahamas",2014,35386
"Bahamas",2015,31852
"Bahamas",2016,5826
"Bahamas",2017,16291
"Bahamas",2018,19233
"Bahamas",2019,15860
"Bahamas",2020,18051
"Bahamas",2022,101
"Bahrain",2005,2889
"Bahrain",2006,2618
"Bahrain",2007,3064
"Bahrain",2008,433
"Bahrain",2009,549
"Bahrain",2010,393
"Bahrain",2011,742
"Bahrain",2012,592
"Bahrain",2013,814
"Bahrain",2014,753
"Bahrain",2015,576
"Bahrain",2016,368
"Bahrain",2017,296
"Bahrain",2018,402
"Bahrain",2019,434
"Bahrain",2020,619
"Bahrain",2021,509
"Bahrain",2022,703
"Bangladesh",2005,219
"Bangladesh",2006,485
"Bangladesh",2007,473
"Bangladesh",2008,1176
"Bangladesh",2009,955
"Bangladesh",2010,2567
"Bangladesh",2011,2434
"Bangladesh",2012,2016
"Bangladesh",2013,1940
"Bangladesh",2015,6389
"Barbados",2005,37
"Barbados",2006,68
"Barbados",2007,45
"Barbados",2008,105
"Barbados",2009,50
"Barbados",2010,83
"Barbados",2011,38
"Barbados",2012,95
"Barbados",2013,42
"Barbados",2014,70
"Barbados",2015,74
"Barbados",2016,73
"Barbados",2017,44
"Barbados",2018,19
"Barbados",2019,98
"Barbados",2020,126
"Barbados",2021,172
"Barbados",2022,146
"Belarus",2005,444
"Belarus",2006,310
"Belarus",2007,831
"Belarus",2008,245
"Belarus",2009,336
"Belarus",2010,341
"Belarus",2011,2227
"Belarus",2012,3278
"Belarus",2013,2648
"Belarus",2014,2023
"Belarus",2015,1138
"Belarus",2016,1871
"Belarus",2017,4378
"Belarus",2018,2944
"Belarus",2019,4180
"Belarus",2020,1423
"Belarus",2021,1861
"Belgium",2005,71978
"Belgium",2006,124537
"Belgium",2007,152242
"Belgium",2008,166066
"Belgium",2009,139021
"Belgium",2010,86710
"Belgium",2011,134034
"Belgium",2012,136225
"Belgium",2013,139980
"Belgium",2014,127077
"Belgium",2015,116726
"Belgium",2016,104958
"Belgium",2017,110542
"Belgium",2018,118559
"Belgium",2019,97747
"Belgium",2020,84723
"Belgium",2021,131336
"Belgium",2022,179416
"Belize",2005,139
"Belize",2006,192
"Belize",2007,28
"Belize",2008,144
"Belize",2009,202
"Belize",2010,178
"Belize",2011,222
"Belize",2012,239
"Belize",2013,294
"Belize",2014,311
"Belize",2015,157
"Belize",2016,16
"Belize",2017,60
"Belize",2018,59
"Belize",2019,1
"Belize",2020,0
"Belize",2021,3
"Belize",2022,0
"Benin",2005,3
"Benin",2006,5
"Benin",2007,0
"Benin",2008,1
"Benin",2009,0
"Benin",2010,0
"Benin",2011,1
"Benin",2012,0
"Benin",2014,0
"Benin",2015,24
"Benin",2016,1
"Benin",2017,1
"Benin",2018,1
"Benin",2019,0
"Benin",2020,0
"Benin",2022,2
"Bermuda",2010,10
"Bermuda",2011,11
"Bermuda",2012,7
"Bermuda",2013,3
"Bermuda",2014,12
"Bermuda",2015,1
"Bermuda",2016,0
"Bermuda",2017,0
"Bermuda",2018,2
"Bermuda",2019,1
"Bermuda",2020,0
"Bermuda",2021,0
"Bermuda",2022,2
"Bhutan",2005,4
"Bhutan",2006,0
"Bhutan",2007,1
"Bhutan",2009,3
"Bhutan",2010,1
"Bhutan",2011,0
"Bhutan",2012,107
"Bolivia (Plurinational State of)",2005,412
"Bolivia (Plurinational State of)",2006,302
"Bolivia (Plurinational State of)",2007,670
"Bolivia (Plurinational State of)",2008,718
"Bolivia (Plurinational State of)",2009,366
"Bolivia (Plurinational State of)",2010,501
"Bolivia (Plurinational State of)",2011,1348
"Bolivia (Plurinational State of)",2012,1267
"Bolivia (Plurinational State of)",2013,957
"Bolivia (Plurinational State of)",2014,915
"Bolivia (Plurinational State of)",2015,617
"Bolivia (Plurinational State of)",2016,346
"Bolivia (Plurinational State of)",2017,329
"Bolivia (Plurinational State of)",2018,541
"Bolivia (Plurinational State of)",2019,1170
"Bolivia (Plurinational State of)",2020,588
"Bolivia (Plurinational State of)",2021,668
"Bolivia (Plurinational State of)",2022,1137
"Bosnia and Herzegovina",2005,326
"Bosnia and Herzegovina",2006,343
"Bosnia and Herzegovina",2007,577
"Bosnia and Herzegovina",2008,711
"Bosnia and Herzegovina",2009,809
"Bosnia and Herzegovina",2010,1263
"Bosnia and Herzegovina",2011,1575
"Bosnia and Herzegovina",2012,1361
"Bosnia and Herzegovina",2013,1644
"Bosnia and Herzegovina",2014,1499
"Bosnia and Herzegovina",2015,1089
"Bosnia and Herzegovina",2016,791
"Bosnia and Herzegovina",2017,855
"Bosnia and Herzegovina",2018,719
"Bosnia and Herzegovina",2019,939
"Bosnia and Herzegovina",2020,640
"Bosnia and Herzegovina",2021,679
"Bosnia and Herzegovina",2022,922
"Botswana",2005,28
"Botswana",2006,30
"Botswana",2007,424
"Botswana",2008,21
"Botswana",2009,130
"Botswana",2010,41
"Botswana",2011,95
"Botswana",2012,56
"Botswana",2013,27
"Botswana",2014,21
"Botswana",2015,68
"Botswana",2016,1197
"Botswana",2017,2404
"Botswana",2018,2993
"Botswana",2019,43
"Botswana",2020,13
"Botswana",2021,33
"Botswana",2022,77
"Brazil",2005,5251
"Brazil",2006,4658
"Brazil",2007,4825
"Brazil",2008,8927
"Brazil",2009,4808
"Brazil",2010,5306
"Brazil",2011,4846
"Brazil",2012,3200
"Brazil",2013,3394
"Brazil",2014,2965
"Brazil",2015,2214
"Brazil",2016,1977
"Brazil",2017,2013
"Brazil",2018,3172
"Brazil",2019,2851
"Brazil",2020,3233
"Brazil",2021,6614
"Brazil",2022,4471
"Brunei Darussalam",2006,145
"Brunei Darussalam",2007,111
"Brunei Darussalam",2008,98
"Brunei Darussalam",2009,51
"Brunei Darussalam",2010,106
"Brunei Darussalam",2011,27
"Brunei Darussalam",2012,16
"Brunei Darussalam",2013,44
"Brunei Darussalam",2014,91
"Brunei Darussalam",2015,440
"Brunei Darussalam",2016,142
"Brunei Darussalam",2017,316
"Brunei Darussalam",2018,262
"Brunei Darussalam",2019,190
"Brunei Darussalam",2020,432
"Brunei Darussalam",2021,145
"Brunei Darussalam",2022,186
"Bulgaria",2005,2158
"Bulgaria",2006,1189
"Bulgaria",2007,2020
"Bulgaria",2008,2853
"Bulgaria",2009,2366
"Bulgaria",2010,2462
"Bulgaria",2011,3639
"Bulgaria",2012,1944
"Bulgaria",2013,3832
"Bulgaria",2014,4853
"Bulgaria",2015,7869
"Bulgaria",2016,9212
"Bulgaria",2017,9255
"Bulgaria",2018,10368
"Bulgaria",2019,14353
"Bulgaria",2020,7119
"Bulgaria",2021,15835
"Bulgaria",2022,23632
"Burkina Faso",2005,7
"Burkina Faso",2006,18
"Burkina Faso",2007,11
"Burkina Faso",2008,42
"Burkina Faso",2009,37
"Burkina Faso",2010,35
"Burkina Faso",2011,57
"Burkina Faso",2012,45
"Burkina Faso",2013,7
"Burkina Faso",2014,27
"Burkina Faso",2015,36
"Burkina Faso",2016,20
"Burkina Faso",2017,13
"Burkina Faso",2018,24
"Burkina Faso",2019,85
"Burkina Faso",2020,99
"Burkina Faso",2021,74
"Burkina Faso",2022,46
"Burundi",2009,59
"Burundi",2010,0
"Burundi",2011,1
"Burundi",2012,0
"Burundi",2014,1
"Burundi",2015,1
"Burundi",2016,5
"Burundi",2017,13
"Burundi",2018,0
"Burundi",2019,0
"Burundi",2020,0
"Burundi",2021,11
"Burundi",2022,1
"Cabo Verde",2005,16
"Cabo Verde",2006,87
"Cabo Verde",2007,15
"Cabo Verde",2008,2
"Cabo Verde",2009,3
"Cabo Verde",2010,9
"Cabo Verde",2011,4
"Cabo Verde",2012,1
"Cabo Verde",2013,1
"Cabo Verde",2014,9
"Cabo Verde",2015,1
"Cabo Verde",2016,1
"Cabo Verde",2017,2
"Cabo Verde",2018,3
"Cabo Verde",2019,3
"Cabo Verde",2020,3
"Cabo Verde",2021,1
"Cabo Verde",2022,2
"Cambodia",2005,6
"Cambodia",2006,181
"Cambodia",2007,261
"Cambodia",2008,284
"Cambodia",2009,35
"Cambodia",2010,25
"Cambodia",2011,11
"Cambodia",2012,28
"Cambodia",2013,34
"Cambodia",2014,233
"Cambodia",2015,83
"Cambodia",2016,216
"Cambodia",2017,330
"Cambodia",2018,257
"Cambodia",2019,30
"Cambodia",2020,8
"Cambodia",2021,103
"Cambodia",2022,99
"Cameroon",2005,14
"Cameroon",2006,129
"Cameroon",2007,326
"Cameroon",2008,151
"Cameroon",2009,224
"Cameroon",2010,78
"Cameroon",2011,217
"Cameroon",2012,39
"Cameroon",2013,150
"Cameroon",2014,68
"Cameroon",2015,19
"Cameroon",2016,29
"Cameroon",2017,101
"Cameroon",2018,61
"Cameroon",2019,92
"Cameroon",2020,163
"Cameroon",2021,133
"Canada",2005,115790
"Canada",2006,125530
"Canada",2007,100969
"Canada",2008,100954
"Canada",2009,68452
"Canada",2010,79960
"Canada",2011,100711
"Canada",2012,102191
"Canada",2013,81068
"Canada",2014,105359
"Canada",2015,95139
"Canada",2016,81476
"Canada",2017,74656
"Canada",2018,79047
"Canada",2019,75939
"Canada",2020,71865
"Canada",2021,110964
"Canada",2022,112813
"Cayman Islands",2020,10
"Cayman Islands",2021,15
"Central African Republic",2014,3
"Central African Republic",2021,9
"Central African Republic",2022,2
"Chile",2005,1054
"Chile",2006,2737
"Chile",2007,3308
"Chile",2008,2881
"Chile",2009,4176
"Chile",2010,6565
"Chile",2011,8641
"Chile",2012,5933
"Chile",2013,7049
"Chile",2014,9485
"Chile",2015,3496
"Chile",2016,3334
"Chile",2017,6553
"Chile",2018,7448
"Chile",2019,2234
"Chile",2020,1100
"Chile",2021,2747
"Chile",2022,2659
"China",2005,1977524
"China",2006,2445599
"China",2007,3259623
"China",2008,4368730
"China",2009,3578124
"China",2010,5134226
"China",2011,6168060
"China",2012,6459080
"China",2013,6089739
"China",2014,6062935
"China",2015,4202809
"China",2016,3709625
"China",2017,3281381
"China",2018,38976
"China",2019,508
"China",2020,180
"China, Hong Kong SAR",2005,1390672
"China, Hong Kong SAR",2006,1684735
"China, Hong Kong SAR",2007,1600794
"China, Hong Kong SAR",2008,1863870
"China, Hong Kong SAR",2009,1541896
"China, Hong Kong SAR",2010,1737249
"China, Hong Kong SAR",2011,1649814
"China, Hong Kong SAR",2012,1287487
"China, Hong Kong SAR",2013,1058926
"China, Hong Kong SAR",2014,1272337
"China, Hong Kong SAR",2015,1047197
"China, Hong Kong SAR",2016,918997
"China, Hong Kong SAR",2017,662557
"China, Hong Kong SAR",2018,243632
"China, Hong Kong SAR",2019,199200
"China, Hong Kong SAR",2020,96789
"China, Hong Kong SAR",2021,34213
"China, Hong Kong SAR",2022,20503
"China, Macao SAR",2005,76
"China, Macao SAR",2006,35
"China, Macao SAR",2007,96
"China, Macao SAR",2009,21
"China, Macao SAR",2010,20
"China, Macao SAR",2011,18
"China, Macao SAR",2019,106
"China, Taiwan Province of",2005,47698
"China, Taiwan Province of",2006,47442
"China, Taiwan Province of",2007,60295
"China, Taiwan Province of",2008,78217
"China, Taiwan Province of",2009,49093
"China, Taiwan Province of",2010,76901
"China, Taiwan Province of",2011,99115
"China, Taiwan Province of",2012,84179
"China, Taiwan Province of",2013,87657
"China, Taiwan Province of",2014,92870
"China, Taiwan Province of",2015,87261
"China, Taiwan Province of",2016,75097
"China, Taiwan Province of",2017,83801
"China, Taiwan Province of",2018,196532
"China, Taiwan Province of",2019,184177
"China, Taiwan Province of",2020,135069
"China, Taiwan Province of",2021,158406
"China, Taiwan Province of",2022,187255
"Colombia",2005,720
"Colombia",2006,1660
"Colombia",2007,1470
"Colombia",2008,1394
"Colombia",2009,789
"Colombia",2010,531
"Colombia",2011,954
"Colombia",2012,1282
"Colombia",2013,461
"Colombia",2014,1137
"Colombia",2015,2897
"Colombia",2016,5551
"Colombia",2017,7927
"Colombia",2018,2191
"Colombia",2019,2060
"Colombia",2020,1591
"Colombia",2021,2786
"Colombia",2022,2152
"Comoros",2006,1
"Comoros",2007,1
"Comoros",2008,3
"Comoros",2009,10
"Comoros",2010,22
"Comoros",2011,23
"Comoros",2012,25
"Comoros",2013,35
"Comoros",2014,43
"Comoros",2015,13
"Comoros",2016,6
"Comoros",2017,12
"Comoros",2018,18
"Comoros",2019,30
"Comoros",2020,15
"Comoros",2021,19
"Congo",2007,36
"Congo",2008,12
"Congo",2012,1
"Congo",2013,1
"Congo",2014,0
"Congo",2015,0
"Congo",2016,5
"Congo",2017,3
"Congo",2018,1
"Congo",2019,3
"Congo",2020,0
"Congo",2021,0
"Congo, Dem. Rep. of the",2015,17
"Congo, Dem. Rep. of the",2016,169
"Congo, Dem. Rep. of the",2017,206
"Congo, Dem. Rep. of the",2018,149
"Congo, Dem. Rep. of the",2019,9
"Congo, Dem. Rep. of the",2020,7
"Congo, Dem. Rep. of the",2021,17
"Congo, Dem. Rep. of the",2022,30
"Costa Rica",2005,1311
"Costa Rica",2006,2176
"Costa Rica",2007,1274
"Costa Rica",2008,1020
"Costa Rica",2009,1501
"Costa Rica",2010,2511
"Costa Rica",2011,2697
"Costa Rica",2012,1997
"Costa Rica",2013,2897
"Costa Rica",2014,3606
"Costa Rica",2015,3682
"Costa Rica",2016,3713
"Costa Rica",2017,3624
"Costa Rica",2018,2995
"Costa Rica",2019,2051
"Costa Rica",2020,1224
"Costa Rica",2021,1775
"Costa Rica",2022,2460
"Cote d'Ivoire",2005,331
"Cote d'Ivoire",2006,480
"Cote d'Ivoire",2007,1115
"Cote d'Ivoire",2008,1716
"Cote d'Ivoire",2009,2640
"Cote d'Ivoire",2010,2196
"Cote d'Ivoire",2011,3480
"Cote d'Ivoire",2012,3427
"Cote d'Ivoire",2013,4076
"Cote d'Ivoire",2014,1551
"Cote d'Ivoire",2015,24
"Cote d'Ivoire",2016,5
"Cote d'Ivoire",2020,1
"Cote d'Ivoire",2021,113
"Cote d'Ivoire",2022,3
"Croatia",2005,396
"Croatia",2006,704
"Croatia",2007,1070
"Croatia",2008,1350
"Croatia",2009,2147
"Croatia",2010,2183
"Croatia",2011,2495
"Croatia",2012,3767
"Croatia",2013,7781
"Croatia",2014,6757
"Croatia",2015,6055
"Croatia",2016,7916
"Croatia",2017,8249
"Croatia",2018,5948
"Croatia",2019,6141
"Croatia",2020,5521
"Croatia",2021,6258
"Croatia",2022,9515
"Cuba",2005,7
"Cuba",2016,226
"Cuba",2017,91
"Cuba",2018,0
"Cyprus",2005,4
"Cyprus",2006,10
"Cyprus",2007,0
"Cyprus",2008,23
"Cyprus",2009,1
"Cyprus",2011,47
"Cyprus",2012,53
"Cyprus",2013,9
"Cyprus",2014,21
"Cyprus",2015,22
"Cyprus",2016,28
"Cyprus",2017,14
"Cyprus",2018,45
"Cyprus",2019,25
"Cyprus",2020,95
"Cyprus",2021,2773
"Cyprus",2022,2498
"Czechia",2005,6893
"Czechia",2006,6390
"Czechia",2007,10693
"Czechia",2008,15323
"Czechia",2009,5216
"Czechia",2010,5854
"Czechia",2011,20181
"Czechia",2012,26824
"Czechia",2013,37494
"Czechia",2014,27933
"Czechia",2015,16415
"Czechia",2016,19028
"Czechia",2017,21825
"Czechia",2018,24617
"Czechia",2019,27041
"Czechia",2020,16002
"Czechia",2021,29796
"Czechia",2022,35716
"Denmark",2005,18039
"Denmark",2006,17264
"Denmark",2007,20699
"Denmark",2008,24220
"Denmark",2009,15309
"Denmark",2010,21048
"Denmark",2011,27507
"Denmark",2012,26139
"Denmark",2013,25802
"Denmark",2014,31226
"Denmark",2015,27152
"Denmark",2016,21647
"Denmark",2017,25214
"Denmark",2018,23557
"Denmark",2019,21463
"Denmark",2020,14337
"Denmark",2021,24227
"Denmark",2022,28819
"Djibouti",2009,0
"Dominica",2012,1
"Dominica",2013,3
"Dominica",2017,0
"Dominica",2018,0
"Dominica",2020,3
"Dominica",2021,0
"Dominican Republic",2005,1637
"Dominican Republic",2006,1508
"Dominican Republic",2007,2054
"Dominican Republic",2008,2922
"Dominican Republic",2009,2067
"Dominican Republic",2010,1433
"Dominican Republic",2011,2131
"Dominican Republic",2012,2798
"Dominican Republic",2013,3155
"Dominican Republic",2014,3174
"Dominican Republic",2015,3032
"Dominican Republic",2016,3461
"Dominican Republic",2017,5554
"Dominican Republic",2018,3175
"Dominican Republic",2019,2325
"Dominican Republic",2020,2100
"Dominican Republic",2021,2983
"Dominican Republic",2022,2478
"Ecuador",2005,997
"Ecuador",2006,647
"Ecuador",2007,934
"Ecuador",2008,2322
"Ecuador",2009,821
"Ecuador",2010,752
"Ecuador",2011,811
"Ecuador",2012,507
"Ecuador",2013,1335
"Ecuador",2014,1087
"Ecuador",2015,1124
"Ecuador",2016,585
"Ecuador",2017,1747
"Ecuador",2018,3665
"Ecuador",2019,3777
"Ecuador",2020,4199
"Ecuador",2021,3419
"Ecuador",2022,2424
"Egypt",2005,924
"Egypt",2006,1297
"Egypt",2007,2322
"Egypt",2008,2521
"Egypt",2009,3606
"Egypt",2010,5120
"Egypt",2011,5215
"Egypt",2012,4812
"Egypt",2013,2680
"Egypt",2014,1888
"Egypt",2015,1374
"Egypt",2016,804
"Egypt",2017,1430
"Egypt",2018,6018
"Egypt",2019,6817
"Egypt",2020,7719
"Egypt",2021,5268
"Egypt",2022,7908
"El Salvador",2005,3803
"El Salvador",2006,3893
"El Salvador",2007,3847
"El Salvador",2008,5182
"El Salvador",2009,3125
"El Salvador",2010,3037
"El Salvador",2011,4222
"El Salvador",2012,3477
"El Salvador",2013,3285
"El Salvador",2014,3737
"El Salvador",2015,3878
"El Salvador",2016,3337
"El Salvador",2017,3686
"El Salvador",2018,4828
"El Salvador",2019,4772
"El Salvador",2020,3628
"El Salvador",2021,7656
"El Salvador",2022,8530
"Estonia",2005,326
"Estonia",2006,425
"Estonia",2007,1346
"Estonia",2008,1393
"Estonia",2009,734
"Estonia",2010,1759
"Estonia",2011,1285
"Estonia",2012,1672
"Estonia",2013,1349
"Estonia",2014,1359
"Estonia",2015,667
"Estonia",2016,590
"Estonia",2017,1677
"Estonia",2018,875
"Estonia",2019,656
"Estonia",2020,723
"Estonia",2021,1380
"Estonia",2022,2701
"Eswatini",2005,996
"Eswatini",2006,829
"Eswatini",2007,829
"Eswatini",2008,726
"Eswatini",2009,387
"Eswatini",2010,217
"Eswatini",2011,150
"Eswatini",2012,61
"Eswatini",2013,113
"Eswatini",2014,31
"Eswatini",2015,22
"Eswatini",2016,11
"Eswatini",2017,32
"Eswatini",2018,81
"Eswatini",2019,94
"Eswatini",2020,8
"Eswatini",2021,10
"Ethiopia",2005,1138
"Ethiopia",2006,1421
"Ethiopia",2007,1412
"Ethiopia",2008,1032
"Ethiopia",2009,56
"Ethiopia",2010,499
"Ethiopia",2011,551
"Ethiopia",2012,1224
"Ethiopia",2013,417
"Ethiopia",2014,354
"Ethiopia",2015,815
"Ethiopia",2016,832
"Ethiopia",2017,679
"Ethiopia",2018,1110
"Ethiopia",2019,1705
"Ethiopia",2020,1180
"Ethiopia",2021,1629
"Ethiopia",2022,4718
"Faroe Islands",2005,4
"Faroe Islands",2006,3
"Faroe Islands",2007,4
"Faroe Islands",2008,1
"Faroe Islands",2009,0
"Fiji",2005,3
"Fiji",2006,0
"Fiji",2007,1
"Fiji",2008,0
"Fiji",2009,6
"Fiji",2010,40
"Fiji",2011,0
"Fiji",2012,10
"Fiji",2013,0
"Fiji",2014,11
"Fiji",2015,7
"Fiji",2016,11
"Fiji",2017,22
"Fiji",2018,7
"Fiji",2019,32
"Fiji",2020,5
"Fiji",2021,9
"Fiji",2022,10
"Finland",2005,257
"Finland",2006,379
"Finland",2007,1083
"Finland",2008,516
"Finland",2009,1345
"Finland",2010,1512
"Finland",2011,1013
"Finland",2012,1193
"Finland",2013,929
"Finland",2014,837
"Finland",2015,827
"Finland",2016,2074
"Finland",2017,3185
"Finland",2018,3838
"Finland",2019,2938
"Finland",2020,4837
"Finland",2021,4463
"Finland",2022,5480
"France",2005,27333
"France",2006,32684
"France",2007,40598
"France",2008,45493
"France",2009,25141
"France",2010,47301
"France",2011,73531
"France",2012,68790
"France",2013,72573
"France",2014,70004
"France",2015,52623
"France",2016,53604
"France",2017,59769
"France",2018,77420
"France",2019,86231
"France",2020,73523
"France",2021,84740
"France",2022,144719
"Mayotte",2005,2
"Mayotte",2006,0
"Mayotte",2009,10
"French Polynesia",2005,3
"French Polynesia",2006,1
"French Polynesia",2007,3
"French Polynesia",2008,0
"French Polynesia",2009,2
"French Polynesia",2010,2
"French Polynesia",2011,4
"French Polynesia",2012,3
"French Polynesia",2013,1
"French Polynesia",2014,6
"French Polynesia",2015,0
"French Polynesia",2016,2
"French Polynesia",2017,5
"French Polynesia",2018,27
"French Polynesia",2019,4
"French Polynesia",2020,2
"French Polynesia",2021,4
"French Polynesia",2022,2
"Gabon",2005,0
"Gabon",2006,24
"Gabon",2007,61
"Gabon",2008,84
"Gabon",2009,49
"Gabon",2010,42
"Gabon",2011,27
"Gabon",2012,17
"Gabon",2013,1
"Gabon",2018,29
"Gabon",2019,22
"Gabon",2020,47
"Gabon",2021,4
"Gambia",2005,1
"Gambia",2006,12
"Gambia",2007,4
"Gambia",2008,3
"Gambia",2009,0
"Gambia",2010,1
"Gambia",2011,13
"Gambia",2012,45
"Gambia",2013,195
"Gambia",2014,9
"Gambia",2015,6
"Gambia",2016,4
"Gambia",2017,43
"Gambia",2018,126
"Gambia",2019,56
"Gambia",2020,297
"Gambia",2021,77
"Georgia",2005,114
"Georgia",2006,155
"Georgia",2007,152
"Georgia",2008,161
"Georgia",2009,44
"Georgia",2010,274
"Georgia",2011,178
"Georgia",2012,344
"Georgia",2013,438
"Georgia",2014,957
"Georgia",2015,218
"Georgia",2016,120
"Georgia",2017,149
"Georgia",2018,851
"Georgia",2019,465
"Georgia",2020,178
"Georgia",2021,400
"Georgia",2022,704
"Germany",2005,99495
"Germany",2006,129006
"Germany",2007,158400
"Germany",2008,192134
"Germany",2009,136633
"Germany",2010,176614
"Germany",2011,217549
"Germany",2012,246770
"Germany",2013,223842
"Germany",2014,262511
"Germany",2015,222101
"Germany",2016,215826
"Germany",2017,199097
"Germany",2018,194100
"Germany",2019,204668
"Germany",2020,168578
"Germany",2021,251019
"Germany",2022,316553
"Ghana",2005,42
"Ghana",2006,50
"Ghana",2007,157
"Ghana",2008,336
"Ghana",2009,540
"Ghana",2010,504
"Ghana",2011,151
"Ghana",2012,631
"Ghana",2013,188
"Ghana",2014,75
"Ghana",2015,242
"Ghana",2016,367
"Ghana",2017,463
"Ghana",2018,1146
"Ghana",2019,1783
"Greece",2005,4436
"Greece",2006,5185
"Greece",2007,7749
"Greece",2008,10314
"Greece",2009,5466
"Greece",2010,5788
"Greece",2011,4961
"Greece",2012,5698
"Greece",2013,7644
"Greece",2014,9535
"Greece",2015,7171
"Greece",2016,7260
"Greece",2017,6903
"Greece",2018,9602
"Greece",2019,9775
"Greece",2020,9596
"Greece",2021,24381
"Greece",2022,16997
"Greenland",2007,5
"Greenland",2008,2
"Greenland",2009,1
"Greenland",2010,0
"Greenland",2012,5
"Greenland",2013,2
"Greenland",2014,7
"Greenland",2015,0
"Greenland",2016,2
"Greenland",2017,0
"Greenland",2018,0
"Grenada",2005,1
"Grenada",2006,1
"Grenada",2008,0
"Grenada",2009,0
"Grenada",2011,0
"Grenada",2012,11
"Grenada",2013,1
"Grenada",2014,0
"Grenada",2015,1
"Grenada",2016,0
"Grenada",2017,0
"Grenada",2018,0
"Grenada",2019,1
"Grenada",2020,0
"Grenada",2021,0
"Guatemala",2005,466
"Guatemala",2006,571
"Guatemala",2007,243
"Guatemala",2008,385
"Guatemala",2009,106
"Guatemala",2010,556
"Guatemala",2011,1168
"Guatemala",2012,1637
"Guatemala",2013,1901
"Guatemala",2014,1883
"Guatemala",2015,2150
"Guatemala",2016,1936
"Guatemala",2017,2555
"Guatemala",2018,2586
"Guatemala",2019,2705
"Guatemala",2020,2048
"Guatemala",2021,3583
"Guatemala",2022,10279
"Guinea",2005,85
"Guinea",2006,27
"Guinea",2007,5
"Guinea",2013,41
"Guinea",2014,18
"Guinea",2015,24
"Guinea",2016,12
"Guinea-Bissau",2005,5
"Guinea-Bissau",2016,0
"Guinea-Bissau",2018,0
"Guyana",2005,0
"Guyana",2007,6
"Guyana",2008,5
"Guyana",2009,1
"Guyana",2010,5
"Guyana",2011,2
"Guyana",2012,6
"Guyana",2013,0
"Guyana",2014,0
"Guyana",2016,3
"Guyana",2017,0
"Guyana",2018,3
"Guyana",2019,21
"Guyana",2020,13
"Guyana",2021,0
"Guyana",2022,0
"Honduras",2005,201
"Honduras",2006,532
"Honduras",2007,848
"Honduras",2009,381
"Honduras",2010,292
"Honduras",2011,516
"Honduras",2012,993
"Honduras",2014,1794
"Honduras",2015,1500
"Honduras",2016,1094
"Honduras",2017,722
"Honduras",2018,398
"Honduras",2019,517
"Honduras",2020,402
"Honduras",2021,789
"Hungary",2005,1133
"Hungary",2006,1093
"Hungary",2007,1313
"Hungary",2008,1446
"Hungary",2009,2079
"Hungary",2010,2009
"Hungary",2011,2034
"Hungary",2012,2915
"Hungary",2013,3821
"Hungary",2014,2913
"Hungary",2015,4144
"Hungary",2016,6645
"Hungary",2017,5228
"Hungary",2018,5785
"Hungary",2019,6267
"Hungary",2020,3756
"Hungary",2021,9398
"Hungary",2022,11164
"Iceland",2005,34
"Iceland",2006,48
"Iceland",2007,168
"Iceland",2008,22
"Iceland",2009,76
"Iceland",2010,2
"Iceland",2011,29
"Iceland",2012,11
"Iceland",2013,209
"Iceland",2014,99
"Iceland",2015,71
"Iceland",2016,51
"Iceland",2017,8
"Iceland",2018,8
"Iceland",2019,5
"Iceland",2020,16
"Iceland",2021,27
"Iceland",2022,2
"India",2005,40185
"India",2006,36946
"India",2007,49537
"India",2008,60696
"India",2009,94075
"India",2010,72016
"India",2011,88005
"India",2012,128240
"India",2013,173224
"India",2014,181049
"India",2015,114044
"India",2016,97641
"India",2017,89593
"India",2018,92508
"India",2019,62063
"India",2020,6457
"India",2021,36005
"India",2022,62607
"Indonesia",2005,2458
"Indonesia",2006,17773
"Indonesia",2007,16875
"Indonesia",2008,2049
"Indonesia",2009,1340
"Indonesia",2010,15561
"Indonesia",2011,68680
"Indonesia",2012,67246
"Indonesia",2013,81916
"Indonesia",2014,53219
"Indonesia",2015,43168
"Indonesia",2016,43089
"Indonesia",2017,47104
"Indonesia",2018,108280
"Indonesia",2019,86529
"Indonesia",2020,65323
"Indonesia",2021,82265
"Indonesia",2022,106543
"Iran (Islamic Republic of)",2005,299
"Iran (Islamic Republic of)",2006,3
"Iran (Islamic Republic of)",2010,126
"Iran (Islamic Republic of)",2011,676
"Iran (Islamic Republic of)",2013,1430
"Iran (Islamic Republic of)",2014,400
"Iran (Islamic Republic of)",2015,662
"Iran (Islamic Republic of)",2016,1010
"Iran (Islamic Republic of)",2017,1351
"Iran (Islamic Republic of)",2018,567
"Iran (Islamic Republic of)",2019,2176
"Iran (Islamic Republic of)",2020,1439
"Iran (Islamic Republic of)",2021,804
"Ireland",2005,53190
"Ireland",2006,70997
"Ireland",2007,79506
"Ireland",2008,97428
"Ireland",2009,62794
"Ireland",2010,83790
"Ireland",2011,116607
"Ireland",2012,91696
"Ireland",2013,93198
"Ireland",2014,92169
"Ireland",2015,67550
"Ireland",2016,61650
"Ireland",2017,69284
"Ireland",2018,76745
"Ireland",2019,68226
"Ireland",2020,35685
"Ireland",2021,43739
"Ireland",2022,47567
"Israel",2005,1511
"Israel",2006,2531
"Israel",2007,1768
"Israel",2008,1635
"Israel",2009,1018
"Israel",2010,3330
"Israel",2011,3007
"Israel",2012,2261
"Israel",2013,1671
"Israel",2014,1505
"Israel",2015,1619
"Israel",2016,1802
"Israel",2017,1203
"Israel",2018,2304
"Israel",2019,1659
"Israel",2020,1673
"Israel",2021,2721
"Israel",2022,3262
"Italy",2005,117966
"Italy",2006,148830
"Italy",2007,174142
"Italy",2008,150920
"Italy",2009,75310
"Italy",2010,112928
"Italy",2011,161744
"Italy",2012,133493
"Italy",2013,128348
"Italy",2014,137086
"Italy",2015,110906
"Italy",2016,120616
"Italy",2017,134482
"Italy",2018,131840
"Italy",2019,110352
"Italy",2020,91365
"Italy",2021,138096
"Italy",2022,173411
"Jamaica",2005,233
"Jamaica",2006,76
"Jamaica",2007,80
"Jamaica",2008,35
"Jamaica",2009,42
"Jamaica",2010,36
"Jamaica",2011,51
"Jamaica",2012,143
"Jamaica",2013,106
"Jamaica",2014,85
"Jamaica",2015,144
"Jamaica",2016,59
"Jamaica",2017,68
"Jamaica",2018,198
"Jamaica",2019,32
"Jamaica",2020,35
"Jamaica",2021,154
"Jamaica",2022,159
"Japan",2005,7986
"Japan",2006,8358
"Japan",2007,9586
"Japan",2008,13971
"Japan",2009,11522
"Japan",2010,10528
"Japan",2011,13207
"Japan",2012,13990
"Japan",2013,13037
"Japan",2014,15679
"Japan",2015,13169
"Japan",2016,11468
"Japan",2017,11329
"Japan",2018,12976
"Japan",2019,34749
"Japan",2020,7955
"Japan",2021,8292
"Japan",2022,7942
"Jordan",2005,1
"Jordan",2006,4
"Jordan",2007,2
"Jordan",2008,1
"Jordan",2009,716
"Jordan",2010,76
"Jordan",2011,14
"Jordan",2012,48
"Jordan",2013,9
"Jordan",2014,55
"Jordan",2015,141
"Jordan",2016,148
"Jordan",2017,136
"Jordan",2018,146
"Jordan",2019,37
"Jordan",2020,34
"Jordan",2021,139
"Jordan",2022,246
"Kazakhstan",2005,49
"Kazakhstan",2006,4
"Kazakhstan",2007,5
"Kazakhstan",2008,10
"Kazakhstan",2009,3
"Kazakhstan",2010,6
"Kazakhstan",2011,72
"Kazakhstan",2012,88
"Kazakhstan",2013,66
"Kazakhstan",2014,388
"Kazakhstan",2015,238
"Kazakhstan",2016,111
"Kazakhstan",2017,262
"Kazakhstan",2018,700
"Kazakhstan",2019,539
"Kazakhstan",2020,227
"Kazakhstan",2021,343
"Kazakhstan",2022,294
"Kenya",2005,1441
"Kenya",2006,1486
"Kenya",2007,1624
"Kenya",2008,1238
"Kenya",2009,643
"Kenya",2010,538
"Kenya",2013,628
"Kenya",2015,1178
"Kenya",2016,1748
"Kenya",2017,1343
"Kenya",2018,1796
"Kenya",2019,2686
"Kenya",2020,2952
"Kenya",2021,5163
"Kenya",2022,5775
"Kiribati",2005,0
"Kiribati",2006,16
"Kiribati",2007,0
"Kiribati",2008,3
"Kiribati",2009,17
"Kiribati",2012,0
"Kiribati",2013,0
"Kiribati",2014,0
"Kiribati",2016,0
"Kiribati",2017,2
"Kiribati",2021,3
"Korea, Republic of",2005,19607
"Korea, Republic of",2006,16704
"Korea, Republic of",2007,22913
"Korea, Republic of",2008,39589
"Korea, Republic of",2009,32449
"Korea, Republic of",2010,50071
"Korea, Republic of",2011,69116
"Korea, Republic of",2012,51283
"Korea, Republic of",2013,52496
"Korea, Republic of",2014,52994
"Korea, Republic of",2015,35906
"Korea, Republic of",2016,28135
"Korea, Republic of",2017,33540
"Korea, Republic of",2018,75808
"Korea, Republic of",2019,80374
"Korea, Republic of",2020,46683
"Korea, Republic of",2021,47639
"Korea, Republic of",2022,49191
"Kuwait",2006,327
"Kuwait",2007,684
"Kuwait",2008,312
"Kuwait",2011,141
"Kuwait",2013,207
"Kuwait",2014,570
"Kuwait",2015,325
"Kuwait",2016,177
"Kuwait",2017,569
"Kuwait",2018,89
"Kuwait",2019,153
"Kuwait",2020,128
"Kuwait",2021,246
"Kuwait",2022,720
"Kyrgyzstan",2005,52
"Kyrgyzstan",2006,26
"Kyrgyzstan",2007,42
"Kyrgyzstan",2008,41
"Kyrgyzstan",2009,429
"Kyrgyzstan",2010,186
"Kyrgyzstan",2011,1
"Kyrgyzstan",2012,157
"Kyrgyzstan",2013,573
"Kyrgyzstan",2014,130
"Kyrgyzstan",2015,70
"Kyrgyzstan",2016,291
"Kyrgyzstan",2017,5
"Kyrgyzstan",2018,470
"Kyrgyzstan",2019,59
"Kyrgyzstan",2020,59
"Kyrgyzstan",2021,51
"Kyrgyzstan",2022,103
"Lao People's Dem. Rep.",2010,461
"Lao People's Dem. Rep.",2011,593
"Lao People's Dem. Rep.",2012,265
"Lao People's Dem. Rep.",2013,1062
"Lao People's Dem. Rep.",2014,843
"Lao People's Dem. Rep.",2015,743
"Lao People's Dem. Rep.",2016,638
"Lao People's Dem. Rep.",2017,2402
"Lao People's Dem. Rep.",2018,5146
"Lao People's Dem. Rep.",2019,25412
"Lao People's Dem. Rep.",2020,11863
"Lao People's Dem. Rep.",2021,4793
"Latvia",2005,2094
"Latvia",2006,3640
"Latvia",2007,3990
"Latvia",2008,5301
"Latvia",2009,4948
"Latvia",2010,12608
"Latvia",2011,20770
"Latvia",2012,18387
"Latvia",2013,19518
"Latvia",2014,7418
"Latvia",2015,5740
"Latvia",2016,4936
"Latvia",2017,7696
"Latvia",2018,9636
"Latvia",2019,9754
"Latvia",2020,10322
"Latvia",2021,19241
"Latvia",2022,20004
"Lebanon",2005,706
"Lebanon",2006,964
"Lebanon",2007,2523
"Lebanon",2008,2992
"Lebanon",2009,993
"Lebanon",2010,926
"Lebanon",2011,1042
"Lebanon",2012,640
"Lebanon",2013,874
"Lebanon",2014,1275
"Lebanon",2015,654
"Lebanon",2016,537
"Lebanon",2017,760
"Lebanon",2018,933
"Lebanon",2019,420
"Lebanon",2020,59
"Lebanon",2021,210
"Lebanon",2022,97
"Lesotho",2005,2129
"Lesotho",2006,1739
"Lesotho",2007,1063
"Lesotho",2008,201
"Lesotho",2009,349
"Lesotho",2010,110
"Lesotho",2011,95
"Lesotho",2012,50
"Lesotho",2013,310
"Lesotho",2014,73
"Lesotho",2015,0
"Lesotho",2016,0
"Lesotho",2017,1
"Lesotho",2018,2
"Lesotho",2019,2
"Lesotho",2020,3
"Lesotho",2021,3
"Lesotho",2022,3
"Libya",2007,16
"Libya",2008,285
"Libya",2009,118
"Lithuania",2005,5214
"Lithuania",2006,6528
"Lithuania",2007,8238
"Lithuania",2008,9890
"Lithuania",2009,7768
"Lithuania",2010,15173
"Lithuania",2011,21964
"Lithuania",2012,17127
"Lithuania",2013,13551
"Lithuania",2014,15366
"Lithuania",2015,14386
"Lithuania",2016,15229
"Lithuania",2017,11781
"Lithuania",2018,13129
"Lithuania",2019,13556
"Lithuania",2020,10983
"Lithuania",2021,22882
"Lithuania",2022,29634
"Luxembourg",2005,9459
"Luxembourg",2006,11097
"Luxembourg",2007,8890
"Luxembourg",2008,10106
"Luxembourg",2009,7422
"Luxembourg",2010,6805
"Luxembourg",2011,5104
"Luxembourg",2012,4086
"Luxembourg",2013,3956
"Luxembourg",2014,4142
"Luxembourg",2015,4913
"Luxembourg",2016,6361
"Luxembourg",2017,5848
"Luxembourg",2018,5724
"Luxembourg",2019,5906
"Luxembourg",2020,5447
"Luxembourg",2021,6791
"Luxembourg",2022,6457
"Madagascar",2005,165
"Madagascar",2006,70
"Madagascar",2007,3
"Madagascar",2008,43
"Madagascar",2009,33
"Madagascar",2010,10
"Madagascar",2011,245
"Madagascar",2012,139
"Madagascar",2013,66
"Madagascar",2014,67
"Madagascar",2015,55
"Madagascar",2016,38
"Madagascar",2017,75
"Madagascar",2018,61
"Madagascar",2019,50
"Madagascar",2020,32
"Madagascar",2021,3
"Madagascar",2022,12
"Malawi",2005,2
"Malawi",2006,1
"Malawi",2007,90
"Malawi",2008,4
"Malawi",2009,8
"Malawi",2010,90
"Malawi",2011,139
"Malawi",2012,365
"Malawi",2013,350
"Malawi",2014,71
"Malawi",2015,470
"Malawi",2016,41
"Malawi",2017,219
"Malawi",2018,67
"Malawi",2019,243
"Malawi",2020,107
"Malawi",2021,330
"Malawi",2022,217
"Malaysia",2005,29315
"Malaysia",2006,28777
"Malaysia",2007,32464
"Malaysia",2008,12662
"Malaysia",2009,26128
"Malaysia",2010,29096
"Malaysia",2011,65543
"Malaysia",2012,65819
"Malaysia",2013,100089
"Malaysia",2014,72460
"Malaysia",2015,62389
"Malaysia",2016,66848
"Malaysia",2017,114601
"Malaysia",2018,183705
"Malaysia",2019,110484
"Malaysia",2020,167567
"Malaysia",2021,170205
"Malaysia",2022,173332
"Maldives",2010,0
"Maldives",2012,372
"Maldives",2014,0
"Maldives",2015,45
"Maldives",2016,1
"Maldives",2019,1
"Maldives",2021,20
"Mali",2005,35
"Mali",2006,96
"Mali",2007,205
"Mali",2008,3
"Mali",2010,1
"Mali",2011,9
"Mali",2012,9
"Mali",2016,114
"Mali",2017,20
"Mali",2018,55
"Mali",2019,54
"Malta",2005,72
"Malta",2006,139
"Malta",2007,109
"Malta",2008,84
"Malta",2009,71
"Malta",2010,128
"Malta",2011,153
"Malta",2012,174
"Malta",2013,162
"Malta",2014,128
"Malta",2015,94
"Malta",2016,50
"Malta",2017,800
"Malta",2018,39
"Malta",2019,57
"Malta",2020,53
"Malta",2021,35
"Malta",2022,213
"Mauritania",2005,392
"Mauritania",2006,633
"Mauritania",2007,237
"Mauritania",2008,146
"Mauritania",2009,24
"Mauritania",2010,27
"Mauritania",2011,7
"Mauritania",2015,0
"Mauritania",2016,9
"Mauritania",2017,16
"Mauritania",2018,11
"Mauritania",2019,21
"Mauritania",2020,40
"Mauritania",2021,59
"Mauritania",2022,63
"Mauritius",2005,106
"Mauritius",2006,5
"Mauritius",2007,5
"Mauritius",2008,18
"Mauritius",2009,23
"Mauritius",2010,65
"Mauritius",2011,65
"Mauritius",2012,123
"Mauritius",2013,107
"Mauritius",2014,59
"Mauritius",2015,72
"Mauritius",2016,39
"Mauritius",2017,4
"Mauritius",2018,27
"Mauritius",2019,10
"Mauritius",2020,0
"Mauritius",2021,2
"Mauritius",2022,1
"Mexico",2005,24459
"Mexico",2006,16907
"Mexico",2007,16441
"Mexico",2008,22089
"Mexico",2009,19799
"Mexico",2010,23419
"Mexico",2011,26580
"Mexico",2012,24128
"Mexico",2013,24819
"Mexico",2014,21573
"Mexico",2015,23932
"Mexico",2016,20798
"Mexico",2017,22045
"Mexico",2018,20952
"Mexico",2019,21692
"Mexico",2020,28281
"Mexico",2021,51257
"Mexico",2022,51021
"Micronesia (Federated States of)",2005,10
"Micronesia (Federated States of)",2006,4
"Micronesia (Federated States of)",2007,0
"Micronesia (Federated States of)",2008,6
"Micronesia (Federated States of)",2009,1
"Micronesia (Federated States of)",2010,1
"Micronesia (Federated States of)",2011,2
"Micronesia (Federated States of)",2012,0
"Micronesia (Federated States of)",2013,2
"Moldova, Republic of",2005,45
"Moldova, Republic of",2006,0
"Moldova, Republic of",2007,18
"Moldova, Republic of",2008,2
"Moldova, Republic of",2009,8
"Moldova, Republic of",2010,2
"Moldova, Republic of",2011,34
"Moldova, Republic of",2013,6
"Moldova, Republic of",2014,2
"Moldova, Republic of",2016,6
"Moldova, Republic of",2017,1
"Moldova, Republic of",2019,66
"Moldova, Republic of",2020,0
"Moldova, Republic of",2021,14
"Moldova, Republic of",2022,0
"Mongolia",2005,37
"Mongolia",2006,4
"Mongolia",2007,16
"Mongolia",2013,26
"Mongolia",2014,2
"Mongolia",2015,34
"Mongolia",2018,16
"Mongolia",2019,4
"Mongolia",2021,0
"Montenegro",2005,
"Montenegro",2006,
"Montenegro",2007,
"Montenegro",2008,9
"Montenegro",2009,8
"Montenegro",2010,8
"Montenegro",2011,31
"Montenegro",2012,0
"Montenegro",2013,24
"Montenegro",2015,5
"Montenegro",2016,8
"Montenegro",2017,31
"Montenegro",2018,10
"Montenegro",2019,107
"Montenegro",2020,146
"Montenegro",2021,197
"Montenegro",2022,157
"Montserrat",2014,0
"Montserrat",2015,0
"Montserrat",2019,0
"Morocco",2005,3920
"Morocco",2006,3980
"Morocco",2007,6007
"Morocco",2008,8521
"Morocco",2009,7948
"Morocco",2010,8867
"Morocco",2011,9171
"Morocco",2012,8964
"Morocco",2013,10444
"Morocco",2014,9533
"Morocco",2015,8506
"Morocco",2016,9822
"Morocco",2017,6850
"Morocco",2018,8304
"Morocco",2019,9062
"Morocco",2020,9326
"Morocco",2021,14986
"Morocco",2022,25449
"Mozambique",2005,245
"Mozambique",2006,160
"Mozambique",2007,273
"Mozambique",2008,364
"Mozambique",2009,225
"Mozambique",2010,499
"Mozambique",2011,695
"Mozambique",2012,1587
"Mozambique",2013,2524
"Mozambique",2014,2775
"Mozambique",2015,2025
"Mozambique",2016,779
"Mozambique",2017,1128
"Mozambique",2018,525
"Mozambique",2019,946
"Mozambique",2020,562
"Mozambique",2021,873
"Mozambique",2022,738
"Myanmar",2010,37
"Myanmar",2011,69
"Myanmar",2012,622
"Myanmar",2013,2993
"Myanmar",2014,636
"Myanmar",2015,991
"Myanmar",2016,714
"Myanmar",2017,1102
"Myanmar",2018,2918
"Myanmar",2019,1854
"Myanmar",2020,1826
"Myanmar",2021,2423
"Myanmar",2022,2452
"Namibia",2005,75
"Namibia",2006,97
"Namibia",2007,182
"Namibia",2008,269
"Namibia",2009,324
"Namibia",2010,56
"Namibia",2011,162
"Namibia",2012,165
"Namibia",2013,37
"Namibia",2014,184
"Namibia",2015,324
"Namibia",2016,106
"Namibia",2017,70
"Namibia",2018,143
"Namibia",2019,120
"Namibia",2020,39
"Namibia",2021,77
"Namibia",2022,102
"Nepal",2009,9
"Nepal",2010,8
"Nepal",2011,8
"Nepal",2012,23
"Nepal",2013,5
"Nepal",2014,3
"Nepal",2015,9
"Nepal",2016,9
"Nepal",2017,26
"Nepal",2018,46
"Nepal",2019,10
"Nepal",2020,33
"Nepal",2021,33
"Nepal",2022,3
"Netherlands (Kingdom of the)",2005,82247
"Netherlands (Kingdom of the)",2006,95872
"Netherlands (Kingdom of the)",2007,115964
"Netherlands (Kingdom of the)",2008,142941
"Netherlands (Kingdom of the)",2009,97260
"Netherlands (Kingdom of the)",2010,129227
"Netherlands (Kingdom of the)",2011,207887
"Netherlands (Kingdom of the)",2012,210725
"Netherlands (Kingdom of the)",2013,251949
"Netherlands (Kingdom of the)",2014,272559
"Netherlands (Kingdom of the)",2015,221083
"Netherlands (Kingdom of the)",2016,199945
"Netherlands (Kingdom of the)",2017,215846
"Netherlands (Kingdom of the)",2018,199559
"Netherlands (Kingdom of the)",2019,193559
"Netherlands (Kingdom of the)",2020,180018
"Netherlands (Kingdom of the)",2021,308555
"Netherlands (Kingdom of the)",2022,427423
"Netherlands Antilles",2005,6
"Netherlands Antilles",2006,15
"Netherlands Antilles",2007,6
"Netherlands Antilles",2008,17
"Netherlands Antilles",2011,
"Netherlands Antilles",2012,
"Netherlands Antilles",2013,
"Netherlands Antilles",2014,
"Netherlands Antilles",2015,
"Netherlands Antilles",2016,
"Netherlands Antilles",2017,
"Netherlands Antilles",2018,
"Netherlands Antilles",2019,
"Netherlands Antilles",2020,
"Netherlands Antilles",2021,
"Netherlands Antilles",2022,
"New Caledonia",2005,1
"New Caledonia",2006,0
"New Caledonia",2007,0
"New Caledonia",2008,11
"New Caledonia",2009,5
"New Caledonia",2010,1
"New Caledonia",2011,0
"New Caledonia",2012,0
"New Caledonia",2014,1
"New Zealand",2005,1882
"New Zealand",2006,3099
"New Zealand",2007,2246
"New Zealand",2008,2156
"New Zealand",2009,2739
"New Zealand",2010,4203
"New Zealand",2011,4708
"New Zealand",2012,5412
"New Zealand",2013,8252
"New Zealand",2014,6222
"New Zealand",2015,5236
"New Zealand",2016,4384
"New Zealand",2017,4375
"New Zealand",2018,4793
"New Zealand",2019,4750
"New Zealand",2020,3106
"New Zealand",2021,5460
"New Zealand",2022,3543
"Nicaragua",2005,113
"Nicaragua",2006,252
"Nicaragua",2007,363
"Nicaragua",2008,360
"Nicaragua",2009,302
"Nicaragua",2010,435
"Nicaragua",2011,566
"Nicaragua",2012,617
"Nicaragua",2013,689
"Nicaragua",2014,366
"Nicaragua",2015,317
"Nicaragua",2016,290
"Nicaragua",2017,259
"Nicaragua",2018,677
"Nicaragua",2019,1037
"Nicaragua",2020,1104
"Nicaragua",2021,2187
"Nicaragua",2022,1647
"Niger",2005,0
"Niger",2006,0
"Niger",2007,0
"Niger",2008,4
"Niger",2009,1
"Niger",2010,2
"Niger",2011,1
"Niger",2012,4
"Niger",2013,7
"Niger",2014,3
"Niger",2015,9
"Niger",2016,3
"Niger",2017,27
"Niger",2018,11
"Niger",2019,33
"Niger",2020,118
"Niger",2021,17
"Niger",2022,4
"Nigeria",2006,1872
"Nigeria",2007,4614
"Nigeria",2008,8682
"Nigeria",2009,79865
"Nigeria",2010,52247
"Nigeria",2011,5714
"Nigeria",2012,7690
"Nigeria",2013,14377
"Nigeria",2014,44807
"Nigeria",2015,18534
"Nigeria",2016,6922
"Nigeria",2017,14294
"Nigeria",2018,16079
"Nigeria",2019,22073
"Nigeria",2020,14320
"Nigeria",2021,3558
"Nigeria",2022,4471
"North Macedonia",2005,356
"North Macedonia",2006,528
"North Macedonia",2007,929
"North Macedonia",2008,2245
"North Macedonia",2009,1392
"North Macedonia",2010,2027
"North Macedonia",2011,4024
"North Macedonia",2012,6593
"North Macedonia",2013,6408
"North Macedonia",2014,5844
"North Macedonia",2015,2421
"North Macedonia",2016,1388
"North Macedonia",2017,1739
"North Macedonia",2018,1705
"North Macedonia",2019,1635
"North Macedonia",2020,912
"North Macedonia",2021,713
"North Macedonia",2022,798
"Norway",2005,612
"Norway",2006,1285
"Norway",2007,620
"Norway",2008,934
"Norway",2009,868
"Norway",2010,853
"Norway",2011,989
"Norway",2012,2018
"Norway",2013,2354
"Norway",2014,2334
"Norway",2015,1121
"Norway",2016,943
"Norway",2017,1412
"Norway",2018,1512
"Norway",2019,1589
"Norway",2020,2265
"Norway",2021,1783
"Norway",2022,1563
"Oman",2005,806
"Oman",2006,503
"Oman",2007,688
"Oman",2008,1058
"Oman",2009,1807
"Oman",2010,1435
"Oman",2011,2852
"Oman",2012,4794
"Oman",2013,3236
"Oman",2014,4028
"Oman",2015,3223
"Oman",2016,1972
"Oman",2017,2882
"Oman",2018,3487
"Oman",2019,5958
"Oman",2020,3194
"Oman",2021,3334
"Oman",2022,1906
"Pakistan",2005,12886
"Pakistan",2006,9994
"Pakistan",2007,11461
"Pakistan",2008,15883
"Pakistan",2009,10688
"Pakistan",2010,19497
"Pakistan",2011,24439
"Pakistan",2012,17854
"Pakistan",2013,15075
"Pakistan",2014,18857
"Pakistan",2015,9506
"Pakistan",2016,7863
"Pakistan",2017,17863
"Pakistan",2018,22623
"Pakistan",2019,19195
"Pakistan",2020,20334
"Pakistan",2021,27426
"Pakistan",2022,29694
"Palau",2007,10
"Palau",2008,9
"Palau",2009,7
"Palau",2010,13
"Palau",2011,2
"Palau",2012,4
"Palau",2013,1
"Palau",2014,13
"Palau",2015,6
"Palau",2016,4
"Palau",2017,4
"Palau",2018,6
"Panama",2005,1953
"Panama",2006,443
"Panama",2007,242
"Panama",2008,438
"Panama",2009,53
"Panama",2010,562
"Panama",2011,1171
"Panama",2012,1213
"Panama",2013,677
"Panama",2014,1338
"Panama",2015,742
"Panama",2016,459
"Panama",2017,658
"Panama",2018,910
"Panama",2019,53
"Panama",2020,276
"Panama",2021,459
"Panama",2022,348
"Papua New Guinea",2011,17
"Papua New Guinea",2012,46
"Papua New Guinea",2019,86
"Papua New Guinea",2020,18
"Papua New Guinea",2021,3
"Paraguay",2005,71
"Paraguay",2006,82
"Paraguay",2007,201
"Paraguay",2008,385
"Paraguay",2009,260
"Paraguay",2010,243
"Paraguay",2011,139
"Paraguay",2012,276
"Paraguay",2013,140
"Paraguay",2014,78
"Paraguay",2015,298
"Paraguay",2016,425
"Paraguay",2017,929
"Paraguay",2018,873
"Paraguay",2019,1550
"Paraguay",2020,765
"Paraguay",2021,857
"Paraguay",2022,1445
"Peru",2005,276
"Peru",2006,337
"Peru",2007,608
"Peru",2008,1102
"Peru",2009,702
"Peru",2010,898
"Peru",2011,1459
"Peru",2012,1655
"Peru",2013,1936
"Peru",2014,1318
"Peru",2015,1626
"Peru",2016,3083
"Peru",2017,3008
"Peru",2018,3278
"Peru",2019,4473
"Peru",2020,5347
"Peru",2021,5847
"Peru",2022,4350
"Philippines",2005,2371
"Philippines",2006,1557
"Philippines",2007,841
"Philippines",2008,907
"Philippines",2009,386
"Philippines",2010,405
"Philippines",2011,1141
"Philippines",2012,1702
"Philippines",2013,2587
"Philippines",2014,1157
"Philippines",2015,1773
"Philippines",2016,2900
"Philippines",2017,3148
"Philippines",2018,6295
"Philippines",2019,8831
"Philippines",2020,8232
"Philippines",2021,4548
"Philippines",2022,2639
"Poland",2005,4797
"Poland",2006,5957
"Poland",2007,8300
"Poland",2008,11842
"Poland",2009,7291
"Poland",2010,10288
"Poland",2011,16916
"Poland",2012,18384
"Poland",2013,33231
"Poland",2014,38428
"Poland",2015,41236
"Poland",2016,49755
"Poland",2017,60024
"Poland",2018,79237
"Poland",2019,68946
"Poland",2020,55140
"Poland",2021,75960
"Poland",2022,102922
"Portugal",2005,8836
"Portugal",2006,11029
"Portugal",2007,12296
"Portugal",2008,18144
"Portugal",2009,9565
"Portugal",2010,14704
"Portugal",2011,31461
"Portugal",2012,21239
"Portugal",2013,27139
"Portugal",2014,28799
"Portugal",2015,24271
"Portugal",2016,23512
"Portugal",2017,30648
"Portugal",2018,36598
"Portugal",2019,29347
"Portugal",2020,19802
"Portugal",2021,38048
"Portugal",2022,60813
"Qatar",2005,5309
"Qatar",2006,6391
"Qatar",2007,4896
"Qatar",2008,5465
"Qatar",2010,2119
"Qatar",2012,4594
"Qatar",2013,5099
"Qatar",2014,4642
"Qatar",2015,4917
"Qatar",2016,4382
"Qatar",2017,4404
"Qatar",2018,1319
"Qatar",2019,979
"Qatar",2020,929
"Qatar",2021,1313
"Qatar",2022,2232
"Romania",2005,57
"Romania",2006,216
"Romania",2007,1385
"Romania",2008,1765
"Romania",2009,2547
"Romania",2010,4974
"Romania",2011,15130
"Romania",2012,19297
"Romania",2013,24349
"Romania",2014,28866
"Romania",2015,16608
"Romania",2016,24849
"Romania",2017,30454
"Romania",2018,42053
"Romania",2019,43489
"Romania",2020,30312
"Romania",2021,36831
"Romania",2022,46324
"Russian Federation",2005,3166
"Russian Federation",2006,4276
"Russian Federation",2007,4384
"Russian Federation",2008,6595
"Russian Federation",2009,3957
"Russian Federation",2010,9969
"Russian Federation",2011,13214
"Russian Federation",2012,11889
"Russian Federation",2013,15951
"Russian Federation",2014,14509
"Russian Federation",2015,18382
"Russian Federation",2016,16856
"Russian Federation",2017,15717
"Russian Federation",2018,20602
"Russian Federation",2019,26040
"Russian Federation",2020,19293
"Russian Federation",2021,26836
"Rwanda",2005,3
"Rwanda",2006,55
"Rwanda",2007,9
"Rwanda",2008,37
"Rwanda",2009,3
"Rwanda",2010,56
"Rwanda",2011,37
"Rwanda",2012,50
"Rwanda",2013,355
"Rwanda",2014,55
"Rwanda",2015,77
"Rwanda",2016,11
"Rwanda",2017,211
"Rwanda",2018,188
"Rwanda",2019,327
"Rwanda",2020,434
"Rwanda",2021,290
"Rwanda",2022,783
"Saint Kitts and Nevis",2005,0
"Saint Kitts and Nevis",2013,0
"Saint Kitts and Nevis",2014,0
"Saint Kitts and Nevis",2015,0
"Saint Kitts and Nevis",2016,5
"Saint Kitts and Nevis",2017,0
"Saint Lucia",2005,10
"Saint Lucia",2006,10
"Saint Lucia",2007,4
"Saint Lucia",2008,7
"Saint Lucia",2009,11
"Saint Lucia",2010,12
"Saint Lucia",2011,127
"Saint Lucia",2012,4
"Saint Lucia",2013,0
"Saint Lucia",2014,22
"Saint Lucia",2015,3
"Saint Lucia",2016,0
"Saint Lucia",2017,6
"Saint Lucia",2018,26
"Saint Lucia",2019,27
"Saint Lucia",2020,21
"Saint Vincent and the Grenadines",2005,0
"Saint Vincent and the Grenadines",2006,0
"Saint Vincent and the Grenadines",2007,2
"Saint Vincent and the Grenadines",2008,0
"Saint Vincent and the Grenadines",2009,3
"Saint Vincent and the Grenadines",2010,0
"Saint Vincent and the Grenadines",2011,0
"Saint Vincent and the Grenadines",2012,0
"Saint Vincent and the Grenadines",2013,2
"Saint Vincent and the Grenadines",2015,0
"Saint Vincent and the Grenadines",2018,1
"Saint Vincent and the Grenadines",2019,0
"Saint Vincent and the Grenadines",2020,0
"Samoa",2005,0
"Samoa",2006,3
"Samoa",2008,2
"Samoa",2009,15
"Samoa",2010,35
"Samoa",2011,2
"Samoa",2012,3
"Samoa",2013,6
"Samoa",2014,2
"Samoa",2015,33
"Samoa",2016,4
"Samoa",2017,3
"Samoa",2018,10
"Samoa",2019,1
"Sao Tome and Principe",2006,0
"Sao Tome and Principe",2008,0
"Sao Tome and Principe",2009,1
"Sao Tome and Principe",2010,1
"Sao Tome and Principe",2011,3
"Sao Tome and Principe",2012,0
"Sao Tome and Principe",2013,0
"Sao Tome and Principe",2015,1
"Sao Tome and Principe",2017,2
"Sao Tome and Principe",2018,4
"Sao Tome and Principe",2019,4
"Sao Tome and Principe",2021,0
"Sao Tome and Principe",2022,0
"Saudi Arabia",2005,12248
"Saudi Arabia",2006,5222
"Saudi Arabia",2007,5390
"Saudi Arabia",2008,4825
"Saudi Arabia",2009,8292
"Saudi Arabia",2010,12317
"Saudi Arabia",2011,10072
"Saudi Arabia",2012,14221
"Saudi Arabia",2013,15007
"Saudi Arabia",2014,6088
"Saudi Arabia",2015,10414
"Saudi Arabia",2016,8349
"Saudi Arabia",2017,7512
"Saudi Arabia",2018,10855
"Saudi Arabia",2019,15154
"Saudi Arabia",2020,11573
"Saudi Arabia",2021,9025
"Senegal",2005,71
"Senegal",2006,38
"Senegal",2007,500
"Senegal",2008,485
"Senegal",2009,348
"Senegal",2010,50
"Senegal",2011,17
"Senegal",2012,27
"Senegal",2013,27
"Senegal",2014,89
"Senegal",2015,301
"Senegal",2016,416
"Senegal",2017,1239
"Senegal",2018,1734
"Senegal",2019,1708
"Senegal",2020,350
"Senegal",2021,505
"Senegal",2022,402
"Serbia",2005,
"Serbia",2006,
"Serbia",2007,
"Serbia",2008,1639
"Serbia",2009,649
"Serbia",2010,493
"Serbia",2011,902
"Serbia",2012,350
"Serbia",2013,195
"Serbia",2014,1204
"Serbia",2015,1520
"Serbia",2016,3202
"Serbia",2017,2932
"Serbia",2018,4820
"Serbia",2019,5289
"Serbia",2020,6922
"Serbia",2021,5791
"Serbia",2022,7433
"Serbia and Montenegro",2006,902
"Serbia and Montenegro",2007,921
"Serbia and Montenegro",2008,
"Serbia and Montenegro",2009,
"Serbia and Montenegro",2010,
"Serbia and Montenegro",2011,
"Serbia and Montenegro",2012,
"Serbia and Montenegro",2013,
"Serbia and Montenegro",2014,
"Serbia and Montenegro",2015,
"Serbia and Montenegro",2016,
"Serbia and Montenegro",2017,
"Serbia and Montenegro",2018,
"Serbia and Montenegro",2019,
"Serbia and Montenegro",2020,
"Serbia and Montenegro",2021,
"Serbia and Montenegro",2022,
"Seychelles",2005,24
"Seychelles",2006,231
"Seychelles",2007,60
"Seychelles",2008,50
"Seychelles",2009,75
"Seychelles",2010,2
"Seychelles",2011,0
"Seychelles",2012,0
"Seychelles",2013,1
"Seychelles",2014,8
"Seychelles",2015,2
"Seychelles",2016,2
"Seychelles",2017,3
"Seychelles",2019,9
"Seychelles",2020,1
"Seychelles",2022,0
"Sierra Leone",2014,959
"Sierra Leone",2015,890
"Sierra Leone",2016,607
"Sierra Leone",2017,990
"Sierra Leone",2018,1344
"Singapore",2005,7896
"Singapore",2006,4767
"Singapore",2007,4906
"Singapore",2008,6446
"Singapore",2009,5534
"Singapore",2010,4798
"Singapore",2011,3509
"Singapore",2012,3079
"Singapore",2013,5036
"Singapore",2014,3222
"Singapore",2015,5307
"Singapore",2016,1430
"Singapore",2017,3803
"Singapore",2018,3496
"Singapore",2019,2538
"Singapore",2020,2261
"Singapore",2021,576
"Singapore",2022,443
"Slovakia",2005,3936
"Slovakia",2006,4151
"Slovakia",2007,5162
"Slovakia",2008,9206
"Slovakia",2009,48331
"Slovakia",2010,13778
"Slovakia",2011,13455
"Slovakia",2012,10580
"Slovakia",2013,13544
"Slovakia",2014,13469
"Slovakia",2015,11932
"Slovakia",2016,9272
"Slovakia",2017,9632
"Slovakia",2018,8738
"Slovakia",2019,9311
"Slovakia",2020,4397
"Slovakia",2021,10499
"Slovakia",2022,18361
"Slovenia",2005,3387
"Slovenia",2006,5339
"Slovenia",2007,9981
"Slovenia",2008,10913
"Slovenia",2009,7466
"Slovenia",2010,15073
"Slovenia",2011,18549
"Slovenia",2012,17245
"Slovenia",2013,26010
"Slovenia",2014,35906
"Slovenia",2015,33583
"Slovenia",2016,29028
"Slovenia",2017,24647
"Slovenia",2018,27042
"Slovenia",2019,35631
"Slovenia",2020,23855
"Slovenia",2021,43866
"Slovenia",2022,69232
"Solomon Islands",2015,15
"Solomon Islands",2016,32
"Solomon Islands",2017,4
"Solomon Islands",2018,394
"South Africa",2005,2637
"South Africa",2006,1971
"South Africa",2007,1712
"South Africa",2008,1781
"South Africa",2009,2098
"South Africa",2010,2412
"South Africa",2011,2920
"South Africa",2012,3047
"South Africa",2013,3619
"South Africa",2014,3058
"South Africa",2015,2726
"South Africa",2016,1959
"South Africa",2017,2068
"South Africa",2018,4942
"South Africa",2019,5246
"South Africa",2020,3154
"South Africa",2021,4833
"South Africa",2022,4826
"Spain",2005,27376
"Spain",2006,34662
"Spain",2007,47403
"Spain",2008,57219
"Spain",2009,35002
"Spain",2010,38165
"Spain",2011,59583
"Spain",2012,42442
"Spain",2013,63867
"Spain",2014,54081
"Spain",2015,47417
"Spain",2016,42940
"Spain",2017,54155
"Spain",2018,71408
"Spain",2019,74648
"Spain",2020,55004
"Spain",2021,94599
"Spain",2022,176410
"Sri Lanka",2005,1057
"Sri Lanka",2006,334
"Sri Lanka",2007,822
"Sri Lanka",2008,594
"Sri Lanka",2009,731
"Sri Lanka",2010,627
"Sri Lanka",2011,890
"Sri Lanka",2012,989
"Sri Lanka",2013,1153
"Sri Lanka",2014,2637
"Sri Lanka",2015,1928
"Sri Lanka",2016,1895
"Sri Lanka",2017,2157
"Sri Lanka",2019,2737
"Sri Lanka",2020,2054
"Sri Lanka",2021,3788
"Sri Lanka",2022,2907
"State of Palestine",2007,0
"State of Palestine",2010,16
"State of Palestine",2011,21
"State of Palestine",2012,3
"State of Palestine",2013,18
"State of Palestine",2014,53
"State of Palestine",2015,750
"State of Palestine",2016,370
"State of Palestine",2017,411
"State of Palestine",2018,435
"State of Palestine",2019,296
"State of Palestine",2020,328
"State of Palestine",2021,178
"State of Palestine",2022,25
"Sudan",2005,
"Sudan",2006,
"Sudan",2007,
"Sudan",2008,
"Sudan",2009,
"Sudan",2010,
"Sudan",2011,
"Sudan",2012,99
"Sudan",2013,13
"Sudan",2014,92
"Sudan",2015,43
"Sudan",2016,37
"Sudan",2017,280
"Sudan",2018,227
"Sudan (...2011)",2005,102
"Sudan (...2011)",2006,18
"Sudan (...2011)",2007,333
"Sudan (...2011)",2008,408
"Sudan (...2011)",2009,130
"Sudan (...2011)",2010,130
"Sudan (...2011)",2011,313
"Sudan (...2011)",2012,
"Sudan (...2011)",2013,
"Sudan (...2011)",2014,
"Sudan (...2011)",2015,
"Sudan (...2011)",2016,
"Sudan (...2011)",2017,
"Sudan (...2011)",2018,
"Sudan (...2011)",2019,
"Sudan (...2011)",2020,
"Sudan (...2011)",2021,
"Sudan (...2011)",2022,
"Suriname",2010,0
"Suriname",2011,1
"Suriname",2017,11
"Suriname",2018,10
"Suriname",2020,21
"Suriname",2021,11
"Suriname",2022,24
"Sweden",2005,7066
"Sweden",2006,7883
"Sweden",2007,10687
"Sweden",2008,8548
"Sweden",2009,6706
"Sweden",2010,16408
"Sweden",2011,25420
"Sweden",2012,26379
"Sweden",2013,33182
"Sweden",2014,25305
"Sweden",2015,16105
"Sweden",2016,13801
"Sweden",2017,10478
"Sweden",2018,13248
"Sweden",2019,13451
"Sweden",2020,15869
"Sweden",2021,25257
"Sweden",2022,29644
"Switzerland, Liechtenstein",2005,9751
"Switzerland, Liechtenstein",2006,10431
"Switzerland, Liechtenstein",2007,10408
"Switzerland, Liechtenstein",2008,10721
"Switzerland, Liechtenstein",2009,6798
"Switzerland, Liechtenstein",2010,5863
"Switzerland, Liechtenstein",2011,8802
"Switzerland, Liechtenstein",2012,8484
"Switzerland, Liechtenstein",2013,7134
"Switzerland, Liechtenstein",2014,7104
"Switzerland, Liechtenstein",2015,4312
"Switzerland, Liechtenstein",2016,5625
"Switzerland, Liechtenstein",2017,7092
"Switzerland, Liechtenstein",2018,7140
"Switzerland, Liechtenstein",2019,6135
"Switzerland, Liechtenstein",2020,7267
"Switzerland, Liechtenstein",2021,7749
"Switzerland, Liechtenstein",2022,10916
"Syrian Arab Republic",2005,108
"Syrian Arab Republic",2006,356
"Syrian Arab Republic",2007,170
"Syrian Arab Republic",2008,353
"Syrian Arab Republic",2009,569
"Syrian Arab Republic",2010,609
"Tajikistan",2016,82
"Tajikistan",2017,226
"Tajikistan",2018,124
"Tajikistan",2019,570
"Tajikistan",2020,198
"Tajikistan",2021,452
"Tajikistan",2022,815
"Tanzania, United Republic of",2005,210
"Tanzania, United Republic of",2006,120
"Tanzania, United Republic of",2007,133
"Tanzania, United Republic of",2008,604
"Tanzania, United Republic of",2009,175
"Tanzania, United Republic of",2010,740
"Tanzania, United Republic of",2011,1375
"Tanzania, United Republic of",2012,1339
"Tanzania, United Republic of",2013,1745
"Tanzania, United Republic of",2014,5088
"Tanzania, United Republic of",2015,4383
"Tanzania, United Republic of",2016,2982
"Tanzania, United Republic of",2017,2520
"Tanzania, United Republic of",2018,3279
"Tanzania, United Republic of",2019,1903
"Tanzania, United Republic of",2020,1503
"Tanzania, United Republic of",2021,800
"Tanzania, United Republic of",2022,332
"Thailand",2005,4310
"Thailand",2006,3603
"Thailand",2007,4803
"Thailand",2008,12960
"Thailand",2009,5122
"Thailand",2010,8881
"Thailand",2011,18741
"Thailand",2012,20307
"Thailand",2013,22051
"Thailand",2014,26320
"Thailand",2015,14984
"Thailand",2016,17222
"Thailand",2017,29917
"Thailand",2018,76069
"Thailand",2019,45472
"Thailand",2020,27799
"Thailand",2021,44308
"Thailand",2022,50171
"Timor-Leste",2005,15
"Timor-Leste",2017,1
"Timor-Leste",2018,3
"Timor-Leste",2019,0
"Timor-Leste",2020,1
"Timor-Leste",2021,2
"Timor-Leste",2022,0
"Togo",2005,6
"Togo",2007,22
"Togo",2008,1213
"Togo",2009,124
"Togo",2010,224
"Togo",2011,939
"Togo",2012,829
"Togo",2013,547
"Togo",2014,712
"Togo",2015,258
"Togo",2016,65
"Togo",2017,875
"Togo",2018,1345
"Togo",2019,61
"Togo",2020,285
"Togo",2021,116
"Togo",2022,180
"Tonga",2008,108
"Tonga",2009,111
"Tonga",2010,282
"Tonga",2011,42
"Tonga",2012,0
"Tonga",2013,1
"Tonga",2014,4
"Trinidad and Tobago",2005,44
"Trinidad and Tobago",2006,102
"Trinidad and Tobago",2007,114
"Trinidad and Tobago",2008,64
"Trinidad and Tobago",2009,13
"Trinidad and Tobago",2010,54
"Trinidad and Tobago",2011,71
"Trinidad and Tobago",2012,102
"Trinidad and Tobago",2013,78
"Trinidad and Tobago",2014,225
"Trinidad and Tobago",2015,368
"Trinidad and Tobago",2016,468
"Trinidad and Tobago",2017,165
"Trinidad and Tobago",2018,75
"Trinidad and Tobago",2019,64
"Trinidad and Tobago",2020,117
"Trinidad and Tobago",2021,186
"Trinidad and Tobago",2022,119
"Tunisia",2005,805
"Tunisia",2006,542
"Tunisia",2007,551
"Tunisia",2008,748
"Tunisia",2009,1195
"Tunisia",2010,1745
"Tunisia",2011,2074
"Tunisia",2012,2666
"Tunisia",2013,3181
"Tunisia",2014,2228
"Tunisia",2015,1356
"Tunisia",2016,1497
"Tunisia",2017,1842
"Tunisia",2018,1829
"Tunisia",2019,1852
"Tunisia",2020,1206
"Tunisia",2021,743
"Tunisia",2022,226
"Turkiye",2005,16998
"Turkiye",2006,11705
"Turkiye",2007,26835
"Turkiye",2008,18808
"Turkiye",2009,9430
"Turkiye",2010,21859
"Turkiye",2011,44636
"Turkiye",2012,37412
"Turkiye",2013,37924
"Turkiye",2014,52278
"Turkiye",2015,41698
"Turkiye",2016,54884
"Turkiye",2017,84889
"Turkiye",2018,127414
"Turkiye",2019,125404
"Turkiye",2020,148084
"Turkiye",2021,207995
"Turkiye",2022,312650
"Turks and Caicos Islands",2011,4
"Turks and Caicos Islands",2012,3
"Uganda",2005,45
"Uganda",2006,38
"Uganda",2007,26
"Uganda",2008,21
"Uganda",2009,9
"Uganda",2010,78
"Uganda",2011,184
"Uganda",2012,165
"Uganda",2013,51
"Uganda",2014,287
"Uganda",2015,212
"Uganda",2016,241
"Uganda",2017,312
"Uganda",2018,396
"Uganda",2019,537
"Uganda",2020,1435
"Uganda",2021,1115
"Ukraine",2005,396
"Ukraine",2006,689
"Ukraine",2007,6058
"Ukraine",2008,1905
"Ukraine",2009,2267
"Ukraine",2010,3999
"Ukraine",2011,5651
"Ukraine",2012,4428
"Ukraine",2013,3771
"Ukraine",2014,5187
"Ukraine",2015,8336
"Ukraine",2016,9548
"Ukraine",2017,15068
"Ukraine",2018,19361
"Ukraine",2019,21994
"Ukraine",2020,13541
"Ukraine",2021,23653
"Ukraine",2022,7917
"United Arab Emirates",2005,11538
"United Arab Emirates",2007,21238
"United Arab Emirates",2008,28330
"United Arab Emirates",2012,4107
"United Arab Emirates",2013,8017
"United Arab Emirates",2014,4831
"United Arab Emirates",2015,4513
"United Arab Emirates",2016,3457
"United Arab Emirates",2017,3412
"United Arab Emirates",2018,4440
"United Arab Emirates",2019,3208
"United Arab Emirates",2020,703
"United Arab Emirates",2021,1110
"United Arab Emirates",2022,1762
"United Kingdom",2005,33307
"United Kingdom",2006,43406
"United Kingdom",2007,71059
"United Kingdom",2008,48905
"United Kingdom",2009,34662
"United Kingdom",2010,42011
"United Kingdom",2011,64804
"United Kingdom",2012,61737
"United Kingdom",2013,77996
"United Kingdom",2014,88689
"United Kingdom",2015,56566
"United Kingdom",2016,70710
"United Kingdom",2017,62704
"United Kingdom",2018,71069
"United Kingdom",2019,77290
"United Kingdom",2020,54935
"United Kingdom",2021,58051
"United Kingdom",2022,79045
"United States of America",2005,262813
"United States of America",2006,433508
"United States of America",2007,256561
"United States of America",2008,270715
"United States of America",2009,215242
"United States of America",2010,238133
"United States of America",2011,234640
"United States of America",2012,238560
"United States of America",2013,279086
"United States of America",2014,309052
"United States of America",2015,254684
"United States of America",2016,250977
"United States of America",2017,260570
"United States of America",2018,278891
"United States of America",2019,258136
"United States of America",2020,237436
"United States of America",2021,378310
"United States of America",2022,386696
"Uruguay",2005,661
"Uruguay",2006,376
"Uruguay",2007,530
"Uruguay",2008,547
"Uruguay",2009,269
"Uruguay",2010,669
"Uruguay",2011,354
"Uruguay",2012,273
"Uruguay",2013,467
"Uruguay",2014,80
"Uruguay",2015,438
"Uruguay",2016,212
"Uruguay",2017,303
"Uruguay",2018,250
"Uruguay",2019,341
"Uruguay",2020,100
"Uruguay",2021,22
"Uruguay",2022,31
"Uzbekistan",2017,1789
"Uzbekistan",2018,5789
"Uzbekistan",2019,6733
"Uzbekistan",2020,6151
"Uzbekistan",2021,7424
"Uzbekistan",2022,5505
"Vanuatu",2006,0
"Vanuatu",2007,2
"Vanuatu",2009,16
"Vanuatu",2010,4
"Vanuatu",2011,6
"Venezuela (Bolivarian Rep. of)",2005,122
"Venezuela (Bolivarian Rep. of)",2006,127
"Venezuela (Bolivarian Rep. of)",2007,58
"Venezuela (Bolivarian Rep. of)",2008,131
"Venezuela (Bolivarian Rep. of)",2009,44
"Venezuela (Bolivarian Rep. of)",2010,22
"Venezuela (Bolivarian Rep. of)",2011,46
"Venezuela (Bolivarian Rep. of)",2012,1119
"Venezuela (Bolivarian Rep. of)",2013,196
"Viet Nam",2005,9758
"Viet Nam",2006,18067
"Viet Nam",2007,42252
"Viet Nam",2008,51997
"Viet Nam",2009,36345
"Viet Nam",2010,35660
"Viet Nam",2011,34765
"Viet Nam",2012,30255
"Viet Nam",2013,44364
"Viet Nam",2014,52187
"Viet Nam",2015,51476
"Viet Nam",2016,43863
"Viet Nam",2017,72012
"Viet Nam",2018,109155
"Viet Nam",2019,150251
"Viet Nam",2020,141702
"Viet Nam",2021,205786
"Viet Nam",2022,199618
"Yemen",2005,1183
"Yemen",2006,1616
"Yemen",2007,1343
"Yemen",2008,1436
"Yemen",2009,2124
"Yemen",2010,1966
"Yemen",2011,919
"Yemen",2012,2358
"Yemen",2013,2831
"Yemen",2014,3397
"Yemen",2015,1031
"Yemen",2018,1639
"Yemen",2019,2288
"Zambia",2005,5
"Zambia",2006,17
"Zambia",2007,70
"Zambia",2008,237
"Zambia",2009,129
"Zambia",2010,25
"Zambia",2011,118
"Zambia",2012,22
"Zambia",2013,110
"Zambia",2014,43
"Zambia",2015,17
"Zambia",2016,42
"Zambia",2017,41
"Zambia",2018,38
"Zambia",2019,188
"Zambia",2020,52
"Zambia",2021,69
"Zambia",2022,42
"Zimbabwe",2005,1619
"Zimbabwe",2006,923
"Zimbabwe",2007,580
"Zimbabwe",2008,129
"Zimbabwe",2009,267
"Zimbabwe",2010,219
"Zimbabwe",2011,1685
"Zimbabwe",2012,1625
"Zimbabwe",2013,750
"Zimbabwe",2014,158
"Zimbabwe",2015,502
"Zimbabwe",2016,452
"Zimbabwe",2017,1327
"Zimbabwe",2018,2189
"Zimbabwe",2019,786
"Zimbabwe",2020,1258
"Zimbabwe",2021,1228
"Zimbabwe",2022,1209
