STRUCTURE,STRUCTURE_ID,STRUCTURE_NAME,ACTION,LOCATION,Location,PLASTICS_EOLFATETYPES,Plastic end of life fates,TIME_PERIOD,Time,OBS_VALUE,Observation Value,OBS_STATUS,Observation Status,UNIT_MEASURE,Unit of Measures,UNIT_MULT,Multiplier,BASE_PER,Base reference period
DATAFLOW,OECD:DF_PLASTIC_WASTE_5(1.0),Plastic waste by region and end-of-life fate,I,OAM,Other OECD America,LIT,Littered,2019,,0.040186,,A,,,,,,,
DATAFLOW,OECD:DF_PLASTIC_WASTE_5(1.0),Plastic waste by region and end-of-life fate,I,ODA,Other non-OECD Asia,TOTAL,Total,2019,,25.46238,,A,,,,,,,
DATAFLOW,OECD:DF_PLASTIC_WASTE_5(1.0),Plastic waste by region and end-of-life fate,I,OPA,OECD Asia,LAN,Landfilled,2019,,1.73161,,A,,,,,,,
DATAFLOW,OECD:DF_PLASTIC_WASTE_5(1.0),Plastic waste by region and end-of-life fate,I,OCE,OECD Oceania,MIS,Mismanaged,2019,,0.124666,,A,,,,,,,
DATAFLOW,OECD:DF_PLASTIC_WASTE_5(1.0),Plastic waste by region and end-of-life fate,I,RAN,Other Eurasia,INC,Incinerated,2019,,0.171116,,A,,,,,,,
DATAFLOW,OECD:DF_PLASTIC_WASTE_5(1.0),Plastic waste by region and end-of-life fate,I,MEN,Middle East & North Africa,TOTAL,Total,2019,,16.91715,,A,,,,,,,
DATAFLOW,OECD:DF_PLASTIC_WASTE_5(1.0),Plastic waste by region and end-of-life fate,I,EU5,Other EU,REC,Recycled,2019,,0.147028,,A,,,,,,,
DATAFLOW,OECD:DF_PLASTIC_WASTE_5(1.0),Plastic waste by region and end-of-life fate,I,OE6,OECD Non-EU,INC,Incinerated,2019,,3.759428,,A,,,,,,,
DATAFLOW,OECD:DF_PLASTIC_WASTE_5(1.0),Plastic waste by region and end-of-life fate,I,OAM,Other OECD America,INC,Incinerated,2019,,0.054668,,A,,,,,,,
DATAFLOW,OECD:DF_PLASTIC_WASTE_5(1.0),Plastic waste by region and end-of-life fate,I,ODA,Other non-OECD Asia,LAN,Landfilled,2019,,10.609316,,A,,,,,,,
DATAFLOW,OECD:DF_PLASTIC_WASTE_5(1.0),Plastic waste by region and end-of-life fate,I,EU5,Other EU,MIS,Mismanaged,2019,,0.25695,,A,,,,,,,
DATAFLOW,OECD:DF_PLASTIC_WASTE_5(1.0),Plastic waste by region and end-of-life fate,I,OPA,OECD Asia,TOTAL,Total,2019,,12.250182,,A,,,,,,,
DATAFLOW,OECD:DF_PLASTIC_WASTE_5(1.0),Plastic waste by region and end-of-life fate,I,RAN,Other Eurasia,LIT,Littered,2019,,0.048614,,A,,,,,,,
DATAFLOW,OECD:DF_PLASTIC_WASTE_5(1.0),Plastic waste by region and end-of-life fate,I,OCE,OECD Oceania,REC,Recycled,2019,,0.130055,,A,,,,,,,
DATAFLOW,OECD:DF_PLASTIC_WASTE_5(1.0),Plastic waste by region and end-of-life fate,I,O22,OECD EU,TOTAL,Total,2019,,50.671286,,A,,,,,,,
DATAFLOW,OECD:DF_PLASTIC_WASTE_5(1.0),Plastic waste by region and end-of-life fate,I,MEN,Middle East & North Africa,LAN,Landfilled,2019,,9.160226,,A,,,,,,,
DATAFLOW,OECD:DF_PLASTIC_WASTE_5(1.0),Plastic waste by region and end-of-life fate,I,OE6,OECD Non-EU,LIT,Littered,2019,,0.031191,,A,,,,,,,
DATAFLOW,OECD:DF_PLASTIC_WASTE_5(1.0),Plastic waste by region and end-of-life fate,I,OAF,Other Africa,INC,Incinerated,2019,,0.082107,,A,,,,,,,
DATAFLOW,OECD:DF_PLASTIC_WASTE_5(1.0),Plastic waste by region and end-of-life fate,I,ODA,Other non-OECD Asia,INC,Incinerated,2019,,1.115846,,A,,,,,,,
DATAFLOW,OECD:DF_PLASTIC_WASTE_5(1.0),Plastic waste by region and end-of-life fate,I,EU5,Other EU,LAN,Landfilled,2019,,1.958309,,A,,,,,,,
DATAFLOW,OECD:DF_PLASTIC_WASTE_5(1.0),Plastic waste by region and end-of-life fate,I,OPA,OECD Asia,LIT,Littered,2019,,0.024566,,A,,,,,,,
DATAFLOW,OECD:DF_PLASTIC_WASTE_5(1.0),Plastic waste by region and end-of-life fate,I,RAN,Other Eurasia,MIS,Mismanaged,2019,,6.562043,,A,,,,,,,
DATAFLOW,OECD:DF_PLASTIC_WASTE_5(1.0),Plastic waste by region and end-of-life fate,I,LAM,Latin America,INC,Incinerated,2019,,0.109527,,A,,,,,,,
DATAFLOW,OECD:DF_PLASTIC_WASTE_5(1.0),Plastic waste by region and end-of-life fate,I,O22,OECD EU,LAN,Landfilled,2019,,18.813869,,A,,,,,,,
DATAFLOW,OECD:DF_PLASTIC_WASTE_5(1.0),Plastic waste by region and end-of-life fate,I,OAF,Other Africa,REC,Recycled,2019,,0.929337,,A,,,,,,,
DATAFLOW,OECD:DF_PLASTIC_WASTE_5(1.0),Plastic waste by region and end-of-life fate,I,OE6,OECD Non-EU,MIS,Mismanaged,2019,,1.321256,,A,,,,,,,
DATAFLOW,OECD:DF_PLASTIC_WASTE_5(1.0),Plastic waste by region and end-of-life fate,I,EU5,Other EU,TOTAL,Total,2019,,2.432935,,A,,,,,,,
DATAFLOW,OECD:DF_PLASTIC_WASTE_5(1.0),Plastic waste by region and end-of-life fate,I,ODA,Other non-OECD Asia,LIT,Littered,2019,,0.119188,,A,,,,,,,
DATAFLOW,OECD:DF_PLASTIC_WASTE_5(1.0),Plastic waste by region and end-of-life fate,I,OPA,OECD Asia,INC,Incinerated,2019,,8.776591,,A,,,,,,,
DATAFLOW,OECD:DF_PLASTIC_WASTE_5(1.0),Plastic waste by region and end-of-life fate,I,LAM,Latin America,LIT,Littered,2019,,0.070147,,A,,,,,,,
DATAFLOW,OECD:DF_PLASTIC_WASTE_5(1.0),Plastic waste by region and end-of-life fate,I,OAF,Other Africa,MIS,Mismanaged,2019,,10.251547,,A,,,,,,,
DATAFLOW,OECD:DF_PLASTIC_WASTE_5(1.0),Plastic waste by region and end-of-life fate,I,OE6,OECD Non-EU,REC,Recycled,2019,,1.246805,,A,,,,,,,
DATAFLOW,OECD:DF_PLASTIC_WASTE_5(1.0),Plastic waste by region and end-of-life fate,I,OAM,Other OECD America,REC,Recycled,2019,,1.183822,,A,,,,,,,
DATAFLOW,OECD:DF_PLASTIC_WASTE_5(1.0),Plastic waste by region and end-of-life fate,I,ODA,Other non-OECD Asia,MIS,Mismanaged,2019,,11.334832,,A,,,,,,,
DATAFLOW,OECD:DF_PLASTIC_WASTE_5(1.0),Plastic waste by region and end-of-life fate,I,EU5,Other EU,LIT,Littered,2019,,0.006771,,A,,,,,,,
DATAFLOW,OECD:DF_PLASTIC_WASTE_5(1.0),Plastic waste by region and end-of-life fate,I,O22,OECD EU,INC,Incinerated,2019,,22.350366,,A,,,,,,,
DATAFLOW,OECD:DF_PLASTIC_WASTE_5(1.0),Plastic waste by region and end-of-life fate,I,OCE,OECD Oceania,TOTAL,Total,2019,,1.892815,,A,,,,,,,
DATAFLOW,OECD:DF_PLASTIC_WASTE_5(1.0),Plastic waste by region and end-of-life fate,I,LAM,Latin America,MIS,Mismanaged,2019,,8.089722,,A,,,,,,,
DATAFLOW,OECD:DF_PLASTIC_WASTE_5(1.0),Plastic waste by region and end-of-life fate,I,O22,OECD EU,LIT,Littered,2019,,0.092473,,A,,,,,,,
DATAFLOW,OECD:DF_PLASTIC_WASTE_5(1.0),Plastic waste by region and end-of-life fate,I,MEN,Middle East & North Africa,INC,Incinerated,2019,,0.102777,,A,,,,,,,
DATAFLOW,OECD:DF_PLASTIC_WASTE_5(1.0),Plastic waste by region and end-of-life fate,I,OE6,OECD Non-EU,TOTAL,Total,2019,,16.234798,,A,,,,,,,
DATAFLOW,OECD:DF_PLASTIC_WASTE_5(1.0),Plastic waste by region and end-of-life fate,I,OAF,Other Africa,LAN,Landfilled,2019,,4.902004,,A,,,,,,,
DATAFLOW,OECD:DF_PLASTIC_WASTE_5(1.0),Plastic waste by region and end-of-life fate,I,OAM,Other OECD America,MIS,Mismanaged,2019,,2.337389,,A,,,,,,,
DATAFLOW,OECD:DF_PLASTIC_WASTE_5(1.0),Plastic waste by region and end-of-life fate,I,OCE,OECD Oceania,LAN,Landfilled,2019,,1.417077,,A,,,,,,,
DATAFLOW,OECD:DF_PLASTIC_WASTE_5(1.0),Plastic waste by region and end-of-life fate,I,RAN,Other Eurasia,REC,Recycled,2019,,0.793023,,A,,,,,,,
DATAFLOW,OECD:DF_PLASTIC_WASTE_5(1.0),Plastic waste by region and end-of-life fate,I,MEN,Middle East & North Africa,LIT,Littered,2019,,0.057504,,A,,,,,,,
DATAFLOW,OECD:DF_PLASTIC_WASTE_5(1.0),Plastic waste by region and end-of-life fate,I,LAM,Latin America,REC,Recycled,2019,,1.992802,,A,,,,,,,
DATAFLOW,OECD:DF_PLASTIC_WASTE_5(1.0),Plastic waste by region and end-of-life fate,I,EU5,Other EU,INC,Incinerated,2019,,0.063877,,A,,,,,,,
DATAFLOW,OECD:DF_PLASTIC_WASTE_5(1.0),Plastic waste by region and end-of-life fate,I,OE6,OECD Non-EU,LAN,Landfilled,2019,,9.876118,,A,,,,,,,
DATAFLOW,OECD:DF_PLASTIC_WASTE_5(1.0),Plastic waste by region and end-of-life fate,I,OAF,Other Africa,TOTAL,Total,2019,,16.249045,,A,,,,,,,
DATAFLOW,OECD:DF_PLASTIC_WASTE_5(1.0),Plastic waste by region and end-of-life fate,I,OAM,Other OECD America,LAN,Landfilled,2019,,7.997318,,A,,,,,,,
DATAFLOW,OECD:DF_PLASTIC_WASTE_5(1.0),Plastic waste by region and end-of-life fate,I,OPA,OECD Asia,REC,Recycled,2019,,1.463308,,A,,,,,,,
DATAFLOW,OECD:DF_PLASTIC_WASTE_5(1.0),Plastic waste by region and end-of-life fate,I,RAN,Other Eurasia,TOTAL,Total,2019,,16.64482,,A,,,,,,,
DATAFLOW,OECD:DF_PLASTIC_WASTE_5(1.0),Plastic waste by region and end-of-life fate,I,OCE,OECD Oceania,INC,Incinerated,2019,,0.21783,,A,,,,,,,
DATAFLOW,OECD:DF_PLASTIC_WASTE_5(1.0),Plastic waste by region and end-of-life fate,I,LAM,Latin America,TOTAL,Total,2019,,19.492385,,A,,,,,,,
DATAFLOW,OECD:DF_PLASTIC_WASTE_5(1.0),Plastic waste by region and end-of-life fate,I,MEN,Middle East & North Africa,MIS,Mismanaged,2019,,6.675025,,A,,,,,,,
DATAFLOW,OECD:DF_PLASTIC_WASTE_5(1.0),Plastic waste by region and end-of-life fate,I,OAF,Other Africa,LIT,Littered,2019,,0.084051,,A,,,,,,,
DATAFLOW,OECD:DF_PLASTIC_WASTE_5(1.0),Plastic waste by region and end-of-life fate,I,OAM,Other OECD America,TOTAL,Total,2019,,11.613382,,A,,,,,,,
DATAFLOW,OECD:DF_PLASTIC_WASTE_5(1.0),Plastic waste by region and end-of-life fate,I,OPA,OECD Asia,MIS,Mismanaged,2019,,0.254107,,A,,,,,,,
DATAFLOW,OECD:DF_PLASTIC_WASTE_5(1.0),Plastic waste by region and end-of-life fate,I,ODA,Other non-OECD Asia,REC,Recycled,2019,,2.283199,,A,,,,,,,
DATAFLOW,OECD:DF_PLASTIC_WASTE_5(1.0),Plastic waste by region and end-of-life fate,I,O22,OECD EU,REC,Recycled,2019,,7.193393,,A,,,,,,,
DATAFLOW,OECD:DF_PLASTIC_WASTE_5(1.0),Plastic waste by region and end-of-life fate,I,RAN,Other Eurasia,LAN,Landfilled,2019,,9.070024,,A,,,,,,,
DATAFLOW,OECD:DF_PLASTIC_WASTE_5(1.0),Plastic waste by region and end-of-life fate,I,OCE,OECD Oceania,LIT,Littered,2019,,0.003187,,A,,,,,,,
DATAFLOW,OECD:DF_PLASTIC_WASTE_5(1.0),Plastic waste by region and end-of-life fate,I,LAM,Latin America,LAN,Landfilled,2019,,9.230186,,A,,,,,,,
DATAFLOW,OECD:DF_PLASTIC_WASTE_5(1.0),Plastic waste by region and end-of-life fate,I,O22,OECD EU,MIS,Mismanaged,2019,,2.221185,,A,,,,,,,
DATAFLOW,OECD:DF_PLASTIC_WASTE_5(1.0),Plastic waste by region and end-of-life fate,I,MEN,Middle East & North Africa,REC,Recycled,2019,,0.921618,,A,,,,,,,
DATAFLOW,OECD:DF_PLASTIC_WASTE_5(1.0),Plastic waste by region and end-of-life fate,I,USA1,United States,REC,Recycled,2019,,3.26975,,A,,,,,,,
DATAFLOW,OECD:DF_PLASTIC_WASTE_5(1.0),Plastic waste by region and end-of-life fate,I,USA1,United States,INC,Incinerated,2019,,13.897049,,A,,,,,,,
DATAFLOW,OECD:DF_PLASTIC_WASTE_5(1.0),Plastic waste by region and end-of-life fate,I,USA1,United States,LAN,Landfilled,2019,,53.086564,,A,,,,,,,
DATAFLOW,OECD:DF_PLASTIC_WASTE_5(1.0),Plastic waste by region and end-of-life fate,I,USA1,United States,MIS,Mismanaged,2019,,2.448288,,A,,,,,,,
DATAFLOW,OECD:DF_PLASTIC_WASTE_5(1.0),Plastic waste by region and end-of-life fate,I,USA1,United States,LIT,Littered,2019,,0.139407,,A,,,,,,,
DATAFLOW,OECD:DF_PLASTIC_WASTE_5(1.0),Plastic waste by region and end-of-life fate,I,USA1,United States,TOTAL,Total,2019,,72.841058,,A,,,,,,,
DATAFLOW,OECD:DF_PLASTIC_WASTE_5(1.0),Plastic waste by region and end-of-life fate,I,CAN1,Canada,REC,Recycled,2019,,0.42892,,A,,,,,,,
DATAFLOW,OECD:DF_PLASTIC_WASTE_5(1.0),Plastic waste by region and end-of-life fate,I,CAN1,Canada,INC,Incinerated,2019,,0.273282,,A,,,,,,,
DATAFLOW,OECD:DF_PLASTIC_WASTE_5(1.0),Plastic waste by region and end-of-life fate,I,CAN1,Canada,LAN,Landfilled,2019,,5.454918,,A,,,,,,,
DATAFLOW,OECD:DF_PLASTIC_WASTE_5(1.0),Plastic waste by region and end-of-life fate,I,CAN1,Canada,MIS,Mismanaged,2019,,0.461986,,A,,,,,,,
DATAFLOW,OECD:DF_PLASTIC_WASTE_5(1.0),Plastic waste by region and end-of-life fate,I,CAN1,Canada,LIT,Littered,2019,,0.012739,,A,,,,,,,
DATAFLOW,OECD:DF_PLASTIC_WASTE_5(1.0),Plastic waste by region and end-of-life fate,I,CAN1,Canada,TOTAL,Total,2019,,6.631845,,A,,,,,,,
DATAFLOW,OECD:DF_PLASTIC_WASTE_5(1.0),Plastic waste by region and end-of-life fate,I,CHN1,China,REC,Recycled,2019,,8.376888,,A,,,,,,,
DATAFLOW,OECD:DF_PLASTIC_WASTE_5(1.0),Plastic waste by region and end-of-life fate,I,CHN1,China,INC,Incinerated,2019,,15.550022,,A,,,,,,,
DATAFLOW,OECD:DF_PLASTIC_WASTE_5(1.0),Plastic waste by region and end-of-life fate,I,CHN1,China,LAN,Landfilled,2019,,23.809201,,A,,,,,,,
DATAFLOW,OECD:DF_PLASTIC_WASTE_5(1.0),Plastic waste by region and end-of-life fate,I,CHN1,China,MIS,Mismanaged,2019,,17.462667,,A,,,,,,,
DATAFLOW,OECD:DF_PLASTIC_WASTE_5(1.0),Plastic waste by region and end-of-life fate,I,CHN1,China,LIT,Littered,2019,,0.239827,,A,,,,,,,
DATAFLOW,OECD:DF_PLASTIC_WASTE_5(1.0),Plastic waste by region and end-of-life fate,I,CHN1,China,TOTAL,Total,2019,,65.438605,,A,,,,,,,
DATAFLOW,OECD:DF_PLASTIC_WASTE_5(1.0),Plastic waste by region and end-of-life fate,I,IND1,India,REC,Recycled,2019,,2.469077,,A,,,,,,,
DATAFLOW,OECD:DF_PLASTIC_WASTE_5(1.0),Plastic waste by region and end-of-life fate,I,IND1,India,INC,Incinerated,2019,,0.770517,,A,,,,,,,
DATAFLOW,OECD:DF_PLASTIC_WASTE_5(1.0),Plastic waste by region and end-of-life fate,I,IND1,India,LAN,Landfilled,2019,,6.720652,,A,,,,,,,
DATAFLOW,OECD:DF_PLASTIC_WASTE_5(1.0),Plastic waste by region and end-of-life fate,I,IND1,India,TOTAL,Total,2019,,18.518411,,A,,,,,,,
DATAFLOW,OECD:DF_PLASTIC_WASTE_5(1.0),Plastic waste by region and end-of-life fate,I,IND1,India,MIS,Mismanaged,2019,,8.457541,,A,,,,,,,
DATAFLOW,OECD:DF_PLASTIC_WASTE_5(1.0),Plastic waste by region and end-of-life fate,I,IND1,India,LIT,Littered,2019,,0.100624,,A,,,,,,,
DATAFLOW,OECD:DF_PLASTIC_WASTE_5(1.0),Plastic waste by region and end-of-life fate,I,OAM,Other OECD America,LIT,Littered,2018,,0.039274,,A,,,,,,,
DATAFLOW,OECD:DF_PLASTIC_WASTE_5(1.0),Plastic waste by region and end-of-life fate,I,ODA,Other non-OECD Asia,TOTAL,Total,2018,,24.517797,,A,,,,,,,
DATAFLOW,OECD:DF_PLASTIC_WASTE_5(1.0),Plastic waste by region and end-of-life fate,I,OPA,OECD Asia,LAN,Landfilled,2018,,1.680675,,A,,,,,,,
DATAFLOW,OECD:DF_PLASTIC_WASTE_5(1.0),Plastic waste by region and end-of-life fate,I,OCE,OECD Oceania,MIS,Mismanaged,2018,,0.122146,,A,,,,,,,
DATAFLOW,OECD:DF_PLASTIC_WASTE_5(1.0),Plastic waste by region and end-of-life fate,I,RAN,Other Eurasia,INC,Incinerated,2018,,0.126616,,A,,,,,,,
DATAFLOW,OECD:DF_PLASTIC_WASTE_5(1.0),Plastic waste by region and end-of-life fate,I,MEN,Middle East & North Africa,TOTAL,Total,2018,,16.345006,,A,,,,,,,
DATAFLOW,OECD:DF_PLASTIC_WASTE_5(1.0),Plastic waste by region and end-of-life fate,I,OE6,OECD Non-EU,INC,Incinerated,2018,,3.594269,,A,,,,,,,
DATAFLOW,OECD:DF_PLASTIC_WASTE_5(1.0),Plastic waste by region and end-of-life fate,I,OAM,Other OECD America,INC,Incinerated,2018,,0.040615,,A,,,,,,,
DATAFLOW,OECD:DF_PLASTIC_WASTE_5(1.0),Plastic waste by region and end-of-life fate,I,EU5,Other EU,REC,Recycled,2018,,0.13828,,A,,,,,,,
DATAFLOW,OECD:DF_PLASTIC_WASTE_5(1.0),Plastic waste by region and end-of-life fate,I,ODA,Other non-OECD Asia,LAN,Landfilled,2018,,10.132723,,A,,,,,,,
DATAFLOW,OECD:DF_PLASTIC_WASTE_5(1.0),Plastic waste by region and end-of-life fate,I,EU5,Other EU,MIS,Mismanaged,2018,,0.255565,,A,,,,,,,
DATAFLOW,OECD:DF_PLASTIC_WASTE_5(1.0),Plastic waste by region and end-of-life fate,I,OPA,OECD Asia,TOTAL,Total,2018,,11.925862,,A,,,,,,,
DATAFLOW,OECD:DF_PLASTIC_WASTE_5(1.0),Plastic waste by region and end-of-life fate,I,RAN,Other Eurasia,LIT,Littered,2018,,0.047646,,A,,,,,,,
DATAFLOW,OECD:DF_PLASTIC_WASTE_5(1.0),Plastic waste by region and end-of-life fate,I,OCE,OECD Oceania,REC,Recycled,2018,,0.119763,,A,,,,,,,
DATAFLOW,OECD:DF_PLASTIC_WASTE_5(1.0),Plastic waste by region and end-of-life fate,I,O22,OECD EU,TOTAL,Total,2018,,49.683711,,A,,,,,,,
DATAFLOW,OECD:DF_PLASTIC_WASTE_5(1.0),Plastic waste by region and end-of-life fate,I,MEN,Middle East & North Africa,LAN,Landfilled,2018,,8.842667,,A,,,,,,,
DATAFLOW,OECD:DF_PLASTIC_WASTE_5(1.0),Plastic waste by region and end-of-life fate,I,OE6,OECD Non-EU,LIT,Littered,2018,,0.030309,,A,,,,,,,
DATAFLOW,OECD:DF_PLASTIC_WASTE_5(1.0),Plastic waste by region and end-of-life fate,I,ODA,Other non-OECD Asia,INC,Incinerated,2018,,1.039834,,A,,,,,,,
DATAFLOW,OECD:DF_PLASTIC_WASTE_5(1.0),Plastic waste by region and end-of-life fate,I,EU5,Other EU,LAN,Landfilled,2018,,1.895924,,A,,,,,,,
DATAFLOW,OECD:DF_PLASTIC_WASTE_5(1.0),Plastic waste by region and end-of-life fate,I,OPA,OECD Asia,LIT,Littered,2018,,0.024084,,A,,,,,,,
DATAFLOW,OECD:DF_PLASTIC_WASTE_5(1.0),Plastic waste by region and end-of-life fate,I,RAN,Other Eurasia,MIS,Mismanaged,2018,,6.439712,,A,,,,,,,
DATAFLOW,OECD:DF_PLASTIC_WASTE_5(1.0),Plastic waste by region and end-of-life fate,I,LAM,Latin America,INC,Incinerated,2018,,0.079507,,A,,,,,,,
DATAFLOW,OECD:DF_PLASTIC_WASTE_5(1.0),Plastic waste by region and end-of-life fate,I,O22,OECD EU,LAN,Landfilled,2018,,18.480282,,A,,,,,,,
DATAFLOW,OECD:DF_PLASTIC_WASTE_5(1.0),Plastic waste by region and end-of-life fate,I,OAF,Other Africa,REC,Recycled,2018,,0.876343,,A,,,,,,,
DATAFLOW,OECD:DF_PLASTIC_WASTE_5(1.0),Plastic waste by region and end-of-life fate,I,OE6,OECD Non-EU,MIS,Mismanaged,2018,,1.32153,,A,,,,,,,
DATAFLOW,OECD:DF_PLASTIC_WASTE_5(1.0),Plastic waste by region and end-of-life fate,I,EU5,Other EU,TOTAL,Total,2018,,2.355159,,A,,,,,,,
DATAFLOW,OECD:DF_PLASTIC_WASTE_5(1.0),Plastic waste by region and end-of-life fate,I,ODA,Other non-OECD Asia,LIT,Littered,2018,,0.115511,,A,,,,,,,
DATAFLOW,OECD:DF_PLASTIC_WASTE_5(1.0),Plastic waste by region and end-of-life fate,I,OPA,OECD Asia,INC,Incinerated,2018,,8.582843,,A,,,,,,,
DATAFLOW,OECD:DF_PLASTIC_WASTE_5(1.0),Plastic waste by region and end-of-life fate,I,LAM,Latin America,LIT,Littered,2018,,0.068167,,A,,,,,,,
DATAFLOW,OECD:DF_PLASTIC_WASTE_5(1.0),Plastic waste by region and end-of-life fate,I,OAF,Other Africa,MIS,Mismanaged,2018,,9.966291,,A,,,,,,,
DATAFLOW,OECD:DF_PLASTIC_WASTE_5(1.0),Plastic waste by region and end-of-life fate,I,OE6,OECD Non-EU,REC,Recycled,2018,,1.177598,,A,,,,,,,
DATAFLOW,OECD:DF_PLASTIC_WASTE_5(1.0),Plastic waste by region and end-of-life fate,I,OAM,Other OECD America,REC,Recycled,2018,,1.126405,,A,,,,,,,
DATAFLOW,OECD:DF_PLASTIC_WASTE_5(1.0),Plastic waste by region and end-of-life fate,I,ODA,Other non-OECD Asia,MIS,Mismanaged,2018,,11.083074,,A,,,,,,,
DATAFLOW,OECD:DF_PLASTIC_WASTE_5(1.0),Plastic waste by region and end-of-life fate,I,EU5,Other EU,LIT,Littered,2018,,0.00655,,A,,,,,,,
DATAFLOW,OECD:DF_PLASTIC_WASTE_5(1.0),Plastic waste by region and end-of-life fate,I,O22,OECD EU,INC,Incinerated,2018,,21.986188,,A,,,,,,,
DATAFLOW,OECD:DF_PLASTIC_WASTE_5(1.0),Plastic waste by region and end-of-life fate,I,OCE,OECD Oceania,TOTAL,Total,2018,,1.790679,,A,,,,,,,
DATAFLOW,OECD:DF_PLASTIC_WASTE_5(1.0),Plastic waste by region and end-of-life fate,I,LAM,Latin America,MIS,Mismanaged,2018,,7.895938,,A,,,,,,,
DATAFLOW,OECD:DF_PLASTIC_WASTE_5(1.0),Plastic waste by region and end-of-life fate,I,O22,OECD EU,LIT,Littered,2018,,0.090667,,A,,,,,,,
DATAFLOW,OECD:DF_PLASTIC_WASTE_5(1.0),Plastic waste by region and end-of-life fate,I,MEN,Middle East & North Africa,INC,Incinerated,2018,,0.072601,,A,,,,,,,
DATAFLOW,OECD:DF_PLASTIC_WASTE_5(1.0),Plastic waste by region and end-of-life fate,I,OE6,OECD Non-EU,TOTAL,Total,2018,,15.746926,,A,,,,,,,
DATAFLOW,OECD:DF_PLASTIC_WASTE_5(1.0),Plastic waste by region and end-of-life fate,I,OAF,Other Africa,LAN,Landfilled,2018,,4.737664,,A,,,,,,,
DATAFLOW,OECD:DF_PLASTIC_WASTE_5(1.0),Plastic waste by region and end-of-life fate,I,OAM,Other OECD America,MIS,Mismanaged,2018,,2.323883,,A,,,,,,,
DATAFLOW,OECD:DF_PLASTIC_WASTE_5(1.0),Plastic waste by region and end-of-life fate,I,OCE,OECD Oceania,LAN,Landfilled,2018,,1.339241,,A,,,,,,,
DATAFLOW,OECD:DF_PLASTIC_WASTE_5(1.0),Plastic waste by region and end-of-life fate,I,RAN,Other Eurasia,REC,Recycled,2018,,0.751458,,A,,,,,,,
DATAFLOW,OECD:DF_PLASTIC_WASTE_5(1.0),Plastic waste by region and end-of-life fate,I,MEN,Middle East & North Africa,LIT,Littered,2018,,0.055713,,A,,,,,,,
DATAFLOW,OECD:DF_PLASTIC_WASTE_5(1.0),Plastic waste by region and end-of-life fate,I,LAM,Latin America,REC,Recycled,2018,,1.877878,,A,,,,,,,
DATAFLOW,OECD:DF_PLASTIC_WASTE_5(1.0),Plastic waste by region and end-of-life fate,I,EU5,Other EU,INC,Incinerated,2018,,0.05884,,A,,,,,,,
DATAFLOW,OECD:DF_PLASTIC_WASTE_5(1.0),Plastic waste by region and end-of-life fate,I,OE6,OECD Non-EU,LAN,Landfilled,2018,,9.62322,,A,,,,,,,
DATAFLOW,OECD:DF_PLASTIC_WASTE_5(1.0),Plastic waste by region and end-of-life fate,I,OAF,Other Africa,TOTAL,Total,2018,,15.661993,,A,,,,,,,
DATAFLOW,OECD:DF_PLASTIC_WASTE_5(1.0),Plastic waste by region and end-of-life fate,I,OAM,Other OECD America,LAN,Landfilled,2018,,7.814518,,A,,,,,,,
DATAFLOW,OECD:DF_PLASTIC_WASTE_5(1.0),Plastic waste by region and end-of-life fate,I,OPA,OECD Asia,REC,Recycled,2018,,1.385336,,A,,,,,,,
DATAFLOW,OECD:DF_PLASTIC_WASTE_5(1.0),Plastic waste by region and end-of-life fate,I,RAN,Other Eurasia,TOTAL,Total,2018,,16.156753,,A,,,,,,,
DATAFLOW,OECD:DF_PLASTIC_WASTE_5(1.0),Plastic waste by region and end-of-life fate,I,OCE,OECD Oceania,INC,Incinerated,2018,,0.206472,,A,,,,,,,
DATAFLOW,OECD:DF_PLASTIC_WASTE_5(1.0),Plastic waste by region and end-of-life fate,I,LAM,Latin America,TOTAL,Total,2018,,18.836334,,A,,,,,,,
DATAFLOW,OECD:DF_PLASTIC_WASTE_5(1.0),Plastic waste by region and end-of-life fate,I,MEN,Middle East & North Africa,MIS,Mismanaged,2018,,6.506718,,A,,,,,,,
DATAFLOW,OECD:DF_PLASTIC_WASTE_5(1.0),Plastic waste by region and end-of-life fate,I,OAF,Other Africa,LIT,Littered,2018,,0.081695,,A,,,,,,,
DATAFLOW,OECD:DF_PLASTIC_WASTE_5(1.0),Plastic waste by region and end-of-life fate,I,ODA,Other non-OECD Asia,REC,Recycled,2018,,2.146655,,A,,,,,,,
DATAFLOW,OECD:DF_PLASTIC_WASTE_5(1.0),Plastic waste by region and end-of-life fate,I,OAM,Other OECD America,TOTAL,Total,2018,,11.344694,,A,,,,,,,
DATAFLOW,OECD:DF_PLASTIC_WASTE_5(1.0),Plastic waste by region and end-of-life fate,I,OPA,OECD Asia,MIS,Mismanaged,2018,,0.252924,,A,,,,,,,
DATAFLOW,OECD:DF_PLASTIC_WASTE_5(1.0),Plastic waste by region and end-of-life fate,I,O22,OECD EU,REC,Recycled,2018,,6.87217,,A,,,,,,,
DATAFLOW,OECD:DF_PLASTIC_WASTE_5(1.0),Plastic waste by region and end-of-life fate,I,RAN,Other Eurasia,LAN,Landfilled,2018,,8.791321,,A,,,,,,,
DATAFLOW,OECD:DF_PLASTIC_WASTE_5(1.0),Plastic waste by region and end-of-life fate,I,O22,OECD EU,MIS,Mismanaged,2018,,2.254403,,A,,,,,,,
DATAFLOW,OECD:DF_PLASTIC_WASTE_5(1.0),Plastic waste by region and end-of-life fate,I,OCE,OECD Oceania,LIT,Littered,2018,,0.003057,,A,,,,,,,
DATAFLOW,OECD:DF_PLASTIC_WASTE_5(1.0),Plastic waste by region and end-of-life fate,I,LAM,Latin America,LAN,Landfilled,2018,,8.914843,,A,,,,,,,
DATAFLOW,OECD:DF_PLASTIC_WASTE_5(1.0),Plastic waste by region and end-of-life fate,I,MEN,Middle East & North Africa,REC,Recycled,2018,,0.867307,,A,,,,,,,
DATAFLOW,OECD:DF_PLASTIC_WASTE_5(1.0),Plastic waste by region and end-of-life fate,I,USA1,United States,REC,Recycled,2018,,3.123337,,A,,,,,,,
DATAFLOW,OECD:DF_PLASTIC_WASTE_5(1.0),Plastic waste by region and end-of-life fate,I,USA1,United States,INC,Incinerated,2018,,13.625549,,A,,,,,,,
DATAFLOW,OECD:DF_PLASTIC_WASTE_5(1.0),Plastic waste by region and end-of-life fate,I,USA1,United States,LAN,Landfilled,2018,,52.106584,,A,,,,,,,
DATAFLOW,OECD:DF_PLASTIC_WASTE_5(1.0),Plastic waste by region and end-of-life fate,I,USA1,United States,MIS,Mismanaged,2018,,2.587329,,A,,,,,,,
DATAFLOW,OECD:DF_PLASTIC_WASTE_5(1.0),Plastic waste by region and end-of-life fate,I,USA1,United States,LIT,Littered,2018,,0.136877,,A,,,,,,,
DATAFLOW,OECD:DF_PLASTIC_WASTE_5(1.0),Plastic waste by region and end-of-life fate,I,USA1,United States,TOTAL,Total,2018,,71.579676,,A,,,,,,,
DATAFLOW,OECD:DF_PLASTIC_WASTE_5(1.0),Plastic waste by region and end-of-life fate,I,CAN1,Canada,REC,Recycled,2018,,0.410013,,A,,,,,,,
DATAFLOW,OECD:DF_PLASTIC_WASTE_5(1.0),Plastic waste by region and end-of-life fate,I,CAN1,Canada,INC,Incinerated,2018,,0.266649,,A,,,,,,,
DATAFLOW,OECD:DF_PLASTIC_WASTE_5(1.0),Plastic waste by region and end-of-life fate,I,CAN1,Canada,LAN,Landfilled,2018,,5.366679,,A,,,,,,,
DATAFLOW,OECD:DF_PLASTIC_WASTE_5(1.0),Plastic waste by region and end-of-life fate,I,CAN1,Canada,MIS,Mismanaged,2018,,0.467924,,A,,,,,,,
DATAFLOW,OECD:DF_PLASTIC_WASTE_5(1.0),Plastic waste by region and end-of-life fate,I,CAN1,Canada,LIT,Littered,2018,,0.01255,,A,,,,,,,
DATAFLOW,OECD:DF_PLASTIC_WASTE_5(1.0),Plastic waste by region and end-of-life fate,I,CAN1,Canada,TOTAL,Total,2018,,6.523816,,A,,,,,,,
DATAFLOW,OECD:DF_PLASTIC_WASTE_5(1.0),Plastic waste by region and end-of-life fate,I,CHN1,China,REC,Recycled,2018,,7.792353,,A,,,,,,,
DATAFLOW,OECD:DF_PLASTIC_WASTE_5(1.0),Plastic waste by region and end-of-life fate,I,CHN1,China,INC,Incinerated,2018,,14.931927,,A,,,,,,,
DATAFLOW,OECD:DF_PLASTIC_WASTE_5(1.0),Plastic waste by region and end-of-life fate,I,CHN1,China,LAN,Landfilled,2018,,22.391112,,A,,,,,,,
DATAFLOW,OECD:DF_PLASTIC_WASTE_5(1.0),Plastic waste by region and end-of-life fate,I,CHN1,China,MIS,Mismanaged,2018,,17.046953,,A,,,,,,,
DATAFLOW,OECD:DF_PLASTIC_WASTE_5(1.0),Plastic waste by region and end-of-life fate,I,CHN1,China,LIT,Littered,2018,,0.230173,,A,,,,,,,
DATAFLOW,OECD:DF_PLASTIC_WASTE_5(1.0),Plastic waste by region and end-of-life fate,I,CHN1,China,TOTAL,Total,2018,,62.392517,,A,,,,,,,
DATAFLOW,OECD:DF_PLASTIC_WASTE_5(1.0),Plastic waste by region and end-of-life fate,I,IND1,India,REC,Recycled,2018,,2.262457,,A,,,,,,,
DATAFLOW,OECD:DF_PLASTIC_WASTE_5(1.0),Plastic waste by region and end-of-life fate,I,IND1,India,INC,Incinerated,2018,,0.700646,,A,,,,,,,
DATAFLOW,OECD:DF_PLASTIC_WASTE_5(1.0),Plastic waste by region and end-of-life fate,I,IND1,India,LAN,Landfilled,2018,,6.200435,,A,,,,,,,
DATAFLOW,OECD:DF_PLASTIC_WASTE_5(1.0),Plastic waste by region and end-of-life fate,I,IND1,India,TOTAL,Total,2018,,17.37813,,A,,,,,,,
DATAFLOW,OECD:DF_PLASTIC_WASTE_5(1.0),Plastic waste by region and end-of-life fate,I,IND1,India,MIS,Mismanaged,2018,,8.119849,,A,,,,,,,
DATAFLOW,OECD:DF_PLASTIC_WASTE_5(1.0),Plastic waste by region and end-of-life fate,I,IND1,India,LIT,Littered,2018,,0.094744,,A,,,,,,,
DATAFLOW,OECD:DF_PLASTIC_WASTE_5(1.0),Plastic waste by region and end-of-life fate,I,OAM,Other OECD America,LIT,Littered,2015,,0.036449,,A,,,,,,,
DATAFLOW,OECD:DF_PLASTIC_WASTE_5(1.0),Plastic waste by region and end-of-life fate,I,ODA,Other non-OECD Asia,TOTAL,Total,2015,,19.637074,,A,,,,,,,
DATAFLOW,OECD:DF_PLASTIC_WASTE_5(1.0),Plastic waste by region and end-of-life fate,I,OPA,OECD Asia,LAN,Landfilled,2015,,2.256119,,A,,,,,,,
DATAFLOW,OECD:DF_PLASTIC_WASTE_5(1.0),Plastic waste by region and end-of-life fate,I,OCE,OECD Oceania,MIS,Mismanaged,2015,,0.111547,,A,,,,,,,
DATAFLOW,OECD:DF_PLASTIC_WASTE_5(1.0),Plastic waste by region and end-of-life fate,I,RAN,Other Eurasia,INC,Incinerated,2015,,0.106897,,A,,,,,,,
DATAFLOW,OECD:DF_PLASTIC_WASTE_5(1.0),Plastic waste by region and end-of-life fate,I,MEN,Middle East & North Africa,TOTAL,Total,2015,,14.177604,,A,,,,,,,
DATAFLOW,OECD:DF_PLASTIC_WASTE_5(1.0),Plastic waste by region and end-of-life fate,I,EU5,Other EU,REC,Recycled,2015,,0.111699,,A,,,,,,,
DATAFLOW,OECD:DF_PLASTIC_WASTE_5(1.0),Plastic waste by region and end-of-life fate,I,OE6,OECD Non-EU,INC,Incinerated,2015,,2.981903,,A,,,,,,,
DATAFLOW,OECD:DF_PLASTIC_WASTE_5(1.0),Plastic waste by region and end-of-life fate,I,OAM,Other OECD America,INC,Incinerated,2015,,0.037578,,A,,,,,,,
DATAFLOW,OECD:DF_PLASTIC_WASTE_5(1.0),Plastic waste by region and end-of-life fate,I,ODA,Other non-OECD Asia,LAN,Landfilled,2015,,7.891369,,A,,,,,,,
DATAFLOW,OECD:DF_PLASTIC_WASTE_5(1.0),Plastic waste by region and end-of-life fate,I,EU5,Other EU,MIS,Mismanaged,2015,,0.250592,,A,,,,,,,
DATAFLOW,OECD:DF_PLASTIC_WASTE_5(1.0),Plastic waste by region and end-of-life fate,I,OPA,OECD Asia,TOTAL,Total,2015,,10.615935,,A,,,,,,,
DATAFLOW,OECD:DF_PLASTIC_WASTE_5(1.0),Plastic waste by region and end-of-life fate,I,RAN,Other Eurasia,LIT,Littered,2015,,0.04311,,A,,,,,,,
DATAFLOW,OECD:DF_PLASTIC_WASTE_5(1.0),Plastic waste by region and end-of-life fate,I,OCE,OECD Oceania,REC,Recycled,2015,,0.090467,,A,,,,,,,
DATAFLOW,OECD:DF_PLASTIC_WASTE_5(1.0),Plastic waste by region and end-of-life fate,I,O22,OECD EU,TOTAL,Total,2015,,46.68735,,A,,,,,,,
DATAFLOW,OECD:DF_PLASTIC_WASTE_5(1.0),Plastic waste by region and end-of-life fate,I,MEN,Middle East & North Africa,LAN,Landfilled,2015,,7.58716,,A,,,,,,,
DATAFLOW,OECD:DF_PLASTIC_WASTE_5(1.0),Plastic waste by region and end-of-life fate,I,OE6,OECD Non-EU,LIT,Littered,2015,,0.027746,,A,,,,,,,
DATAFLOW,OECD:DF_PLASTIC_WASTE_5(1.0),Plastic waste by region and end-of-life fate,I,ODA,Other non-OECD Asia,INC,Incinerated,2015,,0.766749,,A,,,,,,,
DATAFLOW,OECD:DF_PLASTIC_WASTE_5(1.0),Plastic waste by region and end-of-life fate,I,EU5,Other EU,LAN,Landfilled,2015,,1.712134,,A,,,,,,,
DATAFLOW,OECD:DF_PLASTIC_WASTE_5(1.0),Plastic waste by region and end-of-life fate,I,OPA,OECD Asia,LIT,Littered,2015,,0.022005,,A,,,,,,,
DATAFLOW,OECD:DF_PLASTIC_WASTE_5(1.0),Plastic waste by region and end-of-life fate,I,RAN,Other Eurasia,MIS,Mismanaged,2015,,5.714412,,A,,,,,,,
DATAFLOW,OECD:DF_PLASTIC_WASTE_5(1.0),Plastic waste by region and end-of-life fate,I,LAM,Latin America,INC,Incinerated,2015,,0.073202,,A,,,,,,,
DATAFLOW,OECD:DF_PLASTIC_WASTE_5(1.0),Plastic waste by region and end-of-life fate,I,O22,OECD EU,LAN,Landfilled,2015,,19.822582,,A,,,,,,,
DATAFLOW,OECD:DF_PLASTIC_WASTE_5(1.0),Plastic waste by region and end-of-life fate,I,OAF,Other Africa,REC,Recycled,2015,,0.733364,,A,,,,,,,
DATAFLOW,OECD:DF_PLASTIC_WASTE_5(1.0),Plastic waste by region and end-of-life fate,I,OE6,OECD Non-EU,MIS,Mismanaged,2015,,1.356361,,A,,,,,,,
DATAFLOW,OECD:DF_PLASTIC_WASTE_5(1.0),Plastic waste by region and end-of-life fate,I,EU5,Other EU,TOTAL,Total,2015,,2.129813,,A,,,,,,,
DATAFLOW,OECD:DF_PLASTIC_WASTE_5(1.0),Plastic waste by region and end-of-life fate,I,ODA,Other non-OECD Asia,LIT,Littered,2015,,0.095092,,A,,,,,,,
DATAFLOW,OECD:DF_PLASTIC_WASTE_5(1.0),Plastic waste by region and end-of-life fate,I,OPA,OECD Asia,INC,Incinerated,2015,,6.850512,,A,,,,,,,
DATAFLOW,OECD:DF_PLASTIC_WASTE_5(1.0),Plastic waste by region and end-of-life fate,I,LAM,Latin America,LIT,Littered,2015,,0.063798,,A,,,,,,,
DATAFLOW,OECD:DF_PLASTIC_WASTE_5(1.0),Plastic waste by region and end-of-life fate,I,OAF,Other Africa,MIS,Mismanaged,2015,,9.147928,,A,,,,,,,
DATAFLOW,OECD:DF_PLASTIC_WASTE_5(1.0),Plastic waste by region and end-of-life fate,I,OE6,OECD Non-EU,REC,Recycled,2015,,0.952709,,A,,,,,,,
DATAFLOW,OECD:DF_PLASTIC_WASTE_5(1.0),Plastic waste by region and end-of-life fate,I,OAM,Other OECD America,REC,Recycled,2015,,0.955447,,A,,,,,,,
DATAFLOW,OECD:DF_PLASTIC_WASTE_5(1.0),Plastic waste by region and end-of-life fate,I,ODA,Other non-OECD Asia,MIS,Mismanaged,2015,,9.286759,,A,,,,,,,
DATAFLOW,OECD:DF_PLASTIC_WASTE_5(1.0),Plastic waste by region and end-of-life fate,I,EU5,Other EU,LIT,Littered,2015,,0.005979,,A,,,,,,,
DATAFLOW,OECD:DF_PLASTIC_WASTE_5(1.0),Plastic waste by region and end-of-life fate,I,O22,OECD EU,INC,Incinerated,2015,,18.226653,,A,,,,,,,
DATAFLOW,OECD:DF_PLASTIC_WASTE_5(1.0),Plastic waste by region and end-of-life fate,I,OCE,OECD Oceania,TOTAL,Total,2015,,1.460102,,A,,,,,,,
DATAFLOW,OECD:DF_PLASTIC_WASTE_5(1.0),Plastic waste by region and end-of-life fate,I,LAM,Latin America,MIS,Mismanaged,2015,,7.503428,,A,,,,,,,
DATAFLOW,OECD:DF_PLASTIC_WASTE_5(1.0),Plastic waste by region and end-of-life fate,I,O22,OECD EU,LIT,Littered,2015,,0.08611,,A,,,,,,,
DATAFLOW,OECD:DF_PLASTIC_WASTE_5(1.0),Plastic waste by region and end-of-life fate,I,MEN,Middle East & North Africa,INC,Incinerated,2015,,0.061726,,A,,,,,,,
DATAFLOW,OECD:DF_PLASTIC_WASTE_5(1.0),Plastic waste by region and end-of-life fate,I,OE6,OECD Non-EU,TOTAL,Total,2015,,14.273745,,A,,,,,,,
DATAFLOW,OECD:DF_PLASTIC_WASTE_5(1.0),Plastic waste by region and end-of-life fate,I,OAF,Other Africa,LAN,Landfilled,2015,,4.229538,,A,,,,,,,
DATAFLOW,OECD:DF_PLASTIC_WASTE_5(1.0),Plastic waste by region and end-of-life fate,I,OAM,Other OECD America,MIS,Mismanaged,2015,,2.223751,,A,,,,,,,
DATAFLOW,OECD:DF_PLASTIC_WASTE_5(1.0),Plastic waste by region and end-of-life fate,I,OCE,OECD Oceania,LAN,Landfilled,2015,,1.092514,,A,,,,,,,
DATAFLOW,OECD:DF_PLASTIC_WASTE_5(1.0),Plastic waste by region and end-of-life fate,I,RAN,Other Eurasia,REC,Recycled,2015,,0.617758,,A,,,,,,,
DATAFLOW,OECD:DF_PLASTIC_WASTE_5(1.0),Plastic waste by region and end-of-life fate,I,MEN,Middle East & North Africa,LIT,Littered,2015,,0.048369,,A,,,,,,,
DATAFLOW,OECD:DF_PLASTIC_WASTE_5(1.0),Plastic waste by region and end-of-life fate,I,EU5,Other EU,INC,Incinerated,2015,,0.049408,,A,,,,,,,
DATAFLOW,OECD:DF_PLASTIC_WASTE_5(1.0),Plastic waste by region and end-of-life fate,I,OE6,OECD Non-EU,LAN,Landfilled,2015,,8.955026,,A,,,,,,,
DATAFLOW,OECD:DF_PLASTIC_WASTE_5(1.0),Plastic waste by region and end-of-life fate,I,LAM,Latin America,REC,Recycled,2015,,1.576706,,A,,,,,,,
DATAFLOW,OECD:DF_PLASTIC_WASTE_5(1.0),Plastic waste by region and end-of-life fate,I,OAF,Other Africa,TOTAL,Total,2015,,14.18654,,A,,,,,,,
DATAFLOW,OECD:DF_PLASTIC_WASTE_5(1.0),Plastic waste by region and end-of-life fate,I,OAM,Other OECD America,LAN,Landfilled,2015,,7.192255,,A,,,,,,,
DATAFLOW,OECD:DF_PLASTIC_WASTE_5(1.0),Plastic waste by region and end-of-life fate,I,OCE,OECD Oceania,INC,Incinerated,2015,,0.162978,,A,,,,,,,
DATAFLOW,OECD:DF_PLASTIC_WASTE_5(1.0),Plastic waste by region and end-of-life fate,I,OPA,OECD Asia,REC,Recycled,2015,,1.097589,,A,,,,,,,
DATAFLOW,OECD:DF_PLASTIC_WASTE_5(1.0),Plastic waste by region and end-of-life fate,I,RAN,Other Eurasia,TOTAL,Total,2015,,14.30491,,A,,,,,,,
DATAFLOW,OECD:DF_PLASTIC_WASTE_5(1.0),Plastic waste by region and end-of-life fate,I,LAM,Latin America,TOTAL,Total,2015,,17.134865,,A,,,,,,,
DATAFLOW,OECD:DF_PLASTIC_WASTE_5(1.0),Plastic waste by region and end-of-life fate,I,MEN,Middle East & North Africa,MIS,Mismanaged,2015,,5.785391,,A,,,,,,,
DATAFLOW,OECD:DF_PLASTIC_WASTE_5(1.0),Plastic waste by region and end-of-life fate,I,OAF,Other Africa,LIT,Littered,2015,,0.07571,,A,,,,,,,
DATAFLOW,OECD:DF_PLASTIC_WASTE_5(1.0),Plastic waste by region and end-of-life fate,I,ODA,Other non-OECD Asia,REC,Recycled,2015,,1.597105,,A,,,,,,,
DATAFLOW,OECD:DF_PLASTIC_WASTE_5(1.0),Plastic waste by region and end-of-life fate,I,OAM,Other OECD America,TOTAL,Total,2015,,10.445481,,A,,,,,,,
DATAFLOW,OECD:DF_PLASTIC_WASTE_5(1.0),Plastic waste by region and end-of-life fate,I,OPA,OECD Asia,MIS,Mismanaged,2015,,0.38971,,A,,,,,,,
DATAFLOW,OECD:DF_PLASTIC_WASTE_5(1.0),Plastic waste by region and end-of-life fate,I,O22,OECD EU,REC,Recycled,2015,,5.80231,,A,,,,,,,
DATAFLOW,OECD:DF_PLASTIC_WASTE_5(1.0),Plastic waste by region and end-of-life fate,I,RAN,Other Eurasia,LAN,Landfilled,2015,,7.822733,,A,,,,,,,
DATAFLOW,OECD:DF_PLASTIC_WASTE_5(1.0),Plastic waste by region and end-of-life fate,I,OCE,OECD Oceania,LIT,Littered,2015,,0.002596,,A,,,,,,,
DATAFLOW,OECD:DF_PLASTIC_WASTE_5(1.0),Plastic waste by region and end-of-life fate,I,LAM,Latin America,LAN,Landfilled,2015,,7.917731,,A,,,,,,,
DATAFLOW,OECD:DF_PLASTIC_WASTE_5(1.0),Plastic waste by region and end-of-life fate,I,O22,OECD EU,MIS,Mismanaged,2015,,2.749696,,A,,,,,,,
DATAFLOW,OECD:DF_PLASTIC_WASTE_5(1.0),Plastic waste by region and end-of-life fate,I,MEN,Middle East & North Africa,REC,Recycled,2015,,0.694957,,A,,,,,,,
DATAFLOW,OECD:DF_PLASTIC_WASTE_5(1.0),Plastic waste by region and end-of-life fate,I,USA1,United States,REC,Recycled,2015,,2.70853,,A,,,,,,,
DATAFLOW,OECD:DF_PLASTIC_WASTE_5(1.0),Plastic waste by region and end-of-life fate,I,USA1,United States,INC,Incinerated,2015,,12.415617,,A,,,,,,,
DATAFLOW,OECD:DF_PLASTIC_WASTE_5(1.0),Plastic waste by region and end-of-life fate,I,USA1,United States,LAN,Landfilled,2015,,49.323586,,A,,,,,,,
DATAFLOW,OECD:DF_PLASTIC_WASTE_5(1.0),Plastic waste by region and end-of-life fate,I,USA1,United States,MIS,Mismanaged,2015,,2.91632,,A,,,,,,,
DATAFLOW,OECD:DF_PLASTIC_WASTE_5(1.0),Plastic waste by region and end-of-life fate,I,USA1,United States,LIT,Littered,2015,,0.130204,,A,,,,,,,
DATAFLOW,OECD:DF_PLASTIC_WASTE_5(1.0),Plastic waste by region and end-of-life fate,I,USA1,United States,TOTAL,Total,2015,,67.494258,,A,,,,,,,
DATAFLOW,OECD:DF_PLASTIC_WASTE_5(1.0),Plastic waste by region and end-of-life fate,I,CAN1,Canada,REC,Recycled,2015,,0.354606,,A,,,,,,,
DATAFLOW,OECD:DF_PLASTIC_WASTE_5(1.0),Plastic waste by region and end-of-life fate,I,CAN1,Canada,INC,Incinerated,2015,,0.248394,,A,,,,,,,
DATAFLOW,OECD:DF_PLASTIC_WASTE_5(1.0),Plastic waste by region and end-of-life fate,I,CAN1,Canada,LAN,Landfilled,2015,,5.092917,,A,,,,,,,
DATAFLOW,OECD:DF_PLASTIC_WASTE_5(1.0),Plastic waste by region and end-of-life fate,I,CAN1,Canada,MIS,Mismanaged,2015,,0.492557,,A,,,,,,,
DATAFLOW,OECD:DF_PLASTIC_WASTE_5(1.0),Plastic waste by region and end-of-life fate,I,CHN1,China,REC,Recycled,2015,,6.255403,,A,,,,,,,
DATAFLOW,OECD:DF_PLASTIC_WASTE_5(1.0),Plastic waste by region and end-of-life fate,I,CAN1,Canada,LIT,Littered,2015,,0.012051,,A,,,,,,,
DATAFLOW,OECD:DF_PLASTIC_WASTE_5(1.0),Plastic waste by region and end-of-life fate,I,CAN1,Canada,TOTAL,Total,2015,,6.200524,,A,,,,,,,
DATAFLOW,OECD:DF_PLASTIC_WASTE_5(1.0),Plastic waste by region and end-of-life fate,I,CHN1,China,INC,Incinerated,2015,,11.857089,,A,,,,,,,
DATAFLOW,OECD:DF_PLASTIC_WASTE_5(1.0),Plastic waste by region and end-of-life fate,I,CHN1,China,LAN,Landfilled,2015,,18.98366,,A,,,,,,,
DATAFLOW,OECD:DF_PLASTIC_WASTE_5(1.0),Plastic waste by region and end-of-life fate,I,CHN1,China,MIS,Mismanaged,2015,,18.448486,,A,,,,,,,
DATAFLOW,OECD:DF_PLASTIC_WASTE_5(1.0),Plastic waste by region and end-of-life fate,I,CHN1,China,LIT,Littered,2015,,0.209108,,A,,,,,,,
DATAFLOW,OECD:DF_PLASTIC_WASTE_5(1.0),Plastic waste by region and end-of-life fate,I,CHN1,China,TOTAL,Total,2015,,55.753745,,A,,,,,,,
DATAFLOW,OECD:DF_PLASTIC_WASTE_5(1.0),Plastic waste by region and end-of-life fate,I,IND1,India,REC,Recycled,2015,,1.623198,,A,,,,,,,
DATAFLOW,OECD:DF_PLASTIC_WASTE_5(1.0),Plastic waste by region and end-of-life fate,I,IND1,India,INC,Incinerated,2015,,0.499804,,A,,,,,,,
DATAFLOW,OECD:DF_PLASTIC_WASTE_5(1.0),Plastic waste by region and end-of-life fate,I,IND1,India,LAN,Landfilled,2015,,4.662999,,A,,,,,,,
DATAFLOW,OECD:DF_PLASTIC_WASTE_5(1.0),Plastic waste by region and end-of-life fate,I,IND1,India,MIS,Mismanaged,2015,,6.936626,,A,,,,,,,
DATAFLOW,OECD:DF_PLASTIC_WASTE_5(1.0),Plastic waste by region and end-of-life fate,I,IND1,India,LIT,Littered,2015,,0.076561,,A,,,,,,,
DATAFLOW,OECD:DF_PLASTIC_WASTE_5(1.0),Plastic waste by region and end-of-life fate,I,IND1,India,TOTAL,Total,2015,,13.799187,,A,,,,,,,
DATAFLOW,OECD:DF_PLASTIC_WASTE_5(1.0),Plastic waste by region and end-of-life fate,I,OAM,Other OECD America,LIT,Littered,2016,,0.037174,,A,,,,,,,
DATAFLOW,OECD:DF_PLASTIC_WASTE_5(1.0),Plastic waste by region and end-of-life fate,I,ODA,Other non-OECD Asia,TOTAL,Total,2016,,20.956341,,A,,,,,,,
DATAFLOW,OECD:DF_PLASTIC_WASTE_5(1.0),Plastic waste by region and end-of-life fate,I,OPA,OECD Asia,LAN,Landfilled,2016,,2.056114,,A,,,,,,,
DATAFLOW,OECD:DF_PLASTIC_WASTE_5(1.0),Plastic waste by region and end-of-life fate,I,OCE,OECD Oceania,MIS,Mismanaged,2016,,0.115241,,A,,,,,,,
DATAFLOW,OECD:DF_PLASTIC_WASTE_5(1.0),Plastic waste by region and end-of-life fate,I,RAN,Other Eurasia,INC,Incinerated,2016,,0.11336,,A,,,,,,,
DATAFLOW,OECD:DF_PLASTIC_WASTE_5(1.0),Plastic waste by region and end-of-life fate,I,MEN,Middle East & North Africa,TOTAL,Total,2016,,15.118809,,A,,,,,,,
DATAFLOW,OECD:DF_PLASTIC_WASTE_5(1.0),Plastic waste by region and end-of-life fate,I,EU5,Other EU,REC,Recycled,2016,,0.119842,,A,,,,,,,
DATAFLOW,OECD:DF_PLASTIC_WASTE_5(1.0),Plastic waste by region and end-of-life fate,I,OE6,OECD Non-EU,INC,Incinerated,2016,,3.161066,,A,,,,,,,
DATAFLOW,OECD:DF_PLASTIC_WASTE_5(1.0),Plastic waste by region and end-of-life fate,I,OAM,Other OECD America,INC,Incinerated,2016,,0.038364,,A,,,,,,,
DATAFLOW,OECD:DF_PLASTIC_WASTE_5(1.0),Plastic waste by region and end-of-life fate,I,ODA,Other non-OECD Asia,LAN,Landfilled,2016,,8.500107,,A,,,,,,,
DATAFLOW,OECD:DF_PLASTIC_WASTE_5(1.0),Plastic waste by region and end-of-life fate,I,EU5,Other EU,MIS,Mismanaged,2016,,0.251989,,A,,,,,,,
DATAFLOW,OECD:DF_PLASTIC_WASTE_5(1.0),Plastic waste by region and end-of-life fate,I,OPA,OECD Asia,TOTAL,Total,2016,,10.888518,,A,,,,,,,
DATAFLOW,OECD:DF_PLASTIC_WASTE_5(1.0),Plastic waste by region and end-of-life fate,I,RAN,Other Eurasia,LIT,Littered,2016,,0.044653,,A,,,,,,,
DATAFLOW,OECD:DF_PLASTIC_WASTE_5(1.0),Plastic waste by region and end-of-life fate,I,OCE,OECD Oceania,REC,Recycled,2016,,0.099474,,A,,,,,,,
DATAFLOW,OECD:DF_PLASTIC_WASTE_5(1.0),Plastic waste by region and end-of-life fate,I,O22,OECD EU,TOTAL,Total,2016,,47.40894,,A,,,,,,,
DATAFLOW,OECD:DF_PLASTIC_WASTE_5(1.0),Plastic waste by region and end-of-life fate,I,MEN,Middle East & North Africa,LAN,Landfilled,2016,,8.119819,,A,,,,,,,
DATAFLOW,OECD:DF_PLASTIC_WASTE_5(1.0),Plastic waste by region and end-of-life fate,I,OE6,OECD Non-EU,LIT,Littered,2016,,0.028402,,A,,,,,,,
DATAFLOW,OECD:DF_PLASTIC_WASTE_5(1.0),Plastic waste by region and end-of-life fate,I,ODA,Other non-OECD Asia,INC,Incinerated,2016,,0.841779,,A,,,,,,,
DATAFLOW,OECD:DF_PLASTIC_WASTE_5(1.0),Plastic waste by region and end-of-life fate,I,EU5,Other EU,LAN,Landfilled,2016,,1.767918,,A,,,,,,,
DATAFLOW,OECD:DF_PLASTIC_WASTE_5(1.0),Plastic waste by region and end-of-life fate,I,OPA,OECD Asia,LIT,Littered,2016,,0.022361,,A,,,,,,,
DATAFLOW,OECD:DF_PLASTIC_WASTE_5(1.0),Plastic waste by region and end-of-life fate,I,RAN,Other Eurasia,MIS,Mismanaged,2016,,5.959975,,A,,,,,,,
DATAFLOW,OECD:DF_PLASTIC_WASTE_5(1.0),Plastic waste by region and end-of-life fate,I,LAM,Latin America,INC,Incinerated,2016,,0.074354,,A,,,,,,,
DATAFLOW,OECD:DF_PLASTIC_WASTE_5(1.0),Plastic waste by region and end-of-life fate,I,O22,OECD EU,LAN,Landfilled,2016,,19.305964,,A,,,,,,,
DATAFLOW,OECD:DF_PLASTIC_WASTE_5(1.0),Plastic waste by region and end-of-life fate,I,OAF,Other Africa,REC,Recycled,2016,,0.776651,,A,,,,,,,
DATAFLOW,OECD:DF_PLASTIC_WASTE_5(1.0),Plastic waste by region and end-of-life fate,I,OE6,OECD Non-EU,MIS,Mismanaged,2016,,1.341227,,A,,,,,,,
DATAFLOW,OECD:DF_PLASTIC_WASTE_5(1.0),Plastic waste by region and end-of-life fate,I,EU5,Other EU,TOTAL,Total,2016,,2.19817,,A,,,,,,,
DATAFLOW,OECD:DF_PLASTIC_WASTE_5(1.0),Plastic waste by region and end-of-life fate,I,ODA,Other non-OECD Asia,LIT,Littered,2016,,0.100485,,A,,,,,,,
DATAFLOW,OECD:DF_PLASTIC_WASTE_5(1.0),Plastic waste by region and end-of-life fate,I,OPA,OECD Asia,INC,Incinerated,2016,,7.293018,,A,,,,,,,
DATAFLOW,OECD:DF_PLASTIC_WASTE_5(1.0),Plastic waste by region and end-of-life fate,I,LAM,Latin America,LIT,Littered,2016,,0.064415,,A,,,,,,,
DATAFLOW,OECD:DF_PLASTIC_WASTE_5(1.0),Plastic waste by region and end-of-life fate,I,OAF,Other Africa,MIS,Mismanaged,2016,,9.381436,,A,,,,,,,
DATAFLOW,OECD:DF_PLASTIC_WASTE_5(1.0),Plastic waste by region and end-of-life fate,I,OE6,OECD Non-EU,REC,Recycled,2016,,1.020662,,A,,,,,,,
DATAFLOW,OECD:DF_PLASTIC_WASTE_5(1.0),Plastic waste by region and end-of-life fate,I,OAM,Other OECD America,REC,Recycled,2016,,1.005013,,A,,,,,,,
DATAFLOW,OECD:DF_PLASTIC_WASTE_5(1.0),Plastic waste by region and end-of-life fate,I,ODA,Other non-OECD Asia,MIS,Mismanaged,2016,,9.764632,,A,,,,,,,
DATAFLOW,OECD:DF_PLASTIC_WASTE_5(1.0),Plastic waste by region and end-of-life fate,I,EU5,Other EU,LIT,Littered,2016,,0.006134,,A,,,,,,,
DATAFLOW,OECD:DF_PLASTIC_WASTE_5(1.0),Plastic waste by region and end-of-life fate,I,O22,OECD EU,INC,Incinerated,2016,,19.319363,,A,,,,,,,
DATAFLOW,OECD:DF_PLASTIC_WASTE_5(1.0),Plastic waste by region and end-of-life fate,I,OCE,OECD Oceania,TOTAL,Total,2016,,1.563965,,A,,,,,,,
DATAFLOW,OECD:DF_PLASTIC_WASTE_5(1.0),Plastic waste by region and end-of-life fate,I,LAM,Latin America,MIS,Mismanaged,2016,,7.568952,,A,,,,,,,
DATAFLOW,OECD:DF_PLASTIC_WASTE_5(1.0),Plastic waste by region and end-of-life fate,I,O22,OECD EU,LIT,Littered,2016,,0.08692,,A,,,,,,,
DATAFLOW,OECD:DF_PLASTIC_WASTE_5(1.0),Plastic waste by region and end-of-life fate,I,MEN,Middle East & North Africa,INC,Incinerated,2016,,0.066562,,A,,,,,,,
DATAFLOW,OECD:DF_PLASTIC_WASTE_5(1.0),Plastic waste by region and end-of-life fate,I,OE6,OECD Non-EU,TOTAL,Total,2016,,14.682829,,A,,,,,,,
DATAFLOW,OECD:DF_PLASTIC_WASTE_5(1.0),Plastic waste by region and end-of-life fate,I,OAF,Other Africa,LAN,Landfilled,2016,,4.377538,,A,,,,,,,
DATAFLOW,OECD:DF_PLASTIC_WASTE_5(1.0),Plastic waste by region and end-of-life fate,I,OAM,Other OECD America,MIS,Mismanaged,2016,,2.244823,,A,,,,,,,
DATAFLOW,OECD:DF_PLASTIC_WASTE_5(1.0),Plastic waste by region and end-of-life fate,I,OCE,OECD Oceania,LAN,Landfilled,2016,,1.170018,,A,,,,,,,
DATAFLOW,OECD:DF_PLASTIC_WASTE_5(1.0),Plastic waste by region and end-of-life fate,I,RAN,Other Eurasia,REC,Recycled,2016,,0.661115,,A,,,,,,,
DATAFLOW,OECD:DF_PLASTIC_WASTE_5(1.0),Plastic waste by region and end-of-life fate,I,MEN,Middle East & North Africa,LIT,Littered,2016,,0.051859,,A,,,,,,,
DATAFLOW,OECD:DF_PLASTIC_WASTE_5(1.0),Plastic waste by region and end-of-life fate,I,EU5,Other EU,INC,Incinerated,2016,,0.052287,,A,,,,,,,
DATAFLOW,OECD:DF_PLASTIC_WASTE_5(1.0),Plastic waste by region and end-of-life fate,I,OE6,OECD Non-EU,LAN,Landfilled,2016,,9.131472,,A,,,,,,,
DATAFLOW,OECD:DF_PLASTIC_WASTE_5(1.0),Plastic waste by region and end-of-life fate,I,LAM,Latin America,REC,Recycled,2016,,1.659917,,A,,,,,,,
DATAFLOW,OECD:DF_PLASTIC_WASTE_5(1.0),Plastic waste by region and end-of-life fate,I,OAF,Other Africa,TOTAL,Total,2016,,14.612848,,A,,,,,,,
DATAFLOW,OECD:DF_PLASTIC_WASTE_5(1.0),Plastic waste by region and end-of-life fate,I,OAM,Other OECD America,LAN,Landfilled,2016,,7.353758,,A,,,,,,,
DATAFLOW,OECD:DF_PLASTIC_WASTE_5(1.0),Plastic waste by region and end-of-life fate,I,OPA,OECD Asia,REC,Recycled,2016,,1.17305,,A,,,,,,,
DATAFLOW,OECD:DF_PLASTIC_WASTE_5(1.0),Plastic waste by region and end-of-life fate,I,RAN,Other Eurasia,TOTAL,Total,2016,,14.930472,,A,,,,,,,
DATAFLOW,OECD:DF_PLASTIC_WASTE_5(1.0),Plastic waste by region and end-of-life fate,I,OCE,OECD Oceania,INC,Incinerated,2016,,0.176487,,A,,,,,,,
DATAFLOW,OECD:DF_PLASTIC_WASTE_5(1.0),Plastic waste by region and end-of-life fate,I,LAM,Latin America,TOTAL,Total,2016,,17.534104,,A,,,,,,,
DATAFLOW,OECD:DF_PLASTIC_WASTE_5(1.0),Plastic waste by region and end-of-life fate,I,MEN,Middle East & North Africa,MIS,Mismanaged,2016,,6.118184,,A,,,,,,,
DATAFLOW,OECD:DF_PLASTIC_WASTE_5(1.0),Plastic waste by region and end-of-life fate,I,OAF,Other Africa,LIT,Littered,2016,,0.077222,,A,,,,,,,
DATAFLOW,OECD:DF_PLASTIC_WASTE_5(1.0),Plastic waste by region and end-of-life fate,I,ODA,Other non-OECD Asia,REC,Recycled,2016,,1.749339,,A,,,,,,,
DATAFLOW,OECD:DF_PLASTIC_WASTE_5(1.0),Plastic waste by region and end-of-life fate,I,OAM,Other OECD America,TOTAL,Total,2016,,10.679133,,A,,,,,,,
DATAFLOW,OECD:DF_PLASTIC_WASTE_5(1.0),Plastic waste by region and end-of-life fate,I,OPA,OECD Asia,MIS,Mismanaged,2016,,0.343975,,A,,,,,,,
DATAFLOW,OECD:DF_PLASTIC_WASTE_5(1.0),Plastic waste by region and end-of-life fate,I,O22,OECD EU,REC,Recycled,2016,,6.115516,,A,,,,,,,
DATAFLOW,OECD:DF_PLASTIC_WASTE_5(1.0),Plastic waste by region and end-of-life fate,I,RAN,Other Eurasia,LAN,Landfilled,2016,,8.151369,,A,,,,,,,
DATAFLOW,OECD:DF_PLASTIC_WASTE_5(1.0),Plastic waste by region and end-of-life fate,I,OCE,OECD Oceania,LIT,Littered,2016,,0.002746,,A,,,,,,,
DATAFLOW,OECD:DF_PLASTIC_WASTE_5(1.0),Plastic waste by region and end-of-life fate,I,LAM,Latin America,LAN,Landfilled,2016,,8.166467,,A,,,,,,,
DATAFLOW,OECD:DF_PLASTIC_WASTE_5(1.0),Plastic waste by region and end-of-life fate,I,O22,OECD EU,MIS,Mismanaged,2016,,2.581177,,A,,,,,,,
DATAFLOW,OECD:DF_PLASTIC_WASTE_5(1.0),Plastic waste by region and end-of-life fate,I,MEN,Middle East & North Africa,REC,Recycled,2016,,0.762385,,A,,,,,,,
DATAFLOW,OECD:DF_PLASTIC_WASTE_5(1.0),Plastic waste by region and end-of-life fate,I,USA1,United States,REC,Recycled,2016,,2.864726,,A,,,,,,,
DATAFLOW,OECD:DF_PLASTIC_WASTE_5(1.0),Plastic waste by region and end-of-life fate,I,USA1,United States,INC,Incinerated,2016,,12.909279,,A,,,,,,,
DATAFLOW,OECD:DF_PLASTIC_WASTE_5(1.0),Plastic waste by region and end-of-life fate,I,USA1,United States,LAN,Landfilled,2016,,50.635927,,A,,,,,,,
DATAFLOW,OECD:DF_PLASTIC_WASTE_5(1.0),Plastic waste by region and end-of-life fate,I,USA1,United States,MIS,Mismanaged,2016,,2.835037,,A,,,,,,,
DATAFLOW,OECD:DF_PLASTIC_WASTE_5(1.0),Plastic waste by region and end-of-life fate,I,USA1,United States,LIT,Littered,2016,,0.133172,,A,,,,,,,
DATAFLOW,OECD:DF_PLASTIC_WASTE_5(1.0),Plastic waste by region and end-of-life fate,I,CAN1,Canada,REC,Recycled,2016,,0.370701,,A,,,,,,,
DATAFLOW,OECD:DF_PLASTIC_WASTE_5(1.0),Plastic waste by region and end-of-life fate,I,CAN1,Canada,INC,Incinerated,2016,,0.252534,,A,,,,,,,
DATAFLOW,OECD:DF_PLASTIC_WASTE_5(1.0),Plastic waste by region and end-of-life fate,I,CAN1,Canada,LAN,Landfilled,2016,,5.145813,,A,,,,,,,
DATAFLOW,OECD:DF_PLASTIC_WASTE_5(1.0),Plastic waste by region and end-of-life fate,I,CAN1,Canada,MIS,Mismanaged,2016,,0.481545,,A,,,,,,,
DATAFLOW,OECD:DF_PLASTIC_WASTE_5(1.0),Plastic waste by region and end-of-life fate,I,CAN1,Canada,LIT,Littered,2016,,0.012089,,A,,,,,,,
DATAFLOW,OECD:DF_PLASTIC_WASTE_5(1.0),Plastic waste by region and end-of-life fate,I,CAN1,Canada,TOTAL,Total,2016,,6.262683,,A,,,,,,,
DATAFLOW,OECD:DF_PLASTIC_WASTE_5(1.0),Plastic waste by region and end-of-life fate,I,CHN1,China,REC,Recycled,2016,,6.801136,,A,,,,,,,
DATAFLOW,OECD:DF_PLASTIC_WASTE_5(1.0),Plastic waste by region and end-of-life fate,I,CHN1,China,INC,Incinerated,2016,,12.932418,,A,,,,,,,
DATAFLOW,OECD:DF_PLASTIC_WASTE_5(1.0),Plastic waste by region and end-of-life fate,I,CHN1,China,LAN,Landfilled,2016,,20.235727,,A,,,,,,,
DATAFLOW,OECD:DF_PLASTIC_WASTE_5(1.0),Plastic waste by region and end-of-life fate,I,CHN1,China,MIS,Mismanaged,2016,,18.205877,,A,,,,,,,
DATAFLOW,OECD:DF_PLASTIC_WASTE_5(1.0),Plastic waste by region and end-of-life fate,I,CHN1,China,LIT,Littered,2016,,0.217909,,A,,,,,,,
DATAFLOW,OECD:DF_PLASTIC_WASTE_5(1.0),Plastic waste by region and end-of-life fate,I,CHN1,China,TOTAL,Total,2016,,58.393067,,A,,,,,,,
DATAFLOW,OECD:DF_PLASTIC_WASTE_5(1.0),Plastic waste by region and end-of-life fate,I,IND1,India,REC,Recycled,2016,,1.824238,,A,,,,,,,
DATAFLOW,OECD:DF_PLASTIC_WASTE_5(1.0),Plastic waste by region and end-of-life fate,I,USA1,United States,TOTAL,Total,2016,,69.378141,,A,,,,,,,
DATAFLOW,OECD:DF_PLASTIC_WASTE_5(1.0),Plastic waste by region and end-of-life fate,I,IND1,India,INC,Incinerated,2016,,0.561943,,A,,,,,,,
DATAFLOW,OECD:DF_PLASTIC_WASTE_5(1.0),Plastic waste by region and end-of-life fate,I,IND1,India,LAN,Landfilled,2016,,5.145957,,A,,,,,,,
DATAFLOW,OECD:DF_PLASTIC_WASTE_5(1.0),Plastic waste by region and end-of-life fate,I,IND1,India,MIS,Mismanaged,2016,,7.340763,,A,,,,,,,
DATAFLOW,OECD:DF_PLASTIC_WASTE_5(1.0),Plastic waste by region and end-of-life fate,I,IND1,India,LIT,Littered,2016,,0.082559,,A,,,,,,,
DATAFLOW,OECD:DF_PLASTIC_WASTE_5(1.0),Plastic waste by region and end-of-life fate,I,IND1,India,TOTAL,Total,2016,,14.955459,,A,,,,,,,
DATAFLOW,OECD:DF_PLASTIC_WASTE_5(1.0),Plastic waste by region and end-of-life fate,I,OAM,Other OECD America,LIT,Littered,2017,,0.037769,,A,,,,,,,
DATAFLOW,OECD:DF_PLASTIC_WASTE_5(1.0),Plastic waste by region and end-of-life fate,I,ODA,Other non-OECD Asia,TOTAL,Total,2017,,22.557034,,A,,,,,,,
DATAFLOW,OECD:DF_PLASTIC_WASTE_5(1.0),Plastic waste by region and end-of-life fate,I,OPA,OECD Asia,LAN,Landfilled,2017,,1.854827,,A,,,,,,,
DATAFLOW,OECD:DF_PLASTIC_WASTE_5(1.0),Plastic waste by region and end-of-life fate,I,OCE,OECD Oceania,MIS,Mismanaged,2017,,0.120137,,A,,,,,,,
DATAFLOW,OECD:DF_PLASTIC_WASTE_5(1.0),Plastic waste by region and end-of-life fate,I,RAN,Other Eurasia,INC,Incinerated,2017,,0.120433,,A,,,,,,,
DATAFLOW,OECD:DF_PLASTIC_WASTE_5(1.0),Plastic waste by region and end-of-life fate,I,MEN,Middle East & North Africa,TOTAL,Total,2017,,15.802218,,A,,,,,,,
DATAFLOW,OECD:DF_PLASTIC_WASTE_5(1.0),Plastic waste by region and end-of-life fate,I,EU5,Other EU,REC,Recycled,2017,,0.129428,,A,,,,,,,
DATAFLOW,OECD:DF_PLASTIC_WASTE_5(1.0),Plastic waste by region and end-of-life fate,I,OE6,OECD Non-EU,INC,Incinerated,2017,,3.382451,,A,,,,,,,
DATAFLOW,OECD:DF_PLASTIC_WASTE_5(1.0),Plastic waste by region and end-of-life fate,I,OAM,Other OECD America,INC,Incinerated,2017,,0.03902,,A,,,,,,,
DATAFLOW,OECD:DF_PLASTIC_WASTE_5(1.0),Plastic waste by region and end-of-life fate,I,ODA,Other non-OECD Asia,LAN,Landfilled,2017,,9.235472,,A,,,,,,,
DATAFLOW,OECD:DF_PLASTIC_WASTE_5(1.0),Plastic waste by region and end-of-life fate,I,EU5,Other EU,MIS,Mismanaged,2017,,0.255199,,A,,,,,,,
DATAFLOW,OECD:DF_PLASTIC_WASTE_5(1.0),Plastic waste by region and end-of-life fate,I,OCE,OECD Oceania,REC,Recycled,2017,,0.11038,,A,,,,,,,
DATAFLOW,OECD:DF_PLASTIC_WASTE_5(1.0),Plastic waste by region and end-of-life fate,I,OPA,OECD Asia,TOTAL,Total,2017,,11.242962,,A,,,,,,,
DATAFLOW,OECD:DF_PLASTIC_WASTE_5(1.0),Plastic waste by region and end-of-life fate,I,RAN,Other Eurasia,LIT,Littered,2017,,0.046399,,A,,,,,,,
DATAFLOW,OECD:DF_PLASTIC_WASTE_5(1.0),Plastic waste by region and end-of-life fate,I,O22,OECD EU,TOTAL,Total,2017,,48.541291,,A,,,,,,,
DATAFLOW,OECD:DF_PLASTIC_WASTE_5(1.0),Plastic waste by region and end-of-life fate,I,MEN,Middle East & North Africa,LAN,Landfilled,2017,,8.518126,,A,,,,,,,
DATAFLOW,OECD:DF_PLASTIC_WASTE_5(1.0),Plastic waste by region and end-of-life fate,I,OE6,OECD Non-EU,LIT,Littered,2017,,0.029432,,A,,,,,,,
DATAFLOW,OECD:DF_PLASTIC_WASTE_5(1.0),Plastic waste by region and end-of-life fate,I,ODA,Other non-OECD Asia,INC,Incinerated,2017,,0.93125,,A,,,,,,,
DATAFLOW,OECD:DF_PLASTIC_WASTE_5(1.0),Plastic waste by region and end-of-life fate,I,EU5,Other EU,LAN,Landfilled,2017,,1.840215,,A,,,,,,,
DATAFLOW,OECD:DF_PLASTIC_WASTE_5(1.0),Plastic waste by region and end-of-life fate,I,OPA,OECD Asia,LIT,Littered,2017,,0.022881,,A,,,,,,,
DATAFLOW,OECD:DF_PLASTIC_WASTE_5(1.0),Plastic waste by region and end-of-life fate,I,RAN,Other Eurasia,MIS,Mismanaged,2017,,6.223548,,A,,,,,,,
DATAFLOW,OECD:DF_PLASTIC_WASTE_5(1.0),Plastic waste by region and end-of-life fate,I,LAM,Latin America,INC,Incinerated,2017,,0.076591,,A,,,,,,,
DATAFLOW,OECD:DF_PLASTIC_WASTE_5(1.0),Plastic waste by region and end-of-life fate,I,O22,OECD EU,LAN,Landfilled,2017,,18.915927,,A,,,,,,,
DATAFLOW,OECD:DF_PLASTIC_WASTE_5(1.0),Plastic waste by region and end-of-life fate,I,OAF,Other Africa,REC,Recycled,2017,,0.823244,,A,,,,,,,
DATAFLOW,OECD:DF_PLASTIC_WASTE_5(1.0),Plastic waste by region and end-of-life fate,I,OE6,OECD Non-EU,MIS,Mismanaged,2017,,1.336966,,A,,,,,,,
DATAFLOW,OECD:DF_PLASTIC_WASTE_5(1.0),Plastic waste by region and end-of-life fate,I,EU5,Other EU,TOTAL,Total,2017,,2.286959,,A,,,,,,,
DATAFLOW,OECD:DF_PLASTIC_WASTE_5(1.0),Plastic waste by region and end-of-life fate,I,ODA,Other non-OECD Asia,LIT,Littered,2017,,0.107254,,A,,,,,,,
DATAFLOW,OECD:DF_PLASTIC_WASTE_5(1.0),Plastic waste by region and end-of-life fate,I,OPA,OECD Asia,INC,Incinerated,2017,,7.809137,,A,,,,,,,
DATAFLOW,OECD:DF_PLASTIC_WASTE_5(1.0),Plastic waste by region and end-of-life fate,I,LAM,Latin America,LIT,Littered,2017,,0.065998,,A,,,,,,,
DATAFLOW,OECD:DF_PLASTIC_WASTE_5(1.0),Plastic waste by region and end-of-life fate,I,OAF,Other Africa,MIS,Mismanaged,2017,,9.643507,,A,,,,,,,
DATAFLOW,OECD:DF_PLASTIC_WASTE_5(1.0),Plastic waste by region and end-of-life fate,I,OE6,OECD Non-EU,REC,Recycled,2017,,1.101144,,A,,,,,,,
DATAFLOW,OECD:DF_PLASTIC_WASTE_5(1.0),Plastic waste by region and end-of-life fate,I,OAM,Other OECD America,REC,Recycled,2017,,1.052668,,A,,,,,,,
DATAFLOW,OECD:DF_PLASTIC_WASTE_5(1.0),Plastic waste by region and end-of-life fate,I,ODA,Other non-OECD Asia,MIS,Mismanaged,2017,,10.353667,,A,,,,,,,
DATAFLOW,OECD:DF_PLASTIC_WASTE_5(1.0),Plastic waste by region and end-of-life fate,I,EU5,Other EU,LIT,Littered,2017,,0.006362,,A,,,,,,,
DATAFLOW,OECD:DF_PLASTIC_WASTE_5(1.0),Plastic waste by region and end-of-life fate,I,O22,OECD EU,INC,Incinerated,2017,,20.62482,,A,,,,,,,
DATAFLOW,OECD:DF_PLASTIC_WASTE_5(1.0),Plastic waste by region and end-of-life fate,I,OCE,OECD Oceania,TOTAL,Total,2017,,1.693263,,A,,,,,,,
DATAFLOW,OECD:DF_PLASTIC_WASTE_5(1.0),Plastic waste by region and end-of-life fate,I,MEN,Middle East & North Africa,INC,Incinerated,2017,,0.06997,,A,,,,,,,
DATAFLOW,OECD:DF_PLASTIC_WASTE_5(1.0),Plastic waste by region and end-of-life fate,I,LAM,Latin America,MIS,Mismanaged,2017,,7.712183,,A,,,,,,,
DATAFLOW,OECD:DF_PLASTIC_WASTE_5(1.0),Plastic waste by region and end-of-life fate,I,O22,OECD EU,LIT,Littered,2017,,0.08877,,A,,,,,,,
DATAFLOW,OECD:DF_PLASTIC_WASTE_5(1.0),Plastic waste by region and end-of-life fate,I,OE6,OECD Non-EU,TOTAL,Total,2017,,15.254011,,A,,,,,,,
DATAFLOW,OECD:DF_PLASTIC_WASTE_5(1.0),Plastic waste by region and end-of-life fate,I,OAF,Other Africa,LAN,Landfilled,2017,,4.54164,,A,,,,,,,
DATAFLOW,OECD:DF_PLASTIC_WASTE_5(1.0),Plastic waste by region and end-of-life fate,I,OAM,Other OECD America,MIS,Mismanaged,2017,,2.259366,,A,,,,,,,
DATAFLOW,OECD:DF_PLASTIC_WASTE_5(1.0),Plastic waste by region and end-of-life fate,I,OCE,OECD Oceania,LAN,Landfilled,2017,,1.26665,,A,,,,,,,
DATAFLOW,OECD:DF_PLASTIC_WASTE_5(1.0),Plastic waste by region and end-of-life fate,I,RAN,Other Eurasia,REC,Recycled,2017,,0.708417,,A,,,,,,,
DATAFLOW,OECD:DF_PLASTIC_WASTE_5(1.0),Plastic waste by region and end-of-life fate,I,MEN,Middle East & North Africa,LIT,Littered,2017,,0.054119,,A,,,,,,,
DATAFLOW,OECD:DF_PLASTIC_WASTE_5(1.0),Plastic waste by region and end-of-life fate,I,LAM,Latin America,REC,Recycled,2017,,1.762215,,A,,,,,,,
DATAFLOW,OECD:DF_PLASTIC_WASTE_5(1.0),Plastic waste by region and end-of-life fate,I,EU5,Other EU,INC,Incinerated,2017,,0.055754,,A,,,,,,,
DATAFLOW,OECD:DF_PLASTIC_WASTE_5(1.0),Plastic waste by region and end-of-life fate,I,OE6,OECD Non-EU,LAN,Landfilled,2017,,9.404018,,A,,,,,,,
DATAFLOW,OECD:DF_PLASTIC_WASTE_5(1.0),Plastic waste by region and end-of-life fate,I,OAF,Other Africa,TOTAL,Total,2017,,15.087484,,A,,,,,,,
DATAFLOW,OECD:DF_PLASTIC_WASTE_5(1.0),Plastic waste by region and end-of-life fate,I,OAM,Other OECD America,LAN,Landfilled,2017,,7.498078,,A,,,,,,,
DATAFLOW,OECD:DF_PLASTIC_WASTE_5(1.0),Plastic waste by region and end-of-life fate,I,OPA,OECD Asia,REC,Recycled,2017,,1.259005,,A,,,,,,,
DATAFLOW,OECD:DF_PLASTIC_WASTE_5(1.0),Plastic waste by region and end-of-life fate,I,RAN,Other Eurasia,TOTAL,Total,2017,,15.60294,,A,,,,,,,
DATAFLOW,OECD:DF_PLASTIC_WASTE_5(1.0),Plastic waste by region and end-of-life fate,I,OCE,OECD Oceania,INC,Incinerated,2017,,0.193165,,A,,,,,,,
DATAFLOW,OECD:DF_PLASTIC_WASTE_5(1.0),Plastic waste by region and end-of-life fate,I,LAM,Latin America,TOTAL,Total,2017,,18.127757,,A,,,,,,,
DATAFLOW,OECD:DF_PLASTIC_WASTE_5(1.0),Plastic waste by region and end-of-life fate,I,MEN,Middle East & North Africa,MIS,Mismanaged,2017,,6.342768,,A,,,,,,,
DATAFLOW,OECD:DF_PLASTIC_WASTE_5(1.0),Plastic waste by region and end-of-life fate,I,OAF,Other Africa,LIT,Littered,2017,,0.079093,,A,,,,,,,
DATAFLOW,OECD:DF_PLASTIC_WASTE_5(1.0),Plastic waste by region and end-of-life fate,I,ODA,Other non-OECD Asia,REC,Recycled,2017,,1.92939,,A,,,,,,,
DATAFLOW,OECD:DF_PLASTIC_WASTE_5(1.0),Plastic waste by region and end-of-life fate,I,OAM,Other OECD America,TOTAL,Total,2017,,10.8869,,A,,,,,,,
DATAFLOW,OECD:DF_PLASTIC_WASTE_5(1.0),Plastic waste by region and end-of-life fate,I,OPA,OECD Asia,MIS,Mismanaged,2017,,0.297112,,A,,,,,,,
DATAFLOW,OECD:DF_PLASTIC_WASTE_5(1.0),Plastic waste by region and end-of-life fate,I,O22,OECD EU,REC,Recycled,2017,,6.487726,,A,,,,,,,
DATAFLOW,OECD:DF_PLASTIC_WASTE_5(1.0),Plastic waste by region and end-of-life fate,I,RAN,Other Eurasia,LAN,Landfilled,2017,,8.504143,,A,,,,,,,
DATAFLOW,OECD:DF_PLASTIC_WASTE_5(1.0),Plastic waste by region and end-of-life fate,I,OCE,OECD Oceania,LIT,Littered,2017,,0.00293,,A,,,,,,,
DATAFLOW,OECD:DF_PLASTIC_WASTE_5(1.0),Plastic waste by region and end-of-life fate,I,LAM,Latin America,LAN,Landfilled,2017,,8.510771,,A,,,,,,,
DATAFLOW,OECD:DF_PLASTIC_WASTE_5(1.0),Plastic waste by region and end-of-life fate,I,O22,OECD EU,MIS,Mismanaged,2017,,2.424047,,A,,,,,,,
DATAFLOW,OECD:DF_PLASTIC_WASTE_5(1.0),Plastic waste by region and end-of-life fate,I,MEN,Middle East & North Africa,REC,Recycled,2017,,0.817235,,A,,,,,,,
DATAFLOW,OECD:DF_PLASTIC_WASTE_5(1.0),Plastic waste by region and end-of-life fate,I,USA1,United States,REC,Recycled,2017,,2.980488,,A,,,,,,,
DATAFLOW,OECD:DF_PLASTIC_WASTE_5(1.0),Plastic waste by region and end-of-life fate,I,USA1,United States,INC,Incinerated,2017,,13.213204,,A,,,,,,,
DATAFLOW,OECD:DF_PLASTIC_WASTE_5(1.0),Plastic waste by region and end-of-life fate,I,USA1,United States,LAN,Landfilled,2017,,51.174166,,A,,,,,,,
DATAFLOW,OECD:DF_PLASTIC_WASTE_5(1.0),Plastic waste by region and end-of-life fate,I,USA1,United States,MIS,Mismanaged,2017,,2.703756,,A,,,,,,,
DATAFLOW,OECD:DF_PLASTIC_WASTE_5(1.0),Plastic waste by region and end-of-life fate,I,USA1,United States,LIT,Littered,2017,,0.134351,,A,,,,,,,
DATAFLOW,OECD:DF_PLASTIC_WASTE_5(1.0),Plastic waste by region and end-of-life fate,I,USA1,United States,TOTAL,Total,2017,,70.205965,,A,,,,,,,
DATAFLOW,OECD:DF_PLASTIC_WASTE_5(1.0),Plastic waste by region and end-of-life fate,I,CAN1,Canada,REC,Recycled,2017,,0.390651,,A,,,,,,,
DATAFLOW,OECD:DF_PLASTIC_WASTE_5(1.0),Plastic waste by region and end-of-life fate,I,CAN1,Canada,INC,Incinerated,2017,,0.260052,,A,,,,,,,
DATAFLOW,OECD:DF_PLASTIC_WASTE_5(1.0),Plastic waste by region and end-of-life fate,I,CAN1,Canada,LAN,Landfilled,2017,,5.265962,,A,,,,,,,
DATAFLOW,OECD:DF_PLASTIC_WASTE_5(1.0),Plastic waste by region and end-of-life fate,I,CAN1,Canada,MIS,Mismanaged,2017,,0.47597,,A,,,,,,,
DATAFLOW,OECD:DF_PLASTIC_WASTE_5(1.0),Plastic waste by region and end-of-life fate,I,CAN1,Canada,LIT,Littered,2017,,0.012348,,A,,,,,,,
DATAFLOW,OECD:DF_PLASTIC_WASTE_5(1.0),Plastic waste by region and end-of-life fate,I,CAN1,Canada,TOTAL,Total,2017,,6.404984,,A,,,,,,,
DATAFLOW,OECD:DF_PLASTIC_WASTE_5(1.0),Plastic waste by region and end-of-life fate,I,CHN1,China,REC,Recycled,2017,,7.363416,,A,,,,,,,
DATAFLOW,OECD:DF_PLASTIC_WASTE_5(1.0),Plastic waste by region and end-of-life fate,I,CHN1,China,INC,Incinerated,2017,,14.093147,,A,,,,,,,
DATAFLOW,OECD:DF_PLASTIC_WASTE_5(1.0),Plastic waste by region and end-of-life fate,I,CHN1,China,LAN,Landfilled,2017,,21.578175,,A,,,,,,,
DATAFLOW,OECD:DF_PLASTIC_WASTE_5(1.0),Plastic waste by region and end-of-life fate,I,CHN1,China,MIS,Mismanaged,2017,,17.901154,,A,,,,,,,
DATAFLOW,OECD:DF_PLASTIC_WASTE_5(1.0),Plastic waste by region and end-of-life fate,I,CHN1,China,LIT,Littered,2017,,0.22648,,A,,,,,,,
DATAFLOW,OECD:DF_PLASTIC_WASTE_5(1.0),Plastic waste by region and end-of-life fate,I,CHN1,China,TOTAL,Total,2017,,61.162372,,A,,,,,,,
DATAFLOW,OECD:DF_PLASTIC_WASTE_5(1.0),Plastic waste by region and end-of-life fate,I,IND1,India,REC,Recycled,2017,,2.039447,,A,,,,,,,
DATAFLOW,OECD:DF_PLASTIC_WASTE_5(1.0),Plastic waste by region and end-of-life fate,I,IND1,India,INC,Incinerated,2017,,0.629297,,A,,,,,,,
DATAFLOW,OECD:DF_PLASTIC_WASTE_5(1.0),Plastic waste by region and end-of-life fate,I,IND1,India,LAN,Landfilled,2017,,5.66324,,A,,,,,,,
DATAFLOW,OECD:DF_PLASTIC_WASTE_5(1.0),Plastic waste by region and end-of-life fate,I,IND1,India,MIS,Mismanaged,2017,,7.743059,,A,,,,,,,
DATAFLOW,OECD:DF_PLASTIC_WASTE_5(1.0),Plastic waste by region and end-of-life fate,I,IND1,India,LIT,Littered,2017,,0.088648,,A,,,,,,,
DATAFLOW,OECD:DF_PLASTIC_WASTE_5(1.0),Plastic waste by region and end-of-life fate,I,IND1,India,TOTAL,Total,2017,,16.163692,,A,,,,,,,
