typeCode,freqCode,refYear,refMonth,period,reporterCode,reporterISO,reporterDesc,flowCode,flowDesc,partnerCode,partnerISO,partnerDesc,partner2Code,partner2ISO,partner2Desc,classificationCode,classificationSearchCode,cmdCode,cmdDesc,isLeaf,customsDesc,motDesc,qtyUnitCode,qtyUnitAbbr,qty,isQtyEstimated,altQtyUnitCode,altQtyUnitAbbr,altQty,isAltQtyEstimated,netWgt,isNetWgtEstimated,grossWgt,isGrossWgtEstimated,cifvalue,fobvalue,primaryValue,legacyEstimationFlag,isReported,isAggregate
C,A,2023,52,2023,20,AND,Andorra,M,Import,0,W00,World,0,W00,World,H6,HS,3915,"Waste, parings and scrap, of plastics",FALSE,TOTAL CPC,TOTAL MOT,8,kg,1255.5,FALSE,8,kg,1255.5,FALSE,1255.5,FALSE,0,FALSE,1582.605,,1582.605,0,FALSE,TRUE
C,A,2023,52,2023,20,AND,Andorra,X,Export,0,W00,World,0,W00,World,H6,HS,3915,"Waste, parings and scrap, of plastics",FALSE,TOTAL CPC,TOTAL MOT,8,kg,3556163,FALSE,8,kg,3556163,FALSE,3556163,FALSE,0,FALSE,,472227.236,472227.236,0,FALSE,TRUE
C,A,2023,52,2023,24,AGO,Angola,M,Import,0,W00,World,0,W00,World,H5,HS,3915,"Waste, parings and scrap, of plastics",FALSE,TOTAL CPC,TOTAL MOT,8,kg,1670486.29,TRUE,-1,N/A,0,FALSE,1670486.29,TRUE,0,FALSE,747841.1,646350.95,747841.1,6,FALSE,TRUE
C,A,2023,52,2023,24,AGO,Angola,X,Export,0,W00,World,0,W00,World,H5,HS,3915,"Waste, parings and scrap, of plastics",FALSE,TOTAL CPC,TOTAL MOT,8,kg,2033.736,FALSE,8,kg,2033.736,FALSE,2033.736,FALSE,0,FALSE,,9689.845,9689.845,0,FALSE,TRUE
C,A,2023,52,2023,28,ATG,Antigua and Barbuda,M,Import,0,W00,World,0,W00,World,H3,HS,3915,"Waste, parings and scrap, of plastics",FALSE,TOTAL CPC,TOTAL MOT,8,kg,35,FALSE,5,u,8,FALSE,35,FALSE,0,FALSE,35.289,,35.289,0,FALSE,TRUE
C,A,2023,52,2023,31,AZE,Azerbaijan,M,Import,0,W00,World,0,W00,World,H6,HS,3915,"Waste, parings and scrap, of plastics",FALSE,TOTAL CPC,TOTAL MOT,-1,N/A,0,FALSE,-1,N/A,0,FALSE,,FALSE,0,FALSE,13535318.83,,13535318.83,0,FALSE,TRUE
C,A,2023,52,2023,31,AZE,Azerbaijan,X,Export,0,W00,World,0,W00,World,H6,HS,3915,"Waste, parings and scrap, of plastics",FALSE,TOTAL CPC,TOTAL MOT,8,kg,191400,FALSE,8,kg,191400,FALSE,191400,FALSE,0,FALSE,,172093.74,172093.74,0,FALSE,TRUE
C,A,2023,52,2023,32,ARG,Argentina,M,Import,0,W00,World,0,W00,World,H5,HS,3915,"Waste, parings and scrap, of plastics",FALSE,TOTAL CPC,TOTAL MOT,8,kg,2231634,FALSE,8,kg,2231634,FALSE,2231634,FALSE,0,FALSE,2815447.32,2617830.9,2815447.32,0,FALSE,TRUE
C,A,2023,52,2023,36,AUS,Australia,M,Import,0,W00,World,0,W00,World,H6,HS,3915,"Waste, parings and scrap, of plastics",FALSE,TOTAL CPC,TOTAL MOT,8,kg,8716527.39,FALSE,8,kg,8716527.39,FALSE,8716527.39,FALSE,0,FALSE,5274532.327,4603243.453,5274532.327,0,FALSE,TRUE
C,A,2023,52,2023,36,AUS,Australia,X,Export,0,W00,World,0,W00,World,H6,HS,3915,"Waste, parings and scrap, of plastics",FALSE,TOTAL CPC,TOTAL MOT,8,kg,65105220,FALSE,8,kg,65105220,FALSE,65105220,FALSE,66437080,FALSE,,21190491.838,21190491.838,0,FALSE,TRUE
C,A,2023,52,2023,40,AUT,Austria,M,Import,0,W00,World,0,W00,World,H6,HS,3915,"Waste, parings and scrap, of plastics",FALSE,TOTAL CPC,TOTAL MOT,8,kg,214471963.608,TRUE,-1,N/A,0,FALSE,214471963.608,TRUE,0,FALSE,94487879.111,,94487879.111,6,FALSE,TRUE
C,A,2023,52,2023,40,AUT,Austria,X,Export,0,W00,World,0,W00,World,H6,HS,3915,"Waste, parings and scrap, of plastics",FALSE,TOTAL CPC,TOTAL MOT,8,kg,165196207.166,TRUE,-1,N/A,0,FALSE,165196207.166,TRUE,0,FALSE,,59549613.894,59549613.894,6,FALSE,TRUE
C,A,2023,52,2023,44,BHS,Bahamas,M,Import,0,W00,World,0,W00,World,H6,HS,3915,"Waste, parings and scrap, of plastics",FALSE,TOTAL CPC,TOTAL MOT,8,kg,13152.271,TRUE,-1,N/A,0,FALSE,13152.271,TRUE,0,FALSE,79346,,79346,6,FALSE,TRUE
C,A,2023,52,2023,48,BHR,Bahrain,M,Import,0,W00,World,0,W00,World,H6,HS,3915,"Waste, parings and scrap, of plastics",FALSE,TOTAL CPC,TOTAL MOT,8,kg,1329377.889,TRUE,-1,N/A,0,FALSE,1329377.889,TRUE,0,FALSE,552451.796,,552451.796,6,FALSE,TRUE
C,A,2023,52,2023,48,BHR,Bahrain,X,Export,0,W00,World,0,W00,World,H6,HS,3915,"Waste, parings and scrap, of plastics",FALSE,TOTAL CPC,TOTAL MOT,-1,N/A,0,FALSE,-1,N/A,0,FALSE,,FALSE,0,FALSE,,131395,131395,0,FALSE,TRUE
C,A,2023,52,2023,51,ARM,Armenia,M,Import,0,W00,World,0,W00,World,H6,HS,3915,"Waste, parings and scrap, of plastics",FALSE,TOTAL CPC,TOTAL MOT,8,kg,163845.69,FALSE,8,kg,163845.69,FALSE,163845.69,FALSE,0,FALSE,25152.79,,25152.79,0,FALSE,TRUE
C,A,2023,52,2023,51,ARM,Armenia,X,Export,0,W00,World,0,W00,World,H6,HS,3915,"Waste, parings and scrap, of plastics",FALSE,TOTAL CPC,TOTAL MOT,8,kg,235523,FALSE,8,kg,235523,FALSE,235523,FALSE,0,FALSE,,115793.1,115793.1,0,FALSE,TRUE
C,A,2023,52,2023,52,BRB,Barbados,M,Import,0,W00,World,0,W00,World,H5,HS,3915,"Waste, parings and scrap, of plastics",FALSE,TOTAL CPC,TOTAL MOT,8,kg,1961,FALSE,8,kg,1961,FALSE,1961,FALSE,0,FALSE,30367,,30367,0,FALSE,TRUE
C,A,2023,52,2023,52,BRB,Barbados,X,Export,0,W00,World,0,W00,World,H5,HS,3915,"Waste, parings and scrap, of plastics",FALSE,TOTAL CPC,TOTAL MOT,8,kg,981500,FALSE,8,kg,981500,FALSE,981500,FALSE,0,FALSE,,497000,497000,0,FALSE,TRUE
C,A,2023,52,2023,56,BEL,Belgium,M,Import,0,W00,World,0,W00,World,H6,HS,3915,"Waste, parings and scrap, of plastics",FALSE,TOTAL CPC,TOTAL MOT,-1,N/A,0,FALSE,-1,N/A,0,FALSE,,FALSE,0,FALSE,121760813.616,,121760813.616,0,FALSE,TRUE
C,A,2023,52,2023,56,BEL,Belgium,X,Export,0,W00,World,0,W00,World,H6,HS,3915,"Waste, parings and scrap, of plastics",FALSE,TOTAL CPC,TOTAL MOT,-1,N/A,0,FALSE,-1,N/A,0,FALSE,,FALSE,0,FALSE,,145034448.567,145034448.567,0,FALSE,TRUE
C,A,2023,52,2023,68,BOL,Bolivia (Plurinational State of),M,Import,0,W00,World,0,W00,World,H6,HS,3915,"Waste, parings and scrap, of plastics",FALSE,TOTAL CPC,TOTAL MOT,8,kg,370164.756,TRUE,-1,N/A,0,FALSE,,FALSE,0,FALSE,194179,156409,194179,2,FALSE,TRUE
C,A,2023,52,2023,68,BOL,Bolivia (Plurinational State of),X,Export,0,W00,World,0,W00,World,H6,HS,3915,"Waste, parings and scrap, of plastics",FALSE,TOTAL CPC,TOTAL MOT,8,kg,982895,FALSE,8,kg,982895,FALSE,982895,FALSE,990771,FALSE,,280104.68,280104.68,0,FALSE,TRUE
C,A,2023,52,2023,70,BIH,Bosnia Herzegovina,M,Import,0,W00,World,0,W00,World,H6,HS,3915,"Waste, parings and scrap, of plastics",FALSE,TOTAL CPC,TOTAL MOT,8,kg,1338276.527,TRUE,-1,N/A,0,FALSE,1338276.527,TRUE,0,FALSE,477320.643,,477320.643,6,FALSE,TRUE
C,A,2023,52,2023,70,BIH,Bosnia Herzegovina,X,Export,0,W00,World,0,W00,World,H6,HS,3915,"Waste, parings and scrap, of plastics",FALSE,TOTAL CPC,TOTAL MOT,8,kg,2043676,FALSE,8,kg,2043676,FALSE,2043676,FALSE,0,FALSE,,1056254.814,1056254.814,0,FALSE,TRUE
C,A,2023,52,2023,72,BWA,Botswana,M,Import,0,W00,World,0,W00,World,H6,HS,3915,"Waste, parings and scrap, of plastics",FALSE,TOTAL CPC,TOTAL MOT,8,kg,39684,FALSE,8,kg,39684,FALSE,59564,FALSE,0,FALSE,16512.465,,16512.465,0,FALSE,TRUE
C,A,2023,52,2023,72,BWA,Botswana,X,Export,0,W00,World,0,W00,World,H6,HS,3915,"Waste, parings and scrap, of plastics",FALSE,TOTAL CPC,TOTAL MOT,8,kg,662472,FALSE,8,kg,623134,FALSE,1343473,FALSE,0,FALSE,,150469.453,150469.453,0,FALSE,TRUE
C,A,2023,52,2023,76,BRA,Brazil,M,Import,0,W00,World,0,W00,World,H6,HS,3915,"Waste, parings and scrap, of plastics",FALSE,TOTAL CPC,TOTAL MOT,8,kg,6885590,FALSE,8,kg,6885590,FALSE,6885590,FALSE,0,FALSE,4976272,4340557,4976272,0,FALSE,TRUE
C,A,2023,52,2023,76,BRA,Brazil,X,Export,0,W00,World,0,W00,World,H6,HS,3915,"Waste, parings and scrap, of plastics",FALSE,TOTAL CPC,TOTAL MOT,8,kg,6258075.379,TRUE,-1,N/A,0,FALSE,6245145.379,TRUE,0,FALSE,,2927075,2927075,6,FALSE,TRUE
C,A,2023,52,2023,84,BLZ,Belize,X,Export,0,W00,World,0,W00,World,H6,HS,3915,"Waste, parings and scrap, of plastics",FALSE,TOTAL CPC,TOTAL MOT,8,kg,759901.5,FALSE,8,kg,759901.5,FALSE,759901.5,FALSE,0,FALSE,,31372.64,31372.64,0,FALSE,TRUE
C,A,2023,52,2023,96,BRN,Brunei Darussalam,M,Import,0,W00,World,0,W00,World,H6,HS,3915,"Waste, parings and scrap, of plastics",FALSE,TOTAL CPC,TOTAL MOT,8,kg,5195.295,TRUE,-1,N/A,0,FALSE,5195.295,TRUE,0,FALSE,67217.162,,67217.162,6,FALSE,TRUE
C,A,2023,52,2023,96,BRN,Brunei Darussalam,X,Export,0,W00,World,0,W00,World,H6,HS,3915,"Waste, parings and scrap, of plastics",FALSE,TOTAL CPC,TOTAL MOT,8,kg,7000,FALSE,8,kg,7000,FALSE,7000,FALSE,0,FALSE,,149.373,149.373,0,FALSE,TRUE
C,A,2023,52,2023,100,BGR,Bulgaria,M,Import,0,W00,World,0,W00,World,H6,HS,3915,"Waste, parings and scrap, of plastics",FALSE,TOTAL CPC,TOTAL MOT,-1,N/A,0,FALSE,-1,N/A,0,FALSE,,FALSE,0,FALSE,14000234.663,,14000234.663,0,FALSE,TRUE
C,A,2023,52,2023,100,BGR,Bulgaria,X,Export,0,W00,World,0,W00,World,H6,HS,3915,"Waste, parings and scrap, of plastics",FALSE,TOTAL CPC,TOTAL MOT,-1,N/A,0,FALSE,-1,N/A,0,FALSE,,FALSE,0,FALSE,,5746444.156,5746444.156,0,FALSE,TRUE
C,A,2023,52,2023,104,MMR,Myanmar,M,Import,0,W00,World,0,W00,World,H6,HS,3915,"Waste, parings and scrap, of plastics",FALSE,TOTAL CPC,TOTAL MOT,8,kg,13931248.345,TRUE,-1,N/A,0,FALSE,13931248.345,TRUE,0,FALSE,2807638.25,,2807638.25,6,FALSE,TRUE
C,A,2023,52,2023,104,MMR,Myanmar,X,Export,0,W00,World,0,W00,World,H6,HS,3915,"Waste, parings and scrap, of plastics",FALSE,TOTAL CPC,TOTAL MOT,8,kg,8870596,FALSE,8,kg,8870596,FALSE,8870596,FALSE,0,FALSE,,3472621.918,3472621.918,0,FALSE,TRUE
C,A,2023,52,2023,116,KHM,Cambodia,M,Import,0,W00,World,0,W00,World,H6,HS,3915,"Waste, parings and scrap, of plastics",FALSE,TOTAL CPC,TOTAL MOT,8,kg,134916.28,FALSE,8,kg,134916.28,FALSE,134916.28,FALSE,0,FALSE,394617.78,,394617.78,0,FALSE,TRUE
C,A,2023,52,2023,116,KHM,Cambodia,X,Export,0,W00,World,0,W00,World,H6,HS,3915,"Waste, parings and scrap, of plastics",FALSE,TOTAL CPC,TOTAL MOT,8,kg,1226147,FALSE,8,kg,1226147,FALSE,1226147,FALSE,0,FALSE,,733019.05,733019.05,0,FALSE,TRUE
C,A,2023,52,2023,124,CAN,Canada,M,Import,0,W00,World,0,W00,World,H6,HS,3915,"Waste, parings and scrap, of plastics",FALSE,TOTAL CPC,TOTAL MOT,8,kg,163001268.783,TRUE,-1,N/A,0,FALSE,163001268.783,TRUE,0,FALSE,,80301186.568,80301186.568,6,FALSE,TRUE
C,A,2023,52,2023,124,CAN,Canada,X,Export,0,W00,World,0,W00,World,H6,HS,3915,"Waste, parings and scrap, of plastics",FALSE,TOTAL CPC,TOTAL MOT,8,kg,201779653.189,TRUE,-1,N/A,0,FALSE,201779653.189,TRUE,0,FALSE,,97671681.287,97671681.287,6,FALSE,TRUE
C,A,2023,52,2023,132,CPV,Cabo Verde,M,Import,0,W00,World,0,W00,World,H5,HS,3915,"Waste, parings and scrap, of plastics",FALSE,TOTAL CPC,TOTAL MOT,8,kg,518,FALSE,8,kg,518,FALSE,518,FALSE,0,FALSE,1896.279,1749.732,1896.279,0,FALSE,TRUE
C,A,2023,52,2023,144,LKA,Sri Lanka,M,Import,0,W00,World,0,W00,World,H6,HS,3915,"Waste, parings and scrap, of plastics",FALSE,TOTAL CPC,TOTAL MOT,8,kg,4214238.6,FALSE,8,kg,4214238.6,FALSE,4214238.6,FALSE,0,FALSE,1656067.26,,1656067.26,0,FALSE,TRUE
C,A,2023,52,2023,144,LKA,Sri Lanka,X,Export,0,W00,World,0,W00,World,H6,HS,3915,"Waste, parings and scrap, of plastics",FALSE,TOTAL CPC,TOTAL MOT,8,kg,320031.5,FALSE,8,kg,320031.5,FALSE,320031.5,FALSE,0,FALSE,,98547.668,98547.668,0,FALSE,TRUE
C,A,2023,52,2023,152,CHL,Chile,M,Import,0,W00,World,0,W00,World,H6,HS,3915,"Waste, parings and scrap, of plastics",FALSE,TOTAL CPC,TOTAL MOT,8,kg,3004547.131,TRUE,-1,N/A,0,FALSE,3004547.131,TRUE,0,FALSE,2897699.855,2650988.549,2897699.855,6,FALSE,TRUE
C,A,2023,52,2023,152,CHL,Chile,X,Export,0,W00,World,0,W00,World,H6,HS,3915,"Waste, parings and scrap, of plastics",FALSE,TOTAL CPC,TOTAL MOT,-1,N/A,0,FALSE,-1,N/A,0,FALSE,,FALSE,0,FALSE,,5141339.83,5141339.83,0,FALSE,TRUE
C,A,2023,52,2023,156,CHN,China,X,Export,0,W00,World,0,W00,World,H6,HS,3915,"Waste, parings and scrap, of plastics",FALSE,TOTAL CPC,TOTAL MOT,8,kg,83535541,FALSE,8,kg,83535541,FALSE,83535541,FALSE,0,FALSE,,57824820,57824820,0,FALSE,TRUE
C,A,2023,52,2023,170,COL,Colombia,M,Import,0,W00,World,0,W00,World,H6,HS,3915,"Waste, parings and scrap, of plastics",FALSE,TOTAL CPC,TOTAL MOT,8,kg,3714114.61,FALSE,8,kg,3714114.61,FALSE,3714114.61,FALSE,0,FALSE,896616.03,732040.61,896616.03,0,FALSE,TRUE
C,A,2023,52,2023,170,COL,Colombia,X,Export,0,W00,World,0,W00,World,H6,HS,3915,"Waste, parings and scrap, of plastics",FALSE,TOTAL CPC,TOTAL MOT,8,kg,4601167.1,FALSE,8,kg,4601167.1,FALSE,4601167.1,FALSE,0,FALSE,,2754230.44,2754230.44,0,FALSE,TRUE
C,A,2023,52,2023,188,CRI,Costa Rica,M,Import,0,W00,World,0,W00,World,H6,HS,3915,"Waste, parings and scrap, of plastics",FALSE,TOTAL CPC,TOTAL MOT,8,kg,4655545.92,TRUE,-1,N/A,0,FALSE,4655545.92,TRUE,0,FALSE,2188657.72,,2188657.72,6,FALSE,TRUE
C,A,2023,52,2023,188,CRI,Costa Rica,X,Export,0,W00,World,0,W00,World,H6,HS,3915,"Waste, parings and scrap, of plastics",FALSE,TOTAL CPC,TOTAL MOT,8,kg,6467715.4,FALSE,8,kg,6467715.4,FALSE,6467715.4,FALSE,0,FALSE,,2584504.39,2584504.39,0,FALSE,TRUE
C,A,2023,52,2023,191,HRV,Croatia,M,Import,0,W00,World,0,W00,World,H6,HS,3915,"Waste, parings and scrap, of plastics",FALSE,TOTAL CPC,TOTAL MOT,8,kg,48652038.162,FALSE,8,kg,48652038.162,FALSE,48652038.162,FALSE,0,FALSE,12857242,,12857242,0,FALSE,TRUE
C,A,2023,52,2023,191,HRV,Croatia,X,Export,0,W00,World,0,W00,World,H6,HS,3915,"Waste, parings and scrap, of plastics",FALSE,TOTAL CPC,TOTAL MOT,8,kg,41357295.569,FALSE,8,kg,41357295.569,FALSE,41357295.569,FALSE,0,FALSE,,10269092,10269092,0,FALSE,TRUE
C,A,2023,52,2023,196,CYP,Cyprus,M,Import,0,W00,World,0,W00,World,H6,HS,3915,"Waste, parings and scrap, of plastics",FALSE,TOTAL CPC,TOTAL MOT,8,kg,4166563,FALSE,8,kg,4166563,FALSE,4166563,FALSE,0,FALSE,276331.171,,276331.171,0,FALSE,TRUE
C,A,2023,52,2023,196,CYP,Cyprus,X,Export,0,W00,World,0,W00,World,H6,HS,3915,"Waste, parings and scrap, of plastics",FALSE,TOTAL CPC,TOTAL MOT,8,kg,10525714,FALSE,8,kg,10525714,FALSE,10525714,FALSE,0,FALSE,,2373063.484,2373063.484,0,FALSE,TRUE
C,A,2023,52,2023,203,CZE,Czechia,M,Import,0,W00,World,0,W00,World,H6,HS,3915,"Waste, parings and scrap, of plastics",FALSE,TOTAL CPC,TOTAL MOT,8,kg,203853436.006,TRUE,-1,N/A,0,FALSE,203853436.006,TRUE,0,FALSE,26758706,26370015,26758706,6,FALSE,TRUE
C,A,2023,52,2023,203,CZE,Czechia,X,Export,0,W00,World,0,W00,World,H6,HS,3915,"Waste, parings and scrap, of plastics",FALSE,TOTAL CPC,TOTAL MOT,8,kg,100265944.936,TRUE,-1,N/A,0,FALSE,100265944.936,TRUE,0,FALSE,,45412763,45412763,6,FALSE,TRUE
C,A,2023,52,2023,204,BEN,Benin,M,Import,0,W00,World,0,W00,World,H6,HS,3915,"Waste, parings and scrap, of plastics",FALSE,TOTAL CPC,TOTAL MOT,8,kg,704717,FALSE,8,kg,704717,FALSE,704717,FALSE,0,FALSE,34711.167,,34711.167,0,FALSE,TRUE
C,A,2023,52,2023,204,BEN,Benin,X,Export,0,W00,World,0,W00,World,H6,HS,3915,"Waste, parings and scrap, of plastics",FALSE,TOTAL CPC,TOTAL MOT,8,kg,40360,FALSE,8,kg,40360,FALSE,40360,FALSE,0,FALSE,,2802.246,2802.246,0,FALSE,TRUE
C,A,2023,52,2023,208,DNK,Denmark,M,Import,0,W00,World,0,W00,World,H6,HS,3915,"Waste, parings and scrap, of plastics",FALSE,TOTAL CPC,TOTAL MOT,8,kg,172883829.967,TRUE,-1,N/A,0,FALSE,172883829.967,TRUE,0,FALSE,18265076.61,,18265076.61,6,FALSE,TRUE
C,A,2023,52,2023,208,DNK,Denmark,X,Export,0,W00,World,0,W00,World,H6,HS,3915,"Waste, parings and scrap, of plastics",FALSE,TOTAL CPC,TOTAL MOT,8,kg,68476353.596,TRUE,-1,N/A,0,FALSE,68476353.596,TRUE,0,FALSE,,32668039.94,32668039.94,6,FALSE,TRUE
C,A,2023,52,2023,212,DMA,Dominica,M,Import,0,W00,World,0,W00,World,H5,HS,3915,"Waste, parings and scrap, of plastics",FALSE,TOTAL CPC,TOTAL MOT,8,kg,1,FALSE,8,kg,1,FALSE,1,FALSE,0,FALSE,8.889,,8.889,0,FALSE,TRUE
C,A,2023,52,2023,214,DOM,Dominican Rep.,M,Import,0,W00,World,0,W00,World,H6,HS,3915,"Waste, parings and scrap, of plastics",FALSE,TOTAL CPC,TOTAL MOT,8,kg,2737579.2,FALSE,8,kg,2737579.2,FALSE,2737579.2,FALSE,0,FALSE,1389748.694,,1389748.694,0,FALSE,TRUE
C,A,2023,52,2023,214,DOM,Dominican Rep.,X,Export,0,W00,World,0,W00,World,H6,HS,3915,"Waste, parings and scrap, of plastics",FALSE,TOTAL CPC,TOTAL MOT,8,kg,25404427.74,FALSE,8,kg,25404427.74,FALSE,25404427.74,FALSE,0,FALSE,,10925281.333,10925281.333,0,FALSE,TRUE
C,A,2023,52,2023,218,ECU,Ecuador,M,Import,0,W00,World,0,W00,World,H6,HS,3915,"Waste, parings and scrap, of plastics",FALSE,TOTAL CPC,TOTAL MOT,-1,N/A,0,FALSE,-1,N/A,0,FALSE,,FALSE,0,FALSE,2498.9,,2498.9,0,FALSE,TRUE
C,A,2023,52,2023,218,ECU,Ecuador,X,Export,0,W00,World,0,W00,World,H6,HS,3915,"Waste, parings and scrap, of plastics",FALSE,TOTAL CPC,TOTAL MOT,-1,N/A,0,FALSE,-1,N/A,0,FALSE,,FALSE,0,FALSE,,2583002.9,2583002.9,0,FALSE,TRUE
C,A,2023,52,2023,222,SLV,El Salvador,M,Import,0,W00,World,0,W00,World,H6,HS,3915,"Waste, parings and scrap, of plastics",FALSE,TOTAL CPC,TOTAL MOT,8,kg,6857515.231,TRUE,-1,N/A,0,FALSE,6857515.231,TRUE,0,FALSE,5168587.69,,5168587.69,6,FALSE,TRUE
C,A,2023,52,2023,222,SLV,El Salvador,X,Export,0,W00,World,0,W00,World,H6,HS,3915,"Waste, parings and scrap, of plastics",FALSE,TOTAL CPC,TOTAL MOT,8,kg,8648334.5,FALSE,8,kg,8648334.5,FALSE,8648334.5,FALSE,0,FALSE,,3446648,3446648,0,FALSE,TRUE
C,A,2023,52,2023,231,ETH,Ethiopia,M,Import,0,W00,World,0,W00,World,H6,HS,3915,"Waste, parings and scrap, of plastics",FALSE,TOTAL CPC,TOTAL MOT,8,kg,4881635.2,FALSE,8,kg,4881635.2,FALSE,4881635.2,FALSE,0,FALSE,4025980.834,,4025980.834,0,FALSE,TRUE
C,A,2023,52,2023,231,ETH,Ethiopia,X,Export,0,W00,World,0,W00,World,H6,HS,3915,"Waste, parings and scrap, of plastics",FALSE,TOTAL CPC,TOTAL MOT,8,kg,3160576.7,FALSE,8,kg,3160576.7,FALSE,3160576.7,FALSE,0,FALSE,,1449403.943,1449403.943,0,FALSE,TRUE
C,A,2023,52,2023,233,EST,Estonia,M,Import,0,W00,World,0,W00,World,H6,HS,3915,"Waste, parings and scrap, of plastics",FALSE,TOTAL CPC,TOTAL MOT,8,kg,5415198.366,FALSE,8,kg,5415198.366,FALSE,5415198.366,FALSE,0,FALSE,2110512.73,,2110512.73,0,FALSE,TRUE
C,A,2023,52,2023,233,EST,Estonia,X,Export,0,W00,World,0,W00,World,H6,HS,3915,"Waste, parings and scrap, of plastics",FALSE,TOTAL CPC,TOTAL MOT,8,kg,16031771.5,FALSE,8,kg,16031771.5,FALSE,16031771.5,FALSE,0,FALSE,,7728048.34,7728048.34,0,FALSE,TRUE
C,A,2023,52,2023,242,FJI,Fiji,M,Import,0,W00,World,0,W00,World,H6,HS,3915,"Waste, parings and scrap, of plastics",FALSE,TOTAL CPC,TOTAL MOT,8,kg,2258,FALSE,8,kg,2258,FALSE,2258,FALSE,0,FALSE,1247.931,,1247.931,0,FALSE,TRUE
C,A,2023,52,2023,242,FJI,Fiji,X,Export,0,W00,World,0,W00,World,H6,HS,3915,"Waste, parings and scrap, of plastics",FALSE,TOTAL CPC,TOTAL MOT,8,kg,632200,FALSE,8,kg,632200,FALSE,632200,FALSE,0,FALSE,,223939.557,223939.557,0,FALSE,TRUE
C,A,2023,52,2023,246,FIN,Finland,M,Import,0,W00,World,0,W00,World,H6,HS,3915,"Waste, parings and scrap, of plastics",FALSE,TOTAL CPC,TOTAL MOT,-1,N/A,0,FALSE,-1,N/A,0,FALSE,,FALSE,0,FALSE,5488787.67,,5488787.67,0,FALSE,TRUE
C,A,2023,52,2023,246,FIN,Finland,X,Export,0,W00,World,0,W00,World,H6,HS,3915,"Waste, parings and scrap, of plastics",FALSE,TOTAL CPC,TOTAL MOT,-1,N/A,0,FALSE,-1,N/A,0,FALSE,,FALSE,0,FALSE,,11124743.568,11124743.568,0,FALSE,TRUE
C,A,2023,52,2023,251,FRA,France,M,Import,0,W00,World,0,W00,World,H6,HS,3915,"Waste, parings and scrap, of plastics",FALSE,TOTAL CPC,TOTAL MOT,8,kg,111767229.852,TRUE,-1,N/A,0,FALSE,111767229.852,TRUE,0,FALSE,57566845.131,,57566845.131,6,FALSE,TRUE
C,A,2023,52,2023,251,FRA,France,X,Export,0,W00,World,0,W00,World,H6,HS,3915,"Waste, parings and scrap, of plastics",FALSE,TOTAL CPC,TOTAL MOT,-1,N/A,0,FALSE,-1,N/A,0,FALSE,,FALSE,0,FALSE,,131870636.417,131870636.417,0,FALSE,TRUE
C,A,2023,52,2023,262,DJI,Djibouti,M,Import,0,W00,World,0,W00,World,H3,HS,3915,"Waste, parings and scrap, of plastics",FALSE,TOTAL CPC,TOTAL MOT,8,kg,2027460,FALSE,8,kg,2027460,FALSE,2027460,FALSE,0,FALSE,1295617.391,,1295617.391,0,FALSE,TRUE
C,A,2023,52,2023,262,DJI,Djibouti,X,Export,0,W00,World,0,W00,World,H3,HS,3915,"Waste, parings and scrap, of plastics",FALSE,TOTAL CPC,TOTAL MOT,8,kg,2131050,FALSE,8,kg,2131050,FALSE,2131050,FALSE,0,FALSE,,1522174.67,1522174.67,0,FALSE,TRUE
C,A,2023,52,2023,266,GAB,Gabon,M,Import,0,W00,World,0,W00,World,H6,HS,3915,"Waste, parings and scrap, of plastics",FALSE,TOTAL CPC,TOTAL MOT,8,kg,10000,FALSE,8,kg,10000,FALSE,10000,FALSE,0,FALSE,633.922,,633.922,0,FALSE,TRUE
C,A,2023,52,2023,266,GAB,Gabon,X,Export,0,W00,World,0,W00,World,H6,HS,3915,"Waste, parings and scrap, of plastics",FALSE,TOTAL CPC,TOTAL MOT,8,kg,359553,FALSE,8,kg,359553,FALSE,359553,FALSE,0,FALSE,,40193.152,40193.152,0,FALSE,TRUE
C,A,2023,52,2023,268,GEO,Georgia,M,Import,0,W00,World,0,W00,World,H5,HS,3915,"Waste, parings and scrap, of plastics",FALSE,TOTAL CPC,TOTAL MOT,8,kg,362195.15,FALSE,8,kg,362195.15,FALSE,362195.15,FALSE,0,FALSE,115812.183,,115812.183,0,FALSE,TRUE
C,A,2023,52,2023,268,GEO,Georgia,X,Export,0,W00,World,0,W00,World,H5,HS,3915,"Waste, parings and scrap, of plastics",FALSE,TOTAL CPC,TOTAL MOT,8,kg,213616,FALSE,8,kg,213616,FALSE,213616,FALSE,0,FALSE,,91446.244,91446.244,0,FALSE,TRUE
C,A,2023,52,2023,270,GMB,Gambia,M,Import,0,W00,World,0,W00,World,H6,HS,3915,"Waste, parings and scrap, of plastics",FALSE,TOTAL CPC,TOTAL MOT,8,kg,25370,FALSE,8,kg,25370,FALSE,25370,FALSE,0,FALSE,39817.648,,39817.648,0,FALSE,TRUE
C,A,2023,52,2023,276,DEU,Germany,M,Import,0,W00,World,0,W00,World,H6,HS,3915,"Waste, parings and scrap, of plastics",FALSE,TOTAL CPC,TOTAL MOT,-1,N/A,0,FALSE,-1,N/A,0,FALSE,,FALSE,0,FALSE,179473187.902,,179473187.902,0,FALSE,TRUE
C,A,2023,52,2023,276,DEU,Germany,X,Export,0,W00,World,0,W00,World,H6,HS,3915,"Waste, parings and scrap, of plastics",FALSE,TOTAL CPC,TOTAL MOT,8,kg,688067482.9,TRUE,-1,N/A,0,FALSE,688067482.9,TRUE,0,FALSE,,270461902.268,270461902.268,6,FALSE,TRUE
C,A,2023,52,2023,288,GHA,Ghana,M,Import,0,W00,World,0,W00,World,H5,HS,3915,"Waste, parings and scrap, of plastics",FALSE,TOTAL CPC,TOTAL MOT,-1,N/A,0,FALSE,8,kg,5685188.243,FALSE,8509457.654,FALSE,0,FALSE,2311305.056,,2311305.056,0,FALSE,TRUE
C,A,2023,52,2023,288,GHA,Ghana,X,Export,0,W00,World,0,W00,World,H5,HS,3915,"Waste, parings and scrap, of plastics",FALSE,TOTAL CPC,TOTAL MOT,-1,N/A,0,FALSE,8,kg,2141451.687,FALSE,4399172.7,FALSE,0,FALSE,,1738769.548,1738769.548,0,FALSE,TRUE
C,A,2023,52,2023,300,GRC,Greece,M,Import,0,W00,World,0,W00,World,H6,HS,3915,"Waste, parings and scrap, of plastics",FALSE,TOTAL CPC,TOTAL MOT,-1,N/A,0,FALSE,-1,N/A,0,FALSE,,FALSE,0,FALSE,10024849.014,,10024849.014,0,FALSE,TRUE
C,A,2023,52,2023,300,GRC,Greece,X,Export,0,W00,World,0,W00,World,H6,HS,3915,"Waste, parings and scrap, of plastics",FALSE,TOTAL CPC,TOTAL MOT,-1,N/A,0,FALSE,-1,N/A,0,FALSE,,FALSE,0,FALSE,,17411085.784,17411085.784,0,FALSE,TRUE
C,A,2023,52,2023,308,GRD,Grenada,M,Import,0,W00,World,0,W00,World,H4,HS,3915,"Waste, parings and scrap, of plastics",FALSE,TOTAL CPC,TOTAL MOT,8,kg,48,FALSE,8,kg,48,FALSE,48,FALSE,0,FALSE,904.445,,904.445,0,FALSE,TRUE
C,A,2023,52,2023,320,GTM,Guatemala,M,Import,0,W00,World,0,W00,World,H6,HS,3915,"Waste, parings and scrap, of plastics",FALSE,TOTAL CPC,TOTAL MOT,8,kg,10321097,FALSE,8,kg,10321097,FALSE,10321097,FALSE,0,FALSE,5884991,,5884991,0,FALSE,TRUE
C,A,2023,52,2023,320,GTM,Guatemala,X,Export,0,W00,World,0,W00,World,H6,HS,3915,"Waste, parings and scrap, of plastics",FALSE,TOTAL CPC,TOTAL MOT,8,kg,7608909,FALSE,8,kg,7608909,FALSE,7608909,FALSE,0,FALSE,,2147995,2147995,0,FALSE,TRUE
C,A,2023,52,2023,328,GUY,Guyana,M,Import,0,W00,World,0,W00,World,H5,HS,3915,"Waste, parings and scrap, of plastics",FALSE,TOTAL CPC,TOTAL MOT,8,kg,3,FALSE,5,u,3,FALSE,3,FALSE,0,FALSE,24.139,,24.139,0,FALSE,TRUE
C,A,2023,52,2023,328,GUY,Guyana,X,Export,0,W00,World,0,W00,World,H5,HS,3915,"Waste, parings and scrap, of plastics",FALSE,TOTAL CPC,TOTAL MOT,8,kg,20000,FALSE,5,u,20,FALSE,20000,FALSE,0,FALSE,,2999.998,2999.998,0,FALSE,TRUE
C,A,2023,52,2023,340,HND,Honduras,M,Import,0,W00,World,0,W00,World,H6,HS,3915,"Waste, parings and scrap, of plastics",FALSE,TOTAL CPC,TOTAL MOT,8,kg,1117849.34,FALSE,8,kg,1117849.34,FALSE,1117849.34,FALSE,0,FALSE,556210.77,,556210.77,0,FALSE,TRUE
C,A,2023,52,2023,340,HND,Honduras,X,Export,0,W00,World,0,W00,World,H6,HS,3915,"Waste, parings and scrap, of plastics",FALSE,TOTAL CPC,TOTAL MOT,8,kg,19039163.46,FALSE,8,kg,19039163.46,FALSE,19039163.46,FALSE,0,FALSE,,13777690.73,13777690.73,0,FALSE,TRUE
C,A,2023,52,2023,344,HKG,"China, Hong Kong SAR",M,Import,0,W00,World,0,W00,World,H6,HS,3915,"Waste, parings and scrap, of plastics",FALSE,TOTAL CPC,TOTAL MOT,8,kg,25277453,FALSE,8,kg,25277453,FALSE,25277453,FALSE,0,FALSE,10874925.071,,10874925.071,0,FALSE,TRUE
C,A,2023,52,2023,344,HKG,"China, Hong Kong SAR",X,Export,0,W00,World,0,W00,World,H6,HS,3915,"Waste, parings and scrap, of plastics",FALSE,TOTAL CPC,TOTAL MOT,8,kg,9728787,FALSE,8,kg,9728787,FALSE,9728787,FALSE,0,FALSE,,4342364.158,4342364.158,0,FALSE,TRUE
C,A,2023,52,2023,348,HUN,Hungary,M,Import,0,W00,World,0,W00,World,H6,HS,3915,"Waste, parings and scrap, of plastics",FALSE,TOTAL CPC,TOTAL MOT,-1,N/A,0,FALSE,-1,N/A,0,FALSE,,FALSE,0,FALSE,4260578,,4260578,0,FALSE,TRUE
C,A,2023,52,2023,348,HUN,Hungary,X,Export,0,W00,World,0,W00,World,H6,HS,3915,"Waste, parings and scrap, of plastics",FALSE,TOTAL CPC,TOTAL MOT,-1,N/A,0,FALSE,-1,N/A,0,FALSE,,FALSE,0,FALSE,,9988216,9988216,0,FALSE,TRUE
C,A,2023,52,2023,352,ISL,Iceland,M,Import,0,W00,World,0,W00,World,H6,HS,3915,"Waste, parings and scrap, of plastics",FALSE,TOTAL CPC,TOTAL MOT,8,kg,87.23,TRUE,-1,N/A,0,FALSE,87.23,TRUE,0,FALSE,3209.702,2881.248,3209.702,6,FALSE,TRUE
C,A,2023,52,2023,352,ISL,Iceland,X,Export,0,W00,World,0,W00,World,H6,HS,3915,"Waste, parings and scrap, of plastics",FALSE,TOTAL CPC,TOTAL MOT,8,kg,7113559.749,TRUE,-1,N/A,0,FALSE,7113559.749,TRUE,0,FALSE,,1629065.544,1629065.544,6,FALSE,TRUE
C,A,2023,52,2023,360,IDN,Indonesia,M,Import,0,W00,World,0,W00,World,H6,HS,3915,"Waste, parings and scrap, of plastics",FALSE,TOTAL CPC,TOTAL MOT,8,kg,252473003,FALSE,8,kg,252473003,FALSE,252473003,FALSE,0,FALSE,101041372,,101041372,0,FALSE,TRUE
C,A,2023,52,2023,360,IDN,Indonesia,X,Export,0,W00,World,0,W00,World,H6,HS,3915,"Waste, parings and scrap, of plastics",FALSE,TOTAL CPC,TOTAL MOT,8,kg,42926234.788,FALSE,8,kg,42926234.788,FALSE,42926234.788,FALSE,0,FALSE,,32421094.905,32421094.905,0,FALSE,TRUE
C,A,2023,52,2023,372,IRL,Ireland,M,Import,0,W00,World,0,W00,World,H6,HS,3915,"Waste, parings and scrap, of plastics",FALSE,TOTAL CPC,TOTAL MOT,8,kg,31960332.163,TRUE,-1,N/A,0,FALSE,31960332.163,TRUE,0,FALSE,24341983.038,,24341983.038,6,FALSE,TRUE
C,A,2023,52,2023,372,IRL,Ireland,X,Export,0,W00,World,0,W00,World,H6,HS,3915,"Waste, parings and scrap, of plastics",FALSE,TOTAL CPC,TOTAL MOT,-1,N/A,0,FALSE,-1,N/A,0,FALSE,,FALSE,0,FALSE,,29604400.634,29604400.634,0,FALSE,TRUE
C,A,2023,52,2023,376,ISR,Israel,M,Import,0,W00,World,0,W00,World,H6,HS,3915,"Waste, parings and scrap, of plastics",FALSE,TOTAL CPC,TOTAL MOT,8,kg,6539818.799,TRUE,-1,N/A,0,FALSE,6539818.799,TRUE,0,FALSE,3390117,,3390117,6,FALSE,TRUE
C,A,2023,52,2023,376,ISR,Israel,X,Export,0,W00,World,0,W00,World,H6,HS,3915,"Waste, parings and scrap, of plastics",FALSE,TOTAL CPC,TOTAL MOT,-1,N/A,0,FALSE,-1,N/A,0,FALSE,,FALSE,0,FALSE,,11185399,11185399,0,FALSE,TRUE
C,A,2023,52,2023,380,ITA,Italy,M,Import,0,W00,World,0,W00,World,H6,HS,3915,"Waste, parings and scrap, of plastics",FALSE,TOTAL CPC,TOTAL MOT,-1,N/A,0,FALSE,-1,N/A,0,FALSE,,FALSE,0,FALSE,110444937.568,,110444937.568,0,FALSE,TRUE
C,A,2023,52,2023,380,ITA,Italy,X,Export,0,W00,World,0,W00,World,H6,HS,3915,"Waste, parings and scrap, of plastics",FALSE,TOTAL CPC,TOTAL MOT,-1,N/A,0,FALSE,-1,N/A,0,FALSE,,FALSE,0,FALSE,,66799695.156,66799695.156,0,FALSE,TRUE
C,A,2023,52,2023,384,CIV,Côte d'Ivoire,M,Import,0,W00,World,0,W00,World,H6,HS,3915,"Waste, parings and scrap, of plastics",FALSE,TOTAL CPC,TOTAL MOT,8,kg,22,FALSE,8,kg,22,FALSE,22,FALSE,0,FALSE,326.293,,326.293,0,FALSE,TRUE
C,A,2023,52,2023,384,CIV,Côte d'Ivoire,X,Export,0,W00,World,0,W00,World,H6,HS,3915,"Waste, parings and scrap, of plastics",FALSE,TOTAL CPC,TOTAL MOT,8,kg,1467205,FALSE,8,kg,1467205,FALSE,1467205,FALSE,0,FALSE,,265865.766,265865.766,0,FALSE,TRUE
C,A,2023,52,2023,388,JAM,Jamaica,M,Import,0,W00,World,0,W00,World,H6,HS,3915,"Waste, parings and scrap, of plastics",FALSE,TOTAL CPC,TOTAL MOT,8,kg,68176,FALSE,8,kg,68176,FALSE,68176,FALSE,0,FALSE,131334.87,,131334.87,0,FALSE,TRUE
C,A,2023,52,2023,388,JAM,Jamaica,X,Export,0,W00,World,0,W00,World,H6,HS,3915,"Waste, parings and scrap, of plastics",FALSE,TOTAL CPC,TOTAL MOT,8,kg,16938118,FALSE,8,kg,16938118,FALSE,16938118,FALSE,0,FALSE,,5772979.87,5772979.87,0,FALSE,TRUE
C,A,2023,52,2023,392,JPN,Japan,M,Import,0,W00,World,0,W00,World,H6,HS,3915,"Waste, parings and scrap, of plastics",FALSE,TOTAL CPC,TOTAL MOT,-1,N/A,0,FALSE,-1,N/A,0,FALSE,,FALSE,0,FALSE,4491602.934,,4491602.934,0,FALSE,TRUE
C,A,2023,52,2023,392,JPN,Japan,X,Export,0,W00,World,0,W00,World,H6,HS,3915,"Waste, parings and scrap, of plastics",FALSE,TOTAL CPC,TOTAL MOT,8,kg,606374062,FALSE,8,kg,606374062,FALSE,606374062,FALSE,0,FALSE,,265422214.732,265422214.732,0,FALSE,TRUE
C,A,2023,52,2023,398,KAZ,Kazakhstan,M,Import,0,W00,World,0,W00,World,H6,HS,3915,"Waste, parings and scrap, of plastics",FALSE,TOTAL CPC,TOTAL MOT,8,kg,577985,FALSE,8,kg,577985,FALSE,577985,FALSE,0,FALSE,225317.61,,225317.61,0,FALSE,TRUE
C,A,2023,52,2023,398,KAZ,Kazakhstan,X,Export,0,W00,World,0,W00,World,H6,HS,3915,"Waste, parings and scrap, of plastics",FALSE,TOTAL CPC,TOTAL MOT,-1,N/A,0,FALSE,-1,N/A,0,FALSE,,FALSE,0,FALSE,,5705292.29,5705292.29,0,FALSE,TRUE
C,A,2023,52,2023,400,JOR,Jordan,M,Import,0,W00,World,0,W00,World,H6,HS,3915,"Waste, parings and scrap, of plastics",FALSE,TOTAL CPC,TOTAL MOT,8,kg,199867.867,TRUE,-1,N/A,0,FALSE,199867.867,TRUE,0,FALSE,110281.619,,110281.619,6,FALSE,TRUE
C,A,2023,52,2023,400,JOR,Jordan,X,Export,0,W00,World,0,W00,World,H6,HS,3915,"Waste, parings and scrap, of plastics",FALSE,TOTAL CPC,TOTAL MOT,-1,N/A,0,FALSE,-1,N/A,0,FALSE,,FALSE,0,FALSE,,120862.535,120862.535,0,FALSE,TRUE
C,A,2023,52,2023,404,KEN,Kenya,M,Import,0,W00,World,0,W00,World,H6,HS,3915,"Waste, parings and scrap, of plastics",FALSE,TOTAL CPC,TOTAL MOT,8,kg,6053237.9,FALSE,8,kg,6053237.9,FALSE,6053237.9,FALSE,0,FALSE,2587357.043,,2587357.043,0,FALSE,TRUE
C,A,2023,52,2023,404,KEN,Kenya,X,Export,0,W00,World,0,W00,World,H6,HS,3915,"Waste, parings and scrap, of plastics",FALSE,TOTAL CPC,TOTAL MOT,8,kg,6274758,FALSE,8,kg,6274758,FALSE,6274758,FALSE,0,FALSE,,2514424.926,2514424.926,0,FALSE,TRUE
C,A,2023,52,2023,414,KWT,Kuwait,M,Import,0,W00,World,0,W00,World,H6,HS,3915,"Waste, parings and scrap, of plastics",FALSE,TOTAL CPC,TOTAL MOT,8,kg,103784.477,TRUE,-1,N/A,0,FALSE,103784.477,TRUE,0,FALSE,51427.453,,51427.453,6,FALSE,TRUE
C,A,2023,52,2023,414,KWT,Kuwait,X,Export,0,W00,World,0,W00,World,H6,HS,3915,"Waste, parings and scrap, of plastics",FALSE,TOTAL CPC,TOTAL MOT,8,kg,9097759.799,TRUE,-1,N/A,0,FALSE,9097759.799,TRUE,0,FALSE,,4080750.55,4080750.55,6,FALSE,TRUE
C,A,2023,52,2023,417,KGZ,Kyrgyzstan,M,Import,0,W00,World,0,W00,World,H6,HS,3915,"Waste, parings and scrap, of plastics",FALSE,TOTAL CPC,TOTAL MOT,8,kg,1865329,FALSE,8,kg,1865329,FALSE,1865329,FALSE,0,FALSE,183413,,183413,0,FALSE,TRUE
C,A,2023,52,2023,417,KGZ,Kyrgyzstan,X,Export,0,W00,World,0,W00,World,H6,HS,3915,"Waste, parings and scrap, of plastics",FALSE,TOTAL CPC,TOTAL MOT,8,kg,2089682,FALSE,8,kg,2089682,FALSE,2089682,FALSE,0,FALSE,,299832,299832,0,FALSE,TRUE
C,A,2023,52,2023,422,LBN,Lebanon,M,Import,0,W00,World,0,W00,World,H5,HS,3915,"Waste, parings and scrap, of plastics",FALSE,TOTAL CPC,TOTAL MOT,8,kg,276452.652,TRUE,-1,N/A,0,FALSE,276452.652,TRUE,0,FALSE,122126,,122126,6,FALSE,TRUE
C,A,2023,52,2023,422,LBN,Lebanon,X,Export,0,W00,World,0,W00,World,H5,HS,3915,"Waste, parings and scrap, of plastics",FALSE,TOTAL CPC,TOTAL MOT,-1,N/A,0,FALSE,-1,N/A,0,FALSE,,FALSE,0,FALSE,,9504229,9504229,0,FALSE,TRUE
C,A,2023,52,2023,426,LSO,Lesotho,M,Import,0,W00,World,0,W00,World,H6,HS,3915,"Waste, parings and scrap, of plastics",FALSE,TOTAL CPC,TOTAL MOT,8,kg,303.79,FALSE,8,kg,303.79,FALSE,303.79,FALSE,0,FALSE,2534.326,,2534.326,0,FALSE,TRUE
C,A,2023,52,2023,428,LVA,Latvia,M,Import,0,W00,World,0,W00,World,H6,HS,3915,"Waste, parings and scrap, of plastics",FALSE,TOTAL CPC,TOTAL MOT,8,kg,24113232,FALSE,8,kg,24113232,FALSE,24113232,FALSE,0,FALSE,7193420.624,,7193420.624,0,FALSE,TRUE
C,A,2023,52,2023,428,LVA,Latvia,X,Export,0,W00,World,0,W00,World,H6,HS,3915,"Waste, parings and scrap, of plastics",FALSE,TOTAL CPC,TOTAL MOT,8,kg,19120944.732,TRUE,-1,N/A,0,FALSE,19120944.732,TRUE,0,FALSE,,6662429.068,6662429.068,6,FALSE,TRUE
C,A,2023,52,2023,430,LBR,Liberia,X,Export,0,W00,World,0,W00,World,H6,HS,3915,"Waste, parings and scrap, of plastics",FALSE,TOTAL CPC,TOTAL MOT,8,kg,699,FALSE,8,kg,699,FALSE,699,FALSE,0,FALSE,,140,140,0,FALSE,TRUE
C,A,2023,52,2023,440,LTU,Lithuania,M,Import,0,W00,World,0,W00,World,H6,HS,3915,"Waste, parings and scrap, of plastics",FALSE,TOTAL CPC,TOTAL MOT,8,kg,81911789.332,TRUE,-1,N/A,0,FALSE,81911789.332,TRUE,0,FALSE,21099061,,21099061,6,FALSE,TRUE
C,A,2023,52,2023,440,LTU,Lithuania,X,Export,0,W00,World,0,W00,World,H6,HS,3915,"Waste, parings and scrap, of plastics",FALSE,TOTAL CPC,TOTAL MOT,8,kg,22419156.494,FALSE,8,kg,22419156.494,FALSE,22419156.494,FALSE,0,FALSE,,4035561,4035561,0,FALSE,TRUE
C,A,2023,52,2023,442,LUX,Luxembourg,M,Import,0,W00,World,0,W00,World,H6,HS,3915,"Waste, parings and scrap, of plastics",FALSE,TOTAL CPC,TOTAL MOT,-1,N/A,0,FALSE,-1,N/A,0,FALSE,,FALSE,0,FALSE,5295579.943,5290373.824,5295579.943,0,FALSE,TRUE
C,A,2023,52,2023,442,LUX,Luxembourg,X,Export,0,W00,World,0,W00,World,H6,HS,3915,"Waste, parings and scrap, of plastics",FALSE,TOTAL CPC,TOTAL MOT,8,kg,9685999.438,TRUE,-1,N/A,0,FALSE,9685999.438,TRUE,0,FALSE,,3888704.459,3888704.459,6,FALSE,TRUE
C,A,2023,52,2023,450,MDG,Madagascar,M,Import,0,W00,World,0,W00,World,H6,HS,3915,"Waste, parings and scrap, of plastics",FALSE,TOTAL CPC,TOTAL MOT,8,kg,323597.65,FALSE,8,kg,323597.65,FALSE,323597.65,FALSE,0,FALSE,51326.996,35511.485,51326.996,0,FALSE,TRUE
C,A,2023,52,2023,450,MDG,Madagascar,X,Export,0,W00,World,0,W00,World,H6,HS,3915,"Waste, parings and scrap, of plastics",FALSE,TOTAL CPC,TOTAL MOT,8,kg,11101.62,FALSE,8,kg,11101.62,FALSE,11101.62,FALSE,0,FALSE,,1199.9,1199.9,0,FALSE,TRUE
C,A,2023,52,2023,454,MWI,Malawi,M,Import,0,W00,World,0,W00,World,H6,HS,3915,"Waste, parings and scrap, of plastics",FALSE,TOTAL CPC,TOTAL MOT,-1,N/A,0,FALSE,-1,N/A,0,FALSE,,FALSE,0,FALSE,563847.65,,563847.65,0,FALSE,TRUE
C,A,2023,52,2023,458,MYS,Malaysia,M,Import,0,W00,World,0,W00,World,H6,HS,3915,"Waste, parings and scrap, of plastics",FALSE,TOTAL CPC,TOTAL MOT,-1,N/A,0,FALSE,-1,N/A,0,FALSE,,FALSE,0,FALSE,173935204.611,,173935204.611,0,FALSE,TRUE
C,A,2023,52,2023,458,MYS,Malaysia,X,Export,0,W00,World,0,W00,World,H6,HS,3915,"Waste, parings and scrap, of plastics",FALSE,TOTAL CPC,TOTAL MOT,-1,N/A,0,FALSE,-1,N/A,0,FALSE,,FALSE,0,FALSE,,6438928.229,6438928.229,0,FALSE,TRUE
C,A,2023,52,2023,462,MDV,Maldives,X,Export,0,W00,World,0,W00,World,H6,HS,3915,"Waste, parings and scrap, of plastics",FALSE,TOTAL CPC,TOTAL MOT,8,kg,456000,FALSE,8,kg,456000,FALSE,456000,FALSE,0,FALSE,,154529.514,154529.514,0,FALSE,TRUE
C,A,2023,52,2023,470,MLT,Malta,M,Import,0,W00,World,0,W00,World,H6,HS,3915,"Waste, parings and scrap, of plastics",FALSE,TOTAL CPC,TOTAL MOT,8,kg,13112,FALSE,8,kg,13112,FALSE,13112,FALSE,0,FALSE,68669.208,,68669.208,0,FALSE,TRUE
C,A,2023,52,2023,470,MLT,Malta,X,Export,0,W00,World,0,W00,World,H6,HS,3915,"Waste, parings and scrap, of plastics",FALSE,TOTAL CPC,TOTAL MOT,8,kg,2822055,FALSE,8,kg,2822055,FALSE,2822055,FALSE,0,FALSE,,1028691.933,1028691.933,0,FALSE,TRUE
C,A,2023,52,2023,478,MRT,Mauritania,M,Import,0,W00,World,0,W00,World,H5,HS,3915,"Waste, parings and scrap, of plastics",FALSE,TOTAL CPC,TOTAL MOT,8,kg,101807,FALSE,8,kg,101807,FALSE,101807,FALSE,0,FALSE,49586.378,,49586.378,0,FALSE,TRUE
C,A,2023,52,2023,478,MRT,Mauritania,X,Export,0,W00,World,0,W00,World,H5,HS,3915,"Waste, parings and scrap, of plastics",FALSE,TOTAL CPC,TOTAL MOT,8,kg,6843285,FALSE,8,kg,6843285,FALSE,6843285,FALSE,0,FALSE,,1054270.236,1054270.236,0,FALSE,TRUE
C,A,2023,52,2023,480,MUS,Mauritius,M,Import,0,W00,World,0,W00,World,H6,HS,3915,"Waste, parings and scrap, of plastics",FALSE,TOTAL CPC,TOTAL MOT,8,kg,161,FALSE,8,kg,161,FALSE,161,FALSE,0,FALSE,202.751,166.765,202.751,0,FALSE,TRUE
C,A,2023,52,2023,480,MUS,Mauritius,X,Export,0,W00,World,0,W00,World,H6,HS,3915,"Waste, parings and scrap, of plastics",FALSE,TOTAL CPC,TOTAL MOT,8,kg,1867352,FALSE,8,kg,1867352,FALSE,650733,FALSE,0,FALSE,,874397.451,874397.451,0,FALSE,TRUE
C,A,2023,52,2023,484,MEX,Mexico,M,Import,0,W00,World,0,W00,World,H6,HS,3915,"Waste, parings and scrap, of plastics",FALSE,TOTAL CPC,TOTAL MOT,-1,N/A,0,TRUE,-1,N/A,0,FALSE,0,TRUE,0,FALSE,,43891172,43891172,6,FALSE,TRUE
C,A,2023,52,2023,484,MEX,Mexico,X,Export,0,W00,World,0,W00,World,H6,HS,3915,"Waste, parings and scrap, of plastics",FALSE,TOTAL CPC,TOTAL MOT,-1,N/A,0,FALSE,-1,N/A,0,FALSE,0,FALSE,0,FALSE,,76202254,76202254,0,FALSE,TRUE
C,A,2023,52,2023,490,S19,"Other Asia, nes",M,Import,0,W00,World,0,W00,World,H6,HS,3915,"Waste, parings and scrap, of plastics",FALSE,TOTAL CPC,TOTAL MOT,8,kg,231860903,FALSE,8,kg,231860903,FALSE,231860903,FALSE,0,FALSE,143869605.24,,143869605.24,0,FALSE,TRUE
C,A,2023,52,2023,490,S19,"Other Asia, nes",X,Export,0,W00,World,0,W00,World,H6,HS,3915,"Waste, parings and scrap, of plastics",FALSE,TOTAL CPC,TOTAL MOT,8,kg,136364672,FALSE,8,kg,136364672,FALSE,136364672,FALSE,0,FALSE,,33437762.469,33437762.469,0,FALSE,TRUE
C,A,2023,52,2023,498,MDA,Rep. of Moldova,M,Import,0,W00,World,0,W00,World,H6,HS,3915,"Waste, parings and scrap, of plastics",FALSE,TOTAL CPC,TOTAL MOT,8,kg,1,FALSE,8,kg,1,FALSE,1,FALSE,0,FALSE,6,,6,0,FALSE,TRUE
C,A,2023,52,2023,498,MDA,Rep. of Moldova,X,Export,0,W00,World,0,W00,World,H6,HS,3915,"Waste, parings and scrap, of plastics",FALSE,TOTAL CPC,TOTAL MOT,8,kg,156194,FALSE,8,kg,156194,FALSE,156194,FALSE,0,FALSE,,43022,43022,0,FALSE,TRUE
C,A,2023,52,2023,499,MNE,Montenegro,M,Import,0,W00,World,0,W00,World,H6,HS,3915,"Waste, parings and scrap, of plastics",FALSE,TOTAL CPC,TOTAL MOT,8,kg,1079.1,FALSE,8,kg,1079.1,FALSE,1079.1,FALSE,0,FALSE,1385.494,,1385.494,0,FALSE,TRUE
C,A,2023,52,2023,499,MNE,Montenegro,X,Export,0,W00,World,0,W00,World,H6,HS,3915,"Waste, parings and scrap, of plastics",FALSE,TOTAL CPC,TOTAL MOT,8,kg,568541,FALSE,8,kg,568541,FALSE,568541,FALSE,0,FALSE,,183010.456,183010.456,0,FALSE,TRUE
C,A,2023,52,2023,504,MAR,Morocco,M,Import,0,W00,World,0,W00,World,H6,HS,3915,"Waste, parings and scrap, of plastics",FALSE,TOTAL CPC,TOTAL MOT,8,kg,6334247.13,FALSE,8,kg,6334247.13,FALSE,6334247.13,FALSE,0,FALSE,2938601.55,,2938601.55,0,FALSE,TRUE
C,A,2023,52,2023,504,MAR,Morocco,X,Export,0,W00,World,0,W00,World,H6,HS,3915,"Waste, parings and scrap, of plastics",FALSE,TOTAL CPC,TOTAL MOT,8,kg,5174246.1,FALSE,8,kg,5174246.1,FALSE,5174246.1,FALSE,0,FALSE,,3417168.027,3417168.027,0,FALSE,TRUE
C,A,2023,52,2023,508,MOZ,Mozambique,M,Import,0,W00,World,0,W00,World,H6,HS,3915,"Waste, parings and scrap, of plastics",FALSE,TOTAL CPC,TOTAL MOT,8,kg,806513,FALSE,8,kg,805904,FALSE,740244,FALSE,0,FALSE,502000,362000,502000,0,FALSE,TRUE
C,A,2023,52,2023,508,MOZ,Mozambique,X,Export,0,W00,World,0,W00,World,H6,HS,3915,"Waste, parings and scrap, of plastics",FALSE,TOTAL CPC,TOTAL MOT,8,kg,1950885,FALSE,8,kg,1950885,FALSE,3368666,FALSE,0,FALSE,,610000,610000,0,FALSE,TRUE
C,A,2023,52,2023,512,OMN,Oman,M,Import,0,W00,World,0,W00,World,H6,HS,3915,"Waste, parings and scrap, of plastics",FALSE,TOTAL CPC,TOTAL MOT,8,kg,2589333.103,TRUE,-1,N/A,0,FALSE,2589333.103,TRUE,0,FALSE,1424762.026,,1424762.026,6,FALSE,TRUE
C,A,2023,52,2023,512,OMN,Oman,X,Export,0,W00,World,0,W00,World,H6,HS,3915,"Waste, parings and scrap, of plastics",FALSE,TOTAL CPC,TOTAL MOT,-1,N/A,0,FALSE,-1,N/A,0,FALSE,,FALSE,0,FALSE,,68387.516,68387.516,0,FALSE,TRUE
C,A,2023,52,2023,516,NAM,Namibia,M,Import,0,W00,World,0,W00,World,H6,HS,3915,"Waste, parings and scrap, of plastics",FALSE,TOTAL CPC,TOTAL MOT,8,kg,48095.103,FALSE,8,kg,48095.103,FALSE,48095.103,FALSE,0,FALSE,74382.02,,74382.02,0,FALSE,TRUE
C,A,2023,52,2023,516,NAM,Namibia,X,Export,0,W00,World,0,W00,World,H6,HS,3915,"Waste, parings and scrap, of plastics",FALSE,TOTAL CPC,TOTAL MOT,8,kg,1858420.336,TRUE,-1,N/A,0,FALSE,1858420.336,TRUE,0,FALSE,,394455.445,394455.445,6,FALSE,TRUE
C,A,2023,52,2023,528,NLD,Netherlands,M,Import,0,W00,World,0,W00,World,H6,HS,3915,"Waste, parings and scrap, of plastics",FALSE,TOTAL CPC,TOTAL MOT,8,kg,796233908.093,TRUE,-1,N/A,0,FALSE,796233902.093,TRUE,0,FALSE,291106357.507,,291106357.507,6,FALSE,TRUE
C,A,2023,52,2023,528,NLD,Netherlands,X,Export,0,W00,World,0,W00,World,H6,HS,3915,"Waste, parings and scrap, of plastics",FALSE,TOTAL CPC,TOTAL MOT,8,kg,576702047,FALSE,8,kg,576702047,FALSE,576702047,FALSE,0,FALSE,,256247215.202,256247215.202,0,FALSE,TRUE
C,A,2023,52,2023,533,ABW,Aruba,M,Import,0,W00,World,0,W00,World,H4,HS,3915,"Waste, parings and scrap, of plastics",FALSE,TOTAL CPC,TOTAL MOT,8,kg,1.87,FALSE,8,kg,1.87,FALSE,1.87,FALSE,0,FALSE,77.095,,77.095,0,FALSE,TRUE
C,A,2023,52,2023,554,NZL,New Zealand,M,Import,0,W00,World,0,W00,World,H6,HS,3915,"Waste, parings and scrap, of plastics",FALSE,TOTAL CPC,TOTAL MOT,8,kg,2035801,FALSE,8,kg,2035801,FALSE,2035801,FALSE,2077284,FALSE,1375963.996,,1375963.996,0,FALSE,TRUE
C,A,2023,52,2023,554,NZL,New Zealand,X,Export,0,W00,World,0,W00,World,H6,HS,3915,"Waste, parings and scrap, of plastics",FALSE,TOTAL CPC,TOTAL MOT,8,kg,28376852,FALSE,8,kg,28376852,FALSE,28376852,FALSE,29568500,FALSE,,5663506.487,5663506.487,0,FALSE,TRUE
C,A,2023,52,2023,558,NIC,Nicaragua,M,Import,0,W00,World,0,W00,World,H6,HS,3915,"Waste, parings and scrap, of plastics",FALSE,TOTAL CPC,TOTAL MOT,8,kg,1034613.98,FALSE,8,kg,1034613.98,FALSE,1034613.98,FALSE,0,FALSE,422604.58,,422604.58,0,FALSE,TRUE
C,A,2023,52,2023,558,NIC,Nicaragua,X,Export,0,W00,World,0,W00,World,H6,HS,3915,"Waste, parings and scrap, of plastics",FALSE,TOTAL CPC,TOTAL MOT,8,kg,9325249.35,FALSE,8,kg,9325249.35,FALSE,9325249.35,FALSE,0,FALSE,,3576270.32,3576270.32,0,FALSE,TRUE
C,A,2023,52,2023,562,NER,Niger,M,Import,0,W00,World,0,W00,World,H6,HS,3915,"Waste, parings and scrap, of plastics",FALSE,TOTAL CPC,TOTAL MOT,8,kg,74260,FALSE,8,kg,74260,FALSE,74260,FALSE,0,FALSE,8710.102,,8710.102,0,FALSE,TRUE
C,A,2023,52,2023,562,NER,Niger,X,Export,0,W00,World,0,W00,World,H6,HS,3915,"Waste, parings and scrap, of plastics",FALSE,TOTAL CPC,TOTAL MOT,8,kg,10000,FALSE,8,kg,10000,FALSE,10000,FALSE,0,FALSE,,247.372,247.372,0,FALSE,TRUE
C,A,2023,52,2023,566,NGA,Nigeria,M,Import,0,W00,World,0,W00,World,H6,HS,3915,"Waste, parings and scrap, of plastics",FALSE,TOTAL CPC,TOTAL MOT,8,kg,10337027.5,TRUE,-1,N/A,0,FALSE,10337027.5,TRUE,0,FALSE,6460499.778,,6460499.778,6,FALSE,TRUE
C,A,2023,52,2023,566,NGA,Nigeria,X,Export,0,W00,World,0,W00,World,H6,HS,3915,"Waste, parings and scrap, of plastics",FALSE,TOTAL CPC,TOTAL MOT,8,kg,5558620.321,TRUE,-1,N/A,0,FALSE,5558620.321,TRUE,0,FALSE,,2140132.591,2140132.591,6,FALSE,TRUE
C,A,2023,52,2023,579,NOR,Norway,M,Import,0,W00,World,0,W00,World,H6,HS,3915,"Waste, parings and scrap, of plastics",FALSE,TOTAL CPC,TOTAL MOT,-1,N/A,0,FALSE,-1,N/A,0,FALSE,,FALSE,0,FALSE,1145710.936,,1145710.936,0,FALSE,TRUE
C,A,2023,52,2023,579,NOR,Norway,X,Export,0,W00,World,0,W00,World,H6,HS,3915,"Waste, parings and scrap, of plastics",FALSE,TOTAL CPC,TOTAL MOT,8,kg,68955855.97,TRUE,-1,N/A,0,FALSE,68955855.97,TRUE,0,FALSE,,19032338.798,19032338.798,6,FALSE,TRUE
C,A,2023,52,2023,586,PAK,Pakistan,M,Import,0,W00,World,0,W00,World,H6,HS,3915,"Waste, parings and scrap, of plastics",FALSE,TOTAL CPC,TOTAL MOT,8,kg,59679790.913,TRUE,-1,N/A,0,FALSE,59679790.913,TRUE,0,FALSE,20674542.529,,20674542.529,6,FALSE,TRUE
C,A,2023,52,2023,586,PAK,Pakistan,X,Export,0,W00,World,0,W00,World,H6,HS,3915,"Waste, parings and scrap, of plastics",FALSE,TOTAL CPC,TOTAL MOT,8,kg,18465101,FALSE,8,kg,18465101,FALSE,18465101,FALSE,0,FALSE,,2677793.84,2677793.84,0,FALSE,TRUE
C,A,2023,52,2023,591,PAN,Panama,M,Import,0,W00,World,0,W00,World,H6,HS,3915,"Waste, parings and scrap, of plastics",FALSE,TOTAL CPC,TOTAL MOT,8,kg,99448,FALSE,8,kg,99448,FALSE,99448,FALSE,99448,FALSE,378719,,378719,0,FALSE,TRUE
C,A,2023,52,2023,591,PAN,Panama,X,Export,0,W00,World,0,W00,World,H6,HS,3915,"Waste, parings and scrap, of plastics",FALSE,TOTAL CPC,TOTAL MOT,8,kg,5554025,FALSE,8,kg,5554025,FALSE,5554025,FALSE,5554025,FALSE,,1533827,1533827,0,FALSE,TRUE
C,A,2023,52,2023,600,PRY,Paraguay,M,Import,0,W00,World,0,W00,World,H6,HS,3915,"Waste, parings and scrap, of plastics",FALSE,TOTAL CPC,TOTAL MOT,8,kg,6061782.546,FALSE,8,kg,6061782.546,FALSE,6061782.546,FALSE,0,FALSE,2218102.22,1985678.68,2218102.22,0,FALSE,TRUE
C,A,2023,52,2023,600,PRY,Paraguay,X,Export,0,W00,World,0,W00,World,H6,HS,3915,"Waste, parings and scrap, of plastics",FALSE,TOTAL CPC,TOTAL MOT,8,kg,282599,FALSE,8,kg,282599,FALSE,282599,FALSE,0,FALSE,,35779.99,35779.99,0,FALSE,TRUE
C,A,2023,52,2023,604,PER,Peru,M,Import,0,W00,World,0,W00,World,H6,HS,3915,"Waste, parings and scrap, of plastics",FALSE,TOTAL CPC,TOTAL MOT,8,kg,10329784.21,FALSE,8,kg,10329784.21,FALSE,10329784.21,FALSE,0,FALSE,5402797.7,,5402797.7,0,FALSE,TRUE
C,A,2023,52,2023,604,PER,Peru,X,Export,0,W00,World,0,W00,World,H6,HS,3915,"Waste, parings and scrap, of plastics",FALSE,TOTAL CPC,TOTAL MOT,8,kg,410814.5,FALSE,8,kg,410814.5,FALSE,410814.5,FALSE,0,FALSE,,180016.78,180016.78,0,FALSE,TRUE
C,A,2023,52,2023,608,PHL,Philippines,M,Import,0,W00,World,0,W00,World,H5,HS,3915,"Waste, parings and scrap, of plastics",FALSE,TOTAL CPC,TOTAL MOT,8,kg,3119027.16,FALSE,8,kg,3119027.16,FALSE,3119027.16,FALSE,3145569.93,FALSE,1504769,1375381,1504769,0,FALSE,TRUE
C,A,2023,52,2023,608,PHL,Philippines,X,Export,0,W00,World,0,W00,World,H5,HS,3915,"Waste, parings and scrap, of plastics",FALSE,TOTAL CPC,TOTAL MOT,8,kg,107051091.02,FALSE,8,kg,107051091.02,FALSE,107051091.02,FALSE,107641408.56,FALSE,,85347674,85347674,0,FALSE,TRUE
C,A,2023,52,2023,616,POL,Poland,M,Import,0,W00,World,0,W00,World,H5,HS,3915,"Waste, parings and scrap, of plastics",FALSE,TOTAL CPC,TOTAL MOT,8,kg,166961038,FALSE,8,kg,166961038,FALSE,166961038,FALSE,0,FALSE,80912140,,80912140,0,FALSE,TRUE
C,A,2023,52,2023,616,POL,Poland,X,Export,0,W00,World,0,W00,World,H5,HS,3915,"Waste, parings and scrap, of plastics",FALSE,TOTAL CPC,TOTAL MOT,8,kg,135821590.095,TRUE,-1,N/A,0,FALSE,135821590.095,TRUE,0,FALSE,,81472536,81472536,6,FALSE,TRUE
C,A,2023,52,2023,620,PRT,Portugal,M,Import,0,W00,World,0,W00,World,H6,HS,3915,"Waste, parings and scrap, of plastics",FALSE,TOTAL CPC,TOTAL MOT,8,kg,55220592.59,TRUE,-1,N/A,0,FALSE,55220592.59,TRUE,0,FALSE,34984464.582,,34984464.582,6,FALSE,TRUE
C,A,2023,52,2023,620,PRT,Portugal,X,Export,0,W00,World,0,W00,World,H6,HS,3915,"Waste, parings and scrap, of plastics",FALSE,TOTAL CPC,TOTAL MOT,8,kg,58314216.562,TRUE,-1,N/A,0,FALSE,58314216.562,TRUE,0,FALSE,,37127750.915,37127750.915,6,FALSE,TRUE
C,A,2023,52,2023,634,QAT,Qatar,M,Import,0,W00,World,0,W00,World,H6,HS,3915,"Waste, parings and scrap, of plastics",FALSE,TOTAL CPC,TOTAL MOT,8,kg,1502695.226,TRUE,-1,N/A,0,FALSE,1502695.226,TRUE,0,FALSE,829146.104,,829146.104,6,FALSE,TRUE
C,A,2023,52,2023,634,QAT,Qatar,X,Export,0,W00,World,0,W00,World,H6,HS,3915,"Waste, parings and scrap, of plastics",FALSE,TOTAL CPC,TOTAL MOT,-1,N/A,0,FALSE,-1,N/A,0,FALSE,0,FALSE,0,FALSE,,2959996.889,2959996.889,0,FALSE,TRUE
C,A,2023,52,2023,642,ROU,Romania,M,Import,0,W00,World,0,W00,World,H6,HS,3915,"Waste, parings and scrap, of plastics",FALSE,TOTAL CPC,TOTAL MOT,8,kg,55508220.417,TRUE,-1,N/A,0,FALSE,55508220.417,TRUE,0,FALSE,20850852.61,20010415.19,20850852.61,6,FALSE,TRUE
C,A,2023,52,2023,642,ROU,Romania,X,Export,0,W00,World,0,W00,World,H6,HS,3915,"Waste, parings and scrap, of plastics",FALSE,TOTAL CPC,TOTAL MOT,-1,N/A,0,FALSE,-1,N/A,0,FALSE,,FALSE,0,FALSE,,13439879.78,13439879.78,0,FALSE,TRUE
C,A,2023,52,2023,670,VCT,Saint Vincent and the Grenadines,M,Import,0,W00,World,0,W00,World,H6,HS,3915,"Waste, parings and scrap, of plastics",FALSE,TOTAL CPC,TOTAL MOT,8,kg,0.46,FALSE,8,kg,0.46,FALSE,0.46,FALSE,0,FALSE,10.063,,10.063,0,FALSE,TRUE
C,A,2023,52,2023,670,VCT,Saint Vincent and the Grenadines,X,Export,0,W00,World,0,W00,World,H6,HS,3915,"Waste, parings and scrap, of plastics",FALSE,TOTAL CPC,TOTAL MOT,8,kg,130190.1,FALSE,8,kg,130190.1,FALSE,130190.1,FALSE,0,FALSE,,24953.979,24953.979,0,FALSE,TRUE
C,A,2023,52,2023,682,SAU,Saudi Arabia,M,Import,0,W00,World,0,W00,World,H6,HS,3915,"Waste, parings and scrap, of plastics",FALSE,TOTAL CPC,TOTAL MOT,8,kg,28433008.125,TRUE,-1,N/A,0,FALSE,28433008.125,TRUE,0,FALSE,14405424.44,,14405424.44,6,FALSE,TRUE
C,A,2023,52,2023,682,SAU,Saudi Arabia,X,Export,0,W00,World,0,W00,World,H6,HS,3915,"Waste, parings and scrap, of plastics",FALSE,TOTAL CPC,TOTAL MOT,8,kg,64649293.227,TRUE,-1,N/A,0,FALSE,64649293.227,TRUE,0,FALSE,,26944012.66,26944012.66,6,FALSE,TRUE
C,A,2023,52,2023,686,SEN,Senegal,M,Import,0,W00,World,0,W00,World,H6,HS,3915,"Waste, parings and scrap, of plastics",FALSE,TOTAL CPC,TOTAL MOT,-1,N/A,0,FALSE,-1,N/A,0,FALSE,,FALSE,0,FALSE,183480.105,,183480.105,0,FALSE,TRUE
C,A,2023,52,2023,686,SEN,Senegal,X,Export,0,W00,World,0,W00,World,H6,HS,3915,"Waste, parings and scrap, of plastics",FALSE,TOTAL CPC,TOTAL MOT,8,kg,707555,FALSE,8,kg,707555,FALSE,707555,FALSE,0,FALSE,,221512.653,221512.653,0,FALSE,TRUE
C,A,2023,52,2023,688,SRB,Serbia,M,Import,0,W00,World,0,W00,World,H6,HS,3915,"Waste, parings and scrap, of plastics",FALSE,TOTAL CPC,TOTAL MOT,8,kg,22314983.133,TRUE,-1,N/A,0,FALSE,22314983.133,TRUE,0,FALSE,4051043,3833474,4051043,6,FALSE,TRUE
C,A,2023,52,2023,688,SRB,Serbia,X,Export,0,W00,World,0,W00,World,H6,HS,3915,"Waste, parings and scrap, of plastics",FALSE,TOTAL CPC,TOTAL MOT,8,kg,3590637.06,TRUE,-1,N/A,0,FALSE,3590637.06,TRUE,0,FALSE,,1959512,1959512,6,FALSE,TRUE
C,A,2023,52,2023,699,IND,India,M,Import,0,W00,World,0,W00,World,H6,HS,3915,"Waste, parings and scrap, of plastics",FALSE,TOTAL CPC,TOTAL MOT,8,kg,64312271,FALSE,8,kg,64312271,FALSE,64312271,FALSE,0,FALSE,30993450.917,,30993450.917,0,FALSE,TRUE
C,A,2023,52,2023,699,IND,India,X,Export,0,W00,World,0,W00,World,H6,HS,3915,"Waste, parings and scrap, of plastics",FALSE,TOTAL CPC,TOTAL MOT,8,kg,2022954.243,TRUE,-1,N/A,0,FALSE,2022954.243,TRUE,0,FALSE,,2337830.53,2337830.53,6,FALSE,TRUE
C,A,2023,52,2023,702,SGP,Singapore,M,Import,0,W00,World,0,W00,World,H6,HS,3915,"Waste, parings and scrap, of plastics",FALSE,TOTAL CPC,TOTAL MOT,8,kg,314268.433,TRUE,-1,N/A,0,FALSE,314268.433,TRUE,0,FALSE,142873.324,,142873.324,6,FALSE,TRUE
C,A,2023,52,2023,702,SGP,Singapore,X,Export,0,W00,World,0,W00,World,H6,HS,3915,"Waste, parings and scrap, of plastics",FALSE,TOTAL CPC,TOTAL MOT,-1,N/A,0,FALSE,-1,N/A,0,FALSE,,FALSE,0,FALSE,,9927917.219,9927917.219,0,FALSE,TRUE
C,A,2023,52,2023,703,SVK,Slovakia,M,Import,0,W00,World,0,W00,World,H6,HS,3915,"Waste, parings and scrap, of plastics",FALSE,TOTAL CPC,TOTAL MOT,-1,N/A,0,FALSE,-1,N/A,0,FALSE,,FALSE,0,FALSE,25715251.492,25714508.661,25715251.492,0,FALSE,TRUE
C,A,2023,52,2023,703,SVK,Slovakia,X,Export,0,W00,World,0,W00,World,H6,HS,3915,"Waste, parings and scrap, of plastics",FALSE,TOTAL CPC,TOTAL MOT,8,kg,34136353.843,TRUE,-1,N/A,0,FALSE,34136353.843,TRUE,0,FALSE,,16459713.207,16459713.207,6,FALSE,TRUE
C,A,2023,52,2023,705,SVN,Slovenia,M,Import,0,W00,World,0,W00,World,H6,HS,3915,"Waste, parings and scrap, of plastics",FALSE,TOTAL CPC,TOTAL MOT,8,kg,112416349.034,FALSE,8,kg,112416349.034,FALSE,112416349.034,FALSE,0,FALSE,35121635.398,,35121635.398,0,FALSE,TRUE
C,A,2023,52,2023,705,SVN,Slovenia,X,Export,0,W00,World,0,W00,World,H6,HS,3915,"Waste, parings and scrap, of plastics",FALSE,TOTAL CPC,TOTAL MOT,8,kg,77963478.029,FALSE,8,kg,77963478.029,FALSE,77963478.029,FALSE,0,FALSE,,24734139.658,24734139.658,0,FALSE,TRUE
C,A,2023,52,2023,710,ZAF,South Africa,M,Import,0,W00,World,0,W00,World,H6,HS,3915,"Waste, parings and scrap, of plastics",FALSE,TOTAL CPC,TOTAL MOT,8,kg,12104180.22,FALSE,8,kg,12104180.22,FALSE,12104180.22,FALSE,0,FALSE,,4698281.669,4698281.669,0,FALSE,TRUE
C,A,2023,52,2023,710,ZAF,South Africa,X,Export,0,W00,World,0,W00,World,H6,HS,3915,"Waste, parings and scrap, of plastics",FALSE,TOTAL CPC,TOTAL MOT,-1,N/A,0,FALSE,-1,N/A,0,FALSE,,FALSE,0,FALSE,,4009454.688,4009454.688,0,FALSE,TRUE
C,A,2023,52,2023,716,ZWE,Zimbabwe,M,Import,0,W00,World,0,W00,World,H6,HS,3915,"Waste, parings and scrap, of plastics",FALSE,TOTAL CPC,TOTAL MOT,8,kg,2710407.89,FALSE,8,kg,2710407.89,FALSE,2710407.89,FALSE,0,FALSE,1383040.31,,1383040.31,0,FALSE,TRUE
C,A,2023,52,2023,716,ZWE,Zimbabwe,X,Export,0,W00,World,0,W00,World,H6,HS,3915,"Waste, parings and scrap, of plastics",FALSE,TOTAL CPC,TOTAL MOT,8,kg,555502,FALSE,8,kg,555502,FALSE,555502,FALSE,0,FALSE,,30818.72,30818.72,0,FALSE,TRUE
C,A,2023,52,2023,724,ESP,Spain,M,Import,0,W00,World,0,W00,World,H6,HS,3915,"Waste, parings and scrap, of plastics",FALSE,TOTAL CPC,TOTAL MOT,-1,N/A,0,FALSE,-1,N/A,0,FALSE,,FALSE,0,FALSE,90490753.241,,90490753.241,0,FALSE,TRUE
C,A,2023,52,2023,724,ESP,Spain,X,Export,0,W00,World,0,W00,World,H6,HS,3915,"Waste, parings and scrap, of plastics",FALSE,TOTAL CPC,TOTAL MOT,8,kg,223160647.89,TRUE,-1,N/A,0,FALSE,223160647.89,TRUE,0,FALSE,,84155160.591,84155160.591,6,FALSE,TRUE
C,A,2023,52,2023,740,SUR,Suriname,M,Import,0,W00,World,0,W00,World,H3,HS,3915,"Waste, parings and scrap, of plastics",FALSE,TOTAL CPC,TOTAL MOT,8,kg,4583,FALSE,5,u,3200,FALSE,4583,FALSE,4679,FALSE,5777.034,,5777.034,0,FALSE,TRUE
C,A,2023,52,2023,748,SWZ,Eswatini,M,Import,0,W00,World,0,W00,World,H6,HS,3915,"Waste, parings and scrap, of plastics",FALSE,TOTAL CPC,TOTAL MOT,8,kg,23128.98,FALSE,8,kg,23128.98,FALSE,23128.98,FALSE,0,FALSE,37567.25,,37567.25,0,FALSE,TRUE
C,A,2023,52,2023,748,SWZ,Eswatini,X,Export,0,W00,World,0,W00,World,H6,HS,3915,"Waste, parings and scrap, of plastics",FALSE,TOTAL CPC,TOTAL MOT,8,kg,778235,FALSE,8,kg,778235,FALSE,778235,FALSE,0,FALSE,,92677.6,92677.6,0,FALSE,TRUE
C,A,2023,52,2023,752,SWE,Sweden,M,Import,0,W00,World,0,W00,World,H6,HS,3915,"Waste, parings and scrap, of plastics",FALSE,TOTAL CPC,TOTAL MOT,8,kg,170302715.529,TRUE,-1,N/A,0,FALSE,170302715.529,TRUE,0,FALSE,25931272.901,,25931272.901,6,FALSE,TRUE
C,A,2023,52,2023,752,SWE,Sweden,X,Export,0,W00,World,0,W00,World,H6,HS,3915,"Waste, parings and scrap, of plastics",FALSE,TOTAL CPC,TOTAL MOT,8,kg,114063305.516,TRUE,-1,N/A,0,FALSE,114063305.516,TRUE,0,FALSE,,31264085.097,31264085.097,6,FALSE,TRUE
C,A,2023,52,2023,757,CHE,Switzerland,M,Import,0,W00,World,0,W00,World,H6,HS,3915,"Waste, parings and scrap, of plastics",FALSE,TOTAL CPC,TOTAL MOT,-1,N/A,0,FALSE,-1,N/A,0,FALSE,,FALSE,0,FALSE,9711060.487,,9711060.487,0,FALSE,TRUE
C,A,2023,52,2023,757,CHE,Switzerland,X,Export,0,W00,World,0,W00,World,H6,HS,3915,"Waste, parings and scrap, of plastics",FALSE,TOTAL CPC,TOTAL MOT,8,kg,87496202.415,TRUE,-1,N/A,0,FALSE,87496202.415,TRUE,0,FALSE,,16305332.525,16305332.525,6,FALSE,TRUE
C,A,2023,52,2023,764,THA,Thailand,M,Import,0,W00,World,0,W00,World,H6,HS,3915,"Waste, parings and scrap, of plastics",FALSE,TOTAL CPC,TOTAL MOT,8,kg,201715413.223,TRUE,-1,N/A,0,FALSE,201715413.223,TRUE,0,FALSE,56777965.433,,56777965.433,6,FALSE,TRUE
C,A,2023,52,2023,764,THA,Thailand,X,Export,0,W00,World,0,W00,World,H6,HS,3915,"Waste, parings and scrap, of plastics",FALSE,TOTAL CPC,TOTAL MOT,-1,N/A,0,FALSE,-1,N/A,0,FALSE,,FALSE,0,FALSE,,69865513.714,69865513.714,0,FALSE,TRUE
C,A,2023,52,2023,768,TGO,Togo,M,Import,0,W00,World,0,W00,World,H5,HS,3915,"Waste, parings and scrap, of plastics",FALSE,TOTAL CPC,TOTAL MOT,8,kg,507203,FALSE,8,kg,507203,FALSE,507203,FALSE,0,FALSE,169611.766,,169611.766,0,FALSE,TRUE
C,A,2023,52,2023,768,TGO,Togo,X,Export,0,W00,World,0,W00,World,H5,HS,3915,"Waste, parings and scrap, of plastics",FALSE,TOTAL CPC,TOTAL MOT,8,kg,541990,FALSE,8,kg,541990,FALSE,541990,FALSE,0,FALSE,,154309.896,154309.896,0,FALSE,TRUE
C,A,2023,52,2023,784,ARE,United Arab Emirates,M,Import,0,W00,World,0,W00,World,H6,HS,3915,"Waste, parings and scrap, of plastics",FALSE,TOTAL CPC,TOTAL MOT,8,kg,2626692.674,TRUE,-1,N/A,0,FALSE,2626692.674,TRUE,0,FALSE,1606053.172,,1606053.172,6,FALSE,TRUE
C,A,2023,52,2023,784,ARE,United Arab Emirates,X,Export,0,W00,World,0,W00,World,H6,HS,3915,"Waste, parings and scrap, of plastics",FALSE,TOTAL CPC,TOTAL MOT,-1,N/A,0,FALSE,-1,N/A,0,FALSE,,FALSE,0,FALSE,,2891627.399,2891627.399,0,FALSE,TRUE
C,A,2023,52,2023,788,TUN,Tunisia,M,Import,0,W00,World,0,W00,World,H6,HS,3915,"Waste, parings and scrap, of plastics",FALSE,TOTAL CPC,TOTAL MOT,8,kg,2130696,FALSE,8,kg,2130696,FALSE,2130696,FALSE,0,FALSE,770033.743,,770033.743,0,FALSE,TRUE
C,A,2023,52,2023,788,TUN,Tunisia,X,Export,0,W00,World,0,W00,World,H6,HS,3915,"Waste, parings and scrap, of plastics",FALSE,TOTAL CPC,TOTAL MOT,8,kg,42528296,FALSE,8,kg,42528296,FALSE,42528296,FALSE,0,FALSE,,23131469.334,23131469.334,0,FALSE,TRUE
C,A,2023,52,2023,792,TUR,Türkiye,M,Import,0,W00,World,0,W00,World,H6,HS,3915,"Waste, parings and scrap, of plastics",FALSE,TOTAL CPC,TOTAL MOT,8,kg,622781167,FALSE,8,kg,622781167,FALSE,622781167,FALSE,0,FALSE,202926235,170031799.73,202926235,0,FALSE,TRUE
C,A,2023,52,2023,792,TUR,Türkiye,X,Export,0,W00,World,0,W00,World,H6,HS,3915,"Waste, parings and scrap, of plastics",FALSE,TOTAL CPC,TOTAL MOT,8,kg,8723228,FALSE,8,kg,8723228,FALSE,8723228,FALSE,0,FALSE,,7753230,7753230,0,FALSE,TRUE
C,A,2023,52,2023,800,UGA,Uganda,M,Import,0,W00,World,0,W00,World,H6,HS,3915,"Waste, parings and scrap, of plastics",FALSE,TOTAL CPC,TOTAL MOT,8,kg,3172276,FALSE,8,kg,3172276,FALSE,3172276,FALSE,0,FALSE,1283397.21,,1283397.21,0,FALSE,TRUE
C,A,2023,52,2023,800,UGA,Uganda,X,Export,0,W00,World,0,W00,World,H6,HS,3915,"Waste, parings and scrap, of plastics",FALSE,TOTAL CPC,TOTAL MOT,8,kg,13622440,FALSE,8,kg,13622440,FALSE,13622440,FALSE,0,FALSE,,7203148.66,7203148.66,0,FALSE,TRUE
C,A,2023,52,2023,804,UKR,Ukraine,M,Import,0,W00,World,0,W00,World,H6,HS,3915,"Waste, parings and scrap, of plastics",FALSE,TOTAL CPC,TOTAL MOT,8,kg,22597043.23,FALSE,8,kg,22597043.23,FALSE,22597043.23,FALSE,0,FALSE,7340518.55,,7340518.55,0,FALSE,TRUE
C,A,2023,52,2023,804,UKR,Ukraine,X,Export,0,W00,World,0,W00,World,H6,HS,3915,"Waste, parings and scrap, of plastics",FALSE,TOTAL CPC,TOTAL MOT,8,kg,875585.8,FALSE,8,kg,875585.8,FALSE,875585.8,FALSE,0,FALSE,,515583.62,515583.62,0,FALSE,TRUE
C,A,2023,52,2023,807,MKD,North Macedonia,M,Import,0,W00,World,0,W00,World,H6,HS,3915,"Waste, parings and scrap, of plastics",FALSE,TOTAL CPC,TOTAL MOT,8,kg,437445,FALSE,8,kg,437445,FALSE,437445,FALSE,0,FALSE,118653.846,,118653.846,0,FALSE,TRUE
C,A,2023,52,2023,807,MKD,North Macedonia,X,Export,0,W00,World,0,W00,World,H6,HS,3915,"Waste, parings and scrap, of plastics",FALSE,TOTAL CPC,TOTAL MOT,8,kg,3241148,FALSE,8,kg,3241148,FALSE,3241148,FALSE,0,FALSE,,1709323.441,1709323.441,0,FALSE,TRUE
C,A,2023,52,2023,818,EGY,Egypt,M,Import,0,W00,World,0,W00,World,H6,HS,3915,"Waste, parings and scrap, of plastics",FALSE,TOTAL CPC,TOTAL MOT,8,kg,26805210.512,TRUE,-1,N/A,0,FALSE,26805210.512,TRUE,0,FALSE,14535276.582,,14535276.582,6,FALSE,TRUE
C,A,2023,52,2023,818,EGY,Egypt,X,Export,0,W00,World,0,W00,World,H6,HS,3915,"Waste, parings and scrap, of plastics",FALSE,TOTAL CPC,TOTAL MOT,-1,N/A,0,FALSE,-1,N/A,0,FALSE,,FALSE,0,FALSE,,35917,35917,0,FALSE,TRUE
C,A,2023,52,2023,826,GBR,United Kingdom,M,Import,0,W00,World,0,W00,World,H6,HS,3915,"Waste, parings and scrap, of plastics",FALSE,TOTAL CPC,TOTAL MOT,-1,N/A,0,FALSE,-1,N/A,0,FALSE,,FALSE,0,FALSE,61428681.986,,61428681.986,0,FALSE,TRUE
C,A,2023,52,2023,826,GBR,United Kingdom,X,Export,0,W00,World,0,W00,World,H6,HS,3915,"Waste, parings and scrap, of plastics",FALSE,TOTAL CPC,TOTAL MOT,-1,N/A,0,FALSE,-1,N/A,0,FALSE,,FALSE,0,FALSE,,370799136.468,370799136.468,0,FALSE,TRUE
C,A,2023,52,2023,834,TZA,United Rep. of Tanzania,M,Import,0,W00,World,0,W00,World,H6,HS,3915,"Waste, parings and scrap, of plastics",FALSE,TOTAL CPC,TOTAL MOT,8,kg,507416.12,FALSE,8,kg,507416.12,FALSE,507416.12,FALSE,0,FALSE,438488.81,396672.01,438488.81,0,FALSE,TRUE
C,A,2023,52,2023,834,TZA,United Rep. of Tanzania,X,Export,0,W00,World,0,W00,World,H6,HS,3915,"Waste, parings and scrap, of plastics",FALSE,TOTAL CPC,TOTAL MOT,8,kg,22310255.6,FALSE,8,kg,22310255.6,FALSE,23951755.6,FALSE,0,FALSE,,8033894.45,8033894.45,0,FALSE,TRUE
C,A,2023,52,2023,842,USA,USA,M,Import,0,W00,World,0,W00,World,H6,HS,3915,"Waste, parings and scrap, of plastics",FALSE,TOTAL CPC,TOTAL MOT,8,kg,446830982.399,TRUE,-1,N/A,0,FALSE,446830982.399,TRUE,0,FALSE,306747659,271892605,306747659,6,FALSE,TRUE
C,A,2023,52,2023,842,USA,USA,X,Export,0,W00,World,0,W00,World,H6,HS,3915,"Waste, parings and scrap, of plastics",FALSE,TOTAL CPC,TOTAL MOT,8,kg,431840637.155,TRUE,-1,N/A,0,FALSE,431840637.155,TRUE,0,FALSE,,249407771,249407771,6,FALSE,TRUE
C,A,2023,52,2023,854,BFA,Burkina Faso,M,Import,0,W00,World,0,W00,World,H6,HS,3915,"Waste, parings and scrap, of plastics",FALSE,TOTAL CPC,TOTAL MOT,8,kg,423393,FALSE,8,kg,423393,FALSE,423393,FALSE,0,FALSE,61266.153,,61266.153,0,FALSE,TRUE
C,A,2023,52,2023,854,BFA,Burkina Faso,X,Export,0,W00,World,0,W00,World,H6,HS,3915,"Waste, parings and scrap, of plastics",FALSE,TOTAL CPC,TOTAL MOT,8,kg,1679355,FALSE,8,kg,1679355,FALSE,1679355,FALSE,0,FALSE,,81244.276,81244.276,0,FALSE,TRUE
C,A,2023,52,2023,858,URY,Uruguay,M,Import,0,W00,World,0,W00,World,H6,HS,3915,"Waste, parings and scrap, of plastics",FALSE,TOTAL CPC,TOTAL MOT,8,kg,77100.884,TRUE,-1,N/A,0,FALSE,77100.884,TRUE,0,FALSE,10638.17,10065.45,10638.17,6,FALSE,TRUE
C,A,2023,52,2023,858,URY,Uruguay,X,Export,0,W00,World,0,W00,World,H6,HS,3915,"Waste, parings and scrap, of plastics",FALSE,TOTAL CPC,TOTAL MOT,8,kg,815310.5,FALSE,8,kg,815310.5,FALSE,815310.5,FALSE,0,FALSE,,358556,358556,0,FALSE,TRUE
C,A,2023,52,2023,860,UZB,Uzbekistan,M,Import,0,W00,World,0,W00,World,H6,HS,3915,"Waste, parings and scrap, of plastics",FALSE,TOTAL CPC,TOTAL MOT,8,kg,39022248,FALSE,21,1000 KG,39022.248,FALSE,39022248,FALSE,0,FALSE,5188909.93,,5188909.93,0,FALSE,TRUE
C,A,2023,52,2023,860,UZB,Uzbekistan,X,Export,0,W00,World,0,W00,World,H6,HS,3915,"Waste, parings and scrap, of plastics",FALSE,TOTAL CPC,TOTAL MOT,8,kg,271180,FALSE,21,1000 KG,271.18,FALSE,271180,FALSE,0,FALSE,,186168.98,186168.98,0,FALSE,TRUE
C,A,2023,52,2023,882,WSM,Samoa,M,Import,0,W00,World,0,W00,World,H5,HS,3915,"Waste, parings and scrap, of plastics",FALSE,TOTAL CPC,TOTAL MOT,8,kg,280,FALSE,8,kg,280,FALSE,280,FALSE,0,FALSE,4283.106,,4283.106,0,FALSE,TRUE
C,A,2023,52,2023,882,WSM,Samoa,X,Export,0,W00,World,0,W00,World,H5,HS,3915,"Waste, parings and scrap, of plastics",FALSE,TOTAL CPC,TOTAL MOT,8,kg,10001,FALSE,8,kg,10001,FALSE,10001,FALSE,0,FALSE,,3363.781,3363.781,0,FALSE,TRUE
C,A,2023,52,2023,894,ZMB,Zambia,M,Import,0,W00,World,0,W00,World,H6,HS,3915,"Waste, parings and scrap, of plastics",FALSE,TOTAL CPC,TOTAL MOT,8,kg,486887.94,FALSE,8,kg,486887.94,FALSE,486887.94,FALSE,0,FALSE,259606.097,34033.362,259606.097,0,FALSE,TRUE
C,A,2023,52,2023,894,ZMB,Zambia,X,Export,0,W00,World,0,W00,World,H6,HS,3915,"Waste, parings and scrap, of plastics",FALSE,TOTAL CPC,TOTAL MOT,8,kg,1492000,FALSE,8,kg,1492000,FALSE,1492000,FALSE,0,FALSE,,328210.562,328210.562,0,FALSE,TRUE