,Entity,Code,Year,Variable,Value
0,Americas (excl. USA),AMERICAS,2000,Recycled,4.721963
1,Americas (excl. USA),AMERICAS,2001,Recycled,4.9725046
2,Americas (excl. USA),AMERICAS,2002,Recycled,5.22747
3,Americas (excl. USA),AMERICAS,2003,Recycled,5.4825106
4,Americas (excl. USA),AMERICAS,2004,Recycled,5.7400074
5,Americas (excl. USA),AMERICAS,2005,Recycled,5.9932656
6,Americas (excl. USA),AMERICAS,2006,Recycled,6.2488875
7,Americas (excl. USA),AMERICAS,2007,Recycled,6.5048146
8,Americas (excl. USA),AMERICAS,2008,Recycled,6.750381
9,Americas (excl. USA),AMERICAS,2009,Recycled,7.0017624
10,Americas (excl. USA),AMERICAS,2010,Recycled,7.2607164
11,Americas (excl. USA),AMERICAS,2011,Recycled,7.517997
12,Americas (excl. USA),AMERICAS,2012,Recycled,7.7693286
13,Americas (excl. USA),AMERICAS,2013,Recycled,8.0173
14,Americas (excl. USA),AMERICAS,2014,Recycled,8.261709
15,Americas (excl. USA),AMERICAS,2015,Recycled,8.545545
16,Americas (excl. USA),AMERICAS,2016,Recycled,8.805077
17,Americas (excl. USA),AMERICAS,2017,Recycled,9.050159
18,Americas (excl. USA),AMERICAS,2018,Recycled,9.3020315
19,Americas (excl. USA),AMERICAS,2019,Recycled,9.554245
20,Asia (excl. China and India),ASIA,2000,Recycled,3.826082
21,Asia (excl. China and India),ASIA,2001,Recycled,4.0782595
22,Asia (excl. China and India),ASIA,2002,Recycled,4.3347645
23,Asia (excl. China and India),ASIA,2003,Recycled,4.5875983
24,Asia (excl. China and India),ASIA,2004,Recycled,4.8415866
25,Asia (excl. China and India),ASIA,2005,Recycled,5.084951
26,Asia (excl. China and India),ASIA,2006,Recycled,5.3303037
27,Asia (excl. China and India),ASIA,2007,Recycled,5.573142
28,Asia (excl. China and India),ASIA,2008,Recycled,5.789884
29,Asia (excl. China and India),ASIA,2009,Recycled,6.0158916
30,Asia (excl. China and India),ASIA,2010,Recycled,6.261683
31,Asia (excl. China and India),ASIA,2011,Recycled,6.5045176
32,Asia (excl. China and India),ASIA,2012,Recycled,6.7315044
33,Asia (excl. China and India),ASIA,2013,Recycled,6.9581046
34,Asia (excl. China and India),ASIA,2014,Recycled,7.181574
35,Asia (excl. China and India),ASIA,2015,Recycled,7.4340363
36,Asia (excl. China and India),ASIA,2016,Recycled,7.6610985
37,Asia (excl. China and India),ASIA,2017,Recycled,7.8878145
38,Asia (excl. China and India),ASIA,2018,Recycled,8.143374
39,Asia (excl. China and India),ASIA,2019,Recycled,8.351267
40,China,CHN,2000,Recycled,4.7811875
41,China,CHN,2001,Recycled,5.210237
42,China,CHN,2002,Recycled,5.6417065
43,China,CHN,2003,Recycled,6.072641
44,China,CHN,2004,Recycled,6.505385
45,China,CHN,2005,Recycled,6.9324255
46,China,CHN,2006,Recycled,7.361401
47,China,CHN,2007,Recycled,7.7904778
48,China,CHN,2008,Recycled,8.205644
49,China,CHN,2009,Recycled,8.62724
50,China,CHN,2010,Recycled,9.063556
51,China,CHN,2011,Recycled,9.495494
52,China,CHN,2012,Recycled,9.926935
53,China,CHN,2013,Recycled,10.358366
54,China,CHN,2014,Recycled,10.742684
55,China,CHN,2015,Recycled,11.2197
56,China,CHN,2016,Recycled,11.647163
57,China,CHN,2017,Recycled,12.039127
58,China,CHN,2018,Recycled,12.4892435
59,China,CHN,2019,Recycled,12.801141
60,Europe,EUR,2000,Recycled,4.4350724
61,Europe,EUR,2001,Recycled,4.8575726
62,Europe,EUR,2002,Recycled,5.2840734
63,Europe,EUR,2003,Recycled,5.7134585
64,Europe,EUR,2004,Recycled,6.1474333
65,Europe,EUR,2005,Recycled,6.5762663
66,Europe,EUR,2006,Recycled,7.005127
67,Europe,EUR,2007,Recycled,7.4335413
68,Europe,EUR,2008,Recycled,7.8578277
69,Europe,EUR,2009,Recycled,8.282662
70,Europe,EUR,2010,Recycled,8.717985
71,Europe,EUR,2011,Recycled,9.1653
72,Europe,EUR,2012,Recycled,9.597319
73,Europe,EUR,2013,Recycled,10.011501
74,Europe,EUR,2014,Recycled,10.433878
75,Europe,EUR,2015,Recycled,10.883846
76,Europe,EUR,2016,Recycled,11.286401
77,Europe,EUR,2017,Recycled,11.679832
78,Europe,EUR,2018,Recycled,12.079297
79,Europe,EUR,2019,Recycled,12.384406
80,India,IND,2000,Recycled,5.072351
81,India,IND,2001,Recycled,5.5181284
82,India,IND,2002,Recycled,5.967143
83,India,IND,2003,Recycled,6.414317
84,India,IND,2004,Recycled,6.862617
85,India,IND,2005,Recycled,7.3041263
86,India,IND,2006,Recycled,7.7485833
87,India,IND,2007,Recycled,8.192793
88,India,IND,2008,Recycled,8.615771
89,India,IND,2009,Recycled,9.048954
90,India,IND,2010,Recycled,9.512734
91,India,IND,2011,Recycled,9.96875
92,India,IND,2012,Recycled,10.419898
93,India,IND,2013,Recycled,10.86092
94,India,IND,2014,Recycled,11.294253
95,India,IND,2015,Recycled,11.762998
96,India,IND,2016,Recycled,12.197806
97,India,IND,2017,Recycled,12.617458
98,India,IND,2018,Recycled,13.01899
99,India,IND,2019,Recycled,13.333093
100,Middle East & North Africa,MENA,2000,Recycled,2.8385525
101,Middle East & North Africa,MENA,2001,Recycled,2.9783854
102,Middle East & North Africa,MENA,2002,Recycled,3.120995
103,Middle East & North Africa,MENA,2003,Recycled,3.2624445
104,Middle East & North Africa,MENA,2004,Recycled,3.4045367
105,Middle East & North Africa,MENA,2005,Recycled,3.5428393
106,Middle East & North Africa,MENA,2006,Recycled,3.6822584
107,Middle East & North Africa,MENA,2007,Recycled,3.8210428
108,Middle East & North Africa,MENA,2008,Recycled,3.950186
109,Middle East & North Africa,MENA,2009,Recycled,4.083425
110,Middle East & North Africa,MENA,2010,Recycled,4.2234116
111,Middle East & North Africa,MENA,2011,Recycled,4.3600283
112,Middle East & North Africa,MENA,2012,Recycled,4.493245
113,Middle East & North Africa,MENA,2013,Recycled,4.6259875
114,Middle East & North Africa,MENA,2014,Recycled,4.758251
115,Middle East & North Africa,MENA,2015,Recycled,4.9017944
116,Middle East & North Africa,MENA,2016,Recycled,5.042626
117,Middle East & North Africa,MENA,2017,Recycled,5.1716475
118,Middle East & North Africa,MENA,2018,Recycled,5.3062506
119,Middle East & North Africa,MENA,2019,Recycled,5.4478326
120,Oceania,OCN,2000,Recycled,3.8013997
121,Oceania,OCN,2001,Recycled,3.9639761
122,Oceania,OCN,2002,Recycled,4.1322722
123,Oceania,OCN,2003,Recycled,4.2974424
124,Oceania,OCN,2004,Recycled,4.4636645
125,Oceania,OCN,2005,Recycled,4.620853
126,Oceania,OCN,2006,Recycled,4.781365
127,Oceania,OCN,2007,Recycled,4.940778
128,Oceania,OCN,2008,Recycled,5.0769835
129,Oceania,OCN,2009,Recycled,5.225511
130,Oceania,OCN,2010,Recycled,5.391036
131,Oceania,OCN,2011,Recycled,5.549219
132,Oceania,OCN,2012,Recycled,5.7029896
133,Oceania,OCN,2013,Recycled,5.8584156
134,Oceania,OCN,2014,Recycled,6.0145235
135,Oceania,OCN,2015,Recycled,6.195937
136,Oceania,OCN,2016,Recycled,6.3603725
137,Oceania,OCN,2017,Recycled,6.5187745
138,Oceania,OCN,2018,Recycled,6.6881332
139,Oceania,OCN,2019,Recycled,6.8709826
140,Sub-Saharan Africa,,2000,Recycled,3.0122259
141,Sub-Saharan Africa,,2001,Recycled,3.1577353
142,Sub-Saharan Africa,,2002,Recycled,3.3036993
143,Sub-Saharan Africa,,2003,Recycled,3.4496167
144,Sub-Saharan Africa,,2004,Recycled,3.5955374
145,Sub-Saharan Africa,,2005,Recycled,3.7399182
146,Sub-Saharan Africa,,2006,Recycled,3.8841133
147,Sub-Saharan Africa,,2007,Recycled,4.0282083
148,Sub-Saharan Africa,,2008,Recycled,4.1703157
149,Sub-Saharan Africa,,2009,Recycled,4.3130527
150,Sub-Saharan Africa,,2010,Recycled,4.4576178
151,Sub-Saharan Africa,,2011,Recycled,4.601472
152,Sub-Saharan Africa,,2012,Recycled,4.742198
153,Sub-Saharan Africa,,2013,Recycled,4.880434
154,Sub-Saharan Africa,,2014,Recycled,5.020707
155,Sub-Saharan Africa,,2015,Recycled,5.169435
156,Sub-Saharan Africa,,2016,Recycled,5.3148503
157,Sub-Saharan Africa,,2017,Recycled,5.4564695
158,Sub-Saharan Africa,,2018,Recycled,5.595348
159,Sub-Saharan Africa,,2019,Recycled,5.719333
160,United States,USA,2000,Recycled,2.3450744
161,United States,USA,2001,Recycled,2.4553702
162,United States,USA,2002,Recycled,2.5685005
163,United States,USA,2003,Recycled,2.6816757
164,United States,USA,2004,Recycled,2.797141
165,United States,USA,2005,Recycled,2.9077706
166,United States,USA,2006,Recycled,3.0194216
167,United States,USA,2007,Recycled,3.1306255
168,United States,USA,2008,Recycled,3.2331533
169,United States,USA,2009,Recycled,3.3390625
170,United States,USA,2010,Recycled,3.4539638
171,United States,USA,2011,Recycled,3.571022
172,United States,USA,2012,Recycled,3.6815884
173,United States,USA,2013,Recycled,3.7851892
174,United States,USA,2014,Recycled,3.8899853
175,United States,USA,2015,Recycled,4.0129786
176,United States,USA,2016,Recycled,4.1291475
177,United States,USA,2017,Recycled,4.245349
178,United States,USA,2018,Recycled,4.3634415
179,United States,USA,2019,Recycled,4.4888835
180,World,OWID_WRL,2000,Recycled,3.7033865
181,World,OWID_WRL,2001,Recycled,3.9859352
182,World,OWID_WRL,2002,Recycled,4.2745633
183,World,OWID_WRL,2003,Recycled,4.564884
184,World,OWID_WRL,2004,Recycled,4.8600082
185,World,OWID_WRL,2005,Recycled,5.150596
186,World,OWID_WRL,2006,Recycled,5.4449744
187,World,OWID_WRL,2007,Recycled,5.740547
188,World,OWID_WRL,2008,Recycled,6.0234685
189,World,OWID_WRL,2009,Recycled,6.314106
190,World,OWID_WRL,2010,Recycled,6.6227803
191,World,OWID_WRL,2011,Recycled,6.935222
192,World,OWID_WRL,2012,Recycled,7.238834
193,World,OWID_WRL,2013,Recycled,7.5376887
194,World,OWID_WRL,2014,Recycled,7.836343
195,World,OWID_WRL,2015,Recycled,8.164696
196,World,OWID_WRL,2016,Recycled,8.450203
197,World,OWID_WRL,2017,Recycled,8.747166
198,World,OWID_WRL,2018,Recycled,9.036769
199,World,OWID_WRL,2019,Recycled,9.292344
200,Americas (excl. USA),AMERICAS,2000,Incinerated,1.2200574
201,Americas (excl. USA),AMERICAS,2001,Incinerated,1.2086724
202,Americas (excl. USA),AMERICAS,2002,Incinerated,1.1975662
203,Americas (excl. USA),AMERICAS,2003,Incinerated,1.186352
204,Americas (excl. USA),AMERICAS,2004,Incinerated,1.1752826
205,Americas (excl. USA),AMERICAS,2005,Incinerated,1.1643187
206,Americas (excl. USA),AMERICAS,2006,Incinerated,1.1536299
207,Americas (excl. USA),AMERICAS,2007,Incinerated,1.1429298
208,Americas (excl. USA),AMERICAS,2008,Incinerated,1.131332
209,Americas (excl. USA),AMERICAS,2009,Incinerated,1.1201167
210,Americas (excl. USA),AMERICAS,2010,Incinerated,1.1110171
211,Americas (excl. USA),AMERICAS,2011,Incinerated,1.1020877
212,Americas (excl. USA),AMERICAS,2012,Incinerated,1.0941856
213,Americas (excl. USA),AMERICAS,2013,Incinerated,1.0871824
214,Americas (excl. USA),AMERICAS,2014,Incinerated,1.0832841
215,Americas (excl. USA),AMERICAS,2015,Incinerated,1.0632468
216,Americas (excl. USA),AMERICAS,2016,Incinerated,1.0594409
217,Americas (excl. USA),AMERICAS,2017,Incinerated,1.0606065
218,Americas (excl. USA),AMERICAS,2018,Incinerated,1.0537329
219,Americas (excl. USA),AMERICAS,2019,Incinerated,1.1592599
220,Asia (excl. China and India),ASIA,2000,Incinerated,10.439383
221,Asia (excl. China and India),ASIA,2001,Incinerated,10.978967
222,Asia (excl. China and India),ASIA,2002,Incinerated,11.516974
223,Asia (excl. China and India),ASIA,2003,Incinerated,12.036433
224,Asia (excl. China and India),ASIA,2004,Incinerated,12.546595
225,Asia (excl. China and India),ASIA,2005,Incinerated,13.035167
226,Asia (excl. China and India),ASIA,2006,Incinerated,13.520215
227,Asia (excl. China and India),ASIA,2007,Incinerated,13.991865
228,Asia (excl. China and India),ASIA,2008,Incinerated,14.406245
229,Asia (excl. China and India),ASIA,2009,Incinerated,14.830825
230,Asia (excl. China and India),ASIA,2010,Incinerated,15.259307
231,Asia (excl. China and India),ASIA,2011,Incinerated,15.73903
232,Asia (excl. China and India),ASIA,2012,Incinerated,16.145636
233,Asia (excl. China and India),ASIA,2013,Incinerated,16.596796
234,Asia (excl. China and India),ASIA,2014,Incinerated,16.968782
235,Asia (excl. China and India),ASIA,2015,Incinerated,17.335096
236,Asia (excl. China and India),ASIA,2016,Incinerated,17.633564
237,Asia (excl. China and India),ASIA,2017,Incinerated,17.935816
238,Asia (excl. China and India),ASIA,2018,Incinerated,18.534632
239,Asia (excl. China and India),ASIA,2019,Incinerated,18.513683
240,China,CHN,2000,Incinerated,8.821573
241,China,CHN,2001,Incinerated,9.609698
242,China,CHN,2002,Incinerated,10.40487
243,China,CHN,2003,Incinerated,11.204407
244,China,CHN,2004,Incinerated,12.010196
245,China,CHN,2005,Incinerated,12.820912
246,China,CHN,2006,Incinerated,13.638992
247,China,CHN,2007,Incinerated,14.462738
248,China,CHN,2008,Incinerated,15.287558
249,China,CHN,2009,Incinerated,16.121347
250,China,CHN,2010,Incinerated,16.963223
251,China,CHN,2011,Incinerated,17.809065
252,China,CHN,2012,Incinerated,18.663284
253,China,CHN,2013,Incinerated,19.526173
254,China,CHN,2014,Incinerated,20.402582
255,China,CHN,2015,Incinerated,21.266891
256,China,CHN,2016,Incinerated,22.14718
257,China,CHN,2017,Incinerated,23.042185
258,China,CHN,2018,Incinerated,23.932241
259,China,CHN,2019,Incinerated,23.762764
260,Europe,EUR,2000,Incinerated,14.542094
261,Europe,EUR,2001,Incinerated,15.765711
262,Europe,EUR,2002,Incinerated,17.000341
263,Europe,EUR,2003,Incinerated,18.240553
264,Europe,EUR,2004,Incinerated,19.489176
265,Europe,EUR,2005,Incinerated,20.743938
266,Europe,EUR,2006,Incinerated,22.00949
267,Europe,EUR,2007,Incinerated,23.282541
268,Europe,EUR,2008,Incinerated,24.552296
269,Europe,EUR,2009,Incinerated,25.83552
270,Europe,EUR,2010,Incinerated,27.131308
271,Europe,EUR,2011,Incinerated,28.428936
272,Europe,EUR,2012,Incinerated,29.726814
273,Europe,EUR,2013,Incinerated,31.043758
274,Europe,EUR,2014,Incinerated,32.365795
275,Europe,EUR,2015,Incinerated,33.69418
276,Europe,EUR,2016,Incinerated,35.048588
277,Europe,EUR,2017,Incinerated,36.413742
278,Europe,EUR,2018,Incinerated,37.823994
279,Europe,EUR,2019,Incinerated,37.74739
280,India,IND,2000,Incinerated,1.6886452
281,India,IND,2001,Incinerated,1.8104163
282,India,IND,2002,Incinerated,1.9341495
283,India,IND,2003,Incinerated,2.058212
284,India,IND,2004,Incinerated,2.1836534
285,India,IND,2005,Incinerated,2.3092675
286,India,IND,2006,Incinerated,2.4366627
287,India,IND,2007,Incinerated,2.5648549
288,India,IND,2008,Incinerated,2.6906817
289,India,IND,2009,Incinerated,2.819237
290,India,IND,2010,Incinerated,2.9519951
291,India,IND,2011,Incinerated,3.0845609
292,India,IND,2012,Incinerated,3.2184002
293,India,IND,2013,Incinerated,3.3541617
294,India,IND,2014,Incinerated,3.4897249
295,India,IND,2015,Incinerated,3.6219814
296,India,IND,2016,Incinerated,3.757444
297,India,IND,2017,Incinerated,3.893275
298,India,IND,2018,Incinerated,4.031769
299,India,IND,2019,Incinerated,4.1608157
300,Middle East & North Africa,MENA,2000,Incinerated,0.40831554
301,Middle East & North Africa,MENA,2001,Incinerated,0.40893823
302,Middle East & North Africa,MENA,2002,Incinerated,0.41152158
303,Middle East & North Africa,MENA,2003,Incinerated,0.4132549
304,Middle East & North Africa,MENA,2004,Incinerated,0.4158622
305,Middle East & North Africa,MENA,2005,Incinerated,0.41720885
306,Middle East & North Africa,MENA,2006,Incinerated,0.42017192
307,Middle East & North Africa,MENA,2007,Incinerated,0.42305285
308,Middle East & North Africa,MENA,2008,Incinerated,0.42023295
309,Middle East & North Africa,MENA,2009,Incinerated,0.4205537
310,Middle East & North Africa,MENA,2010,Incinerated,0.42449844
311,Middle East & North Africa,MENA,2011,Incinerated,0.42627904
312,Middle East & North Africa,MENA,2012,Incinerated,0.42845225
313,Middle East & North Africa,MENA,2013,Incinerated,0.43187827
314,Middle East & North Africa,MENA,2014,Incinerated,0.43362233
315,Middle East & North Africa,MENA,2015,Incinerated,0.43537682
316,Middle East & North Africa,MENA,2016,Incinerated,0.44025955
317,Middle East & North Africa,MENA,2017,Incinerated,0.44278595
318,Middle East & North Africa,MENA,2018,Incinerated,0.44417846
319,Middle East & North Africa,MENA,2019,Incinerated,0.6075314
320,Oceania,OCN,2000,Incinerated,9.345559
321,Oceania,OCN,2001,Incinerated,9.463215
322,Oceania,OCN,2002,Incinerated,9.582663
323,Oceania,OCN,2003,Incinerated,9.702051
324,Oceania,OCN,2004,Incinerated,9.822365
325,Oceania,OCN,2005,Incinerated,9.942406
326,Oceania,OCN,2006,Incinerated,10.063928
327,Oceania,OCN,2007,Incinerated,10.185877
328,Oceania,OCN,2008,Incinerated,10.305142
329,Oceania,OCN,2009,Incinerated,10.426499
330,Oceania,OCN,2010,Incinerated,10.549659
331,Oceania,OCN,2011,Incinerated,10.6718645
332,Oceania,OCN,2012,Incinerated,10.794298
333,Oceania,OCN,2013,Incinerated,10.917622
334,Oceania,OCN,2014,Incinerated,11.04042
335,Oceania,OCN,2015,Incinerated,11.162097
336,Oceania,OCN,2016,Incinerated,11.284588
337,Oceania,OCN,2017,Incinerated,11.407856
338,Oceania,OCN,2018,Incinerated,11.530375
339,Oceania,OCN,2019,Incinerated,11.508256
340,Sub-Saharan Africa,,2000,Incinerated,0.0
341,Sub-Saharan Africa,,2001,Incinerated,0.0
342,Sub-Saharan Africa,,2002,Incinerated,0.0
343,Sub-Saharan Africa,,2003,Incinerated,0.0
344,Sub-Saharan Africa,,2004,Incinerated,0.0
345,Sub-Saharan Africa,,2005,Incinerated,0.0
346,Sub-Saharan Africa,,2006,Incinerated,0.0
347,Sub-Saharan Africa,,2007,Incinerated,0.0
348,Sub-Saharan Africa,,2008,Incinerated,0.0
349,Sub-Saharan Africa,,2009,Incinerated,0.0
350,Sub-Saharan Africa,,2010,Incinerated,0.0
351,Sub-Saharan Africa,,2011,Incinerated,0.0
352,Sub-Saharan Africa,,2012,Incinerated,0.0
353,Sub-Saharan Africa,,2013,Incinerated,0.0
354,Sub-Saharan Africa,,2014,Incinerated,0.0
355,Sub-Saharan Africa,,2015,Incinerated,0.0
356,Sub-Saharan Africa,,2016,Incinerated,0.0
357,Sub-Saharan Africa,,2017,Incinerated,0.0
358,Sub-Saharan Africa,,2018,Incinerated,0.0
359,Sub-Saharan Africa,,2019,Incinerated,0.50530356
360,United States,USA,2000,Incinerated,15.26663
361,United States,USA,2001,Incinerated,15.470107
362,United States,USA,2002,Incinerated,15.676426
363,United States,USA,2003,Incinerated,15.881963
364,United States,USA,2004,Incinerated,16.088884
365,United States,USA,2005,Incinerated,16.295376
366,United States,USA,2006,Incinerated,16.504599
367,United States,USA,2007,Incinerated,16.714314
368,United States,USA,2008,Incinerated,16.91763
369,United States,USA,2009,Incinerated,17.125454
370,United States,USA,2010,Incinerated,17.337303
371,United States,USA,2011,Incinerated,17.546066
372,United States,USA,2012,Incinerated,17.757292
373,United States,USA,2013,Incinerated,17.972448
374,United States,USA,2014,Incinerated,18.185287
375,United States,USA,2015,Incinerated,18.395073
376,United States,USA,2016,Incinerated,18.607126
377,United States,USA,2017,Incinerated,18.82063
378,United States,USA,2018,Incinerated,19.035501
379,United States,USA,2019,Incinerated,19.078594
380,World,OWID_WRL,2000,Incinerated,10.872603
381,World,OWID_WRL,2001,Incinerated,11.335859
382,World,OWID_WRL,2002,Incinerated,11.796123
383,World,OWID_WRL,2003,Incinerated,12.255621
384,World,OWID_WRL,2004,Incinerated,12.712106
385,World,OWID_WRL,2005,Incinerated,13.169611
386,World,OWID_WRL,2006,Incinerated,13.623553
387,World,OWID_WRL,2007,Incinerated,14.075387
388,World,OWID_WRL,2008,Incinerated,14.530793
389,World,OWID_WRL,2009,Incinerated,14.980321
390,World,OWID_WRL,2010,Incinerated,15.421235
391,World,OWID_WRL,2011,Incinerated,15.873149
392,World,OWID_WRL,2012,Incinerated,16.322397
393,World,OWID_WRL,2013,Incinerated,16.779276
394,World,OWID_WRL,2014,Incinerated,17.219265
395,World,OWID_WRL,2015,Incinerated,17.625141
396,World,OWID_WRL,2016,Incinerated,18.084925
397,World,OWID_WRL,2017,Incinerated,18.57843
398,World,OWID_WRL,2018,Incinerated,19.0839
399,World,OWID_WRL,2019,Incinerated,19.048033
400,Americas (excl. USA),AMERICAS,2000,Littered and mismanaged,32.702644
401,Americas (excl. USA),AMERICAS,2001,Littered and mismanaged,32.65127
402,Americas (excl. USA),AMERICAS,2002,Littered and mismanaged,32.610558
403,Americas (excl. USA),AMERICAS,2003,Littered and mismanaged,32.54644
404,Americas (excl. USA),AMERICAS,2004,Littered and mismanaged,32.480965
405,Americas (excl. USA),AMERICAS,2005,Littered and mismanaged,32.38634
406,Americas (excl. USA),AMERICAS,2006,Littered and mismanaged,32.298714
407,Americas (excl. USA),AMERICAS,2007,Littered and mismanaged,32.198456
408,Americas (excl. USA),AMERICAS,2008,Littered and mismanaged,32.026604
409,Americas (excl. USA),AMERICAS,2009,Littered and mismanaged,31.879993
410,Americas (excl. USA),AMERICAS,2010,Littered and mismanaged,31.71632
411,Americas (excl. USA),AMERICAS,2011,Littered and mismanaged,31.516386
412,Americas (excl. USA),AMERICAS,2012,Littered and mismanaged,31.313433
413,Americas (excl. USA),AMERICAS,2013,Littered and mismanaged,31.086758
414,Americas (excl. USA),AMERICAS,2014,Littered and mismanaged,30.8692
415,Americas (excl. USA),AMERICAS,2015,Littered and mismanaged,30.58546
416,Americas (excl. USA),AMERICAS,2016,Littered and mismanaged,30.192081
417,Americas (excl. USA),AMERICAS,2017,Littered and mismanaged,29.824228
418,Americas (excl. USA),AMERICAS,2018,Littered and mismanaged,29.444986
419,Americas (excl. USA),AMERICAS,2019,Littered and mismanaged,29.180882
420,Asia (excl. China and India),ASIA,2000,Littered and mismanaged,36.908466
421,Asia (excl. China and India),ASIA,2001,Littered and mismanaged,36.890785
422,Asia (excl. China and India),ASIA,2002,Littered and mismanaged,36.843292
423,Asia (excl. China and India),ASIA,2003,Littered and mismanaged,36.779625
424,Asia (excl. China and India),ASIA,2004,Littered and mismanaged,36.695618
425,Asia (excl. China and India),ASIA,2005,Littered and mismanaged,36.599823
426,Asia (excl. China and India),ASIA,2006,Littered and mismanaged,36.482292
427,Asia (excl. China and India),ASIA,2007,Littered and mismanaged,36.3509
428,Asia (excl. China and India),ASIA,2008,Littered and mismanaged,36.239586
429,Asia (excl. China and India),ASIA,2009,Littered and mismanaged,36.098736
430,Asia (excl. China and India),ASIA,2010,Littered and mismanaged,35.94254
431,Asia (excl. China and India),ASIA,2011,Littered and mismanaged,35.716637
432,Asia (excl. China and India),ASIA,2012,Littered and mismanaged,35.531315
433,Asia (excl. China and India),ASIA,2013,Littered and mismanaged,35.301987
434,Asia (excl. China and India),ASIA,2014,Littered and mismanaged,35.11712
435,Asia (excl. China and India),ASIA,2015,Littered and mismanaged,34.90084
436,Asia (excl. China and India),ASIA,2016,Littered and mismanaged,34.71078
437,Asia (excl. China and India),ASIA,2017,Littered and mismanaged,34.513863
438,Asia (excl. China and India),ASIA,2018,Littered and mismanaged,34.149826
439,Asia (excl. China and India),ASIA,2019,Littered and mismanaged,33.74583
440,China,CHN,2000,Littered and mismanaged,60.80302
441,China,CHN,2001,Littered and mismanaged,59.054737
442,China,CHN,2002,Littered and mismanaged,57.293114
443,China,CHN,2003,Littered and mismanaged,55.52346
444,China,CHN,2004,Littered and mismanaged,53.74183
445,China,CHN,2005,Littered and mismanaged,51.95479
446,China,CHN,2006,Littered and mismanaged,50.154366
447,China,CHN,2007,Littered and mismanaged,48.343662
448,China,CHN,2008,Littered and mismanaged,46.53614
449,China,CHN,2009,Littered and mismanaged,44.71028
450,China,CHN,2010,Littered and mismanaged,42.862106
451,China,CHN,2011,Littered and mismanaged,41.007553
452,China,CHN,2012,Littered and mismanaged,39.13956
453,China,CHN,2013,Littered and mismanaged,37.258137
454,China,CHN,2014,Littered and mismanaged,35.385983
455,China,CHN,2015,Littered and mismanaged,33.464287
456,China,CHN,2016,Littered and mismanaged,31.551325
457,China,CHN,2017,Littered and mismanaged,29.63854
458,China,CHN,2018,Littered and mismanaged,27.691025
459,China,CHN,2019,Littered and mismanaged,27.052065
460,Europe,EUR,2000,Littered and mismanaged,12.974696
461,Europe,EUR,2001,Littered and mismanaged,12.603666
462,Europe,EUR,2002,Littered and mismanaged,12.22879
463,Europe,EUR,2003,Littered and mismanaged,11.851511
464,Europe,EUR,2004,Littered and mismanaged,11.470601
465,Europe,EUR,2005,Littered and mismanaged,11.087446
466,Europe,EUR,2006,Littered and mismanaged,10.700763
467,Europe,EUR,2007,Littered and mismanaged,10.311633
468,Europe,EUR,2008,Littered and mismanaged,9.922061
469,Europe,EUR,2009,Littered and mismanaged,9.528665
470,Europe,EUR,2010,Littered and mismanaged,9.1307125
471,Europe,EUR,2011,Littered and mismanaged,8.728911
472,Europe,EUR,2012,Littered and mismanaged,8.325814
473,Europe,EUR,2013,Littered and mismanaged,7.9192724
474,Europe,EUR,2014,Littered and mismanaged,7.509836
475,Europe,EUR,2015,Littered and mismanaged,7.095291
476,Europe,EUR,2016,Littered and mismanaged,6.6819925
477,Europe,EUR,2017,Littered and mismanaged,6.266093
478,Europe,EUR,2018,Littered and mismanaged,5.840492
479,Europe,EUR,2019,Littered and mismanaged,5.667553
480,India,IND,2000,Littered and mismanaged,68.140015
481,India,IND,2001,Littered and mismanaged,67.02249
482,India,IND,2002,Littered and mismanaged,65.896065
483,India,IND,2003,Littered and mismanaged,64.76735
484,India,IND,2004,Littered and mismanaged,63.632145
485,India,IND,2005,Littered and mismanaged,62.497868
486,India,IND,2006,Littered and mismanaged,61.354866
487,India,IND,2007,Littered and mismanaged,60.207165
488,India,IND,2008,Littered and mismanaged,59.074097
489,India,IND,2009,Littered and mismanaged,57.925507
490,India,IND,2010,Littered and mismanaged,56.745895
491,India,IND,2011,Littered and mismanaged,55.567894
492,India,IND,2012,Littered and mismanaged,54.386494
493,India,IND,2013,Littered and mismanaged,53.20428
494,India,IND,2014,Littered and mismanaged,52.024284
495,India,IND,2015,Littered and mismanaged,50.82319
496,India,IND,2016,Littered and mismanaged,49.636204
497,India,IND,2017,Littered and mismanaged,48.452465
498,India,IND,2018,Littered and mismanaged,47.26972
499,India,IND,2019,Littered and mismanaged,46.214355
500,Middle East & North Africa,MENA,2000,Littered and mismanaged,46.085022
501,Middle East & North Africa,MENA,2001,Littered and mismanaged,45.760677
502,Middle East & North Africa,MENA,2002,Littered and mismanaged,45.43191
503,Middle East & North Africa,MENA,2003,Littered and mismanaged,45.104546
504,Middle East & North Africa,MENA,2004,Littered and mismanaged,44.77496
505,Middle East & North Africa,MENA,2005,Littered and mismanaged,44.4478
506,Middle East & North Africa,MENA,2006,Littered and mismanaged,44.117092
507,Middle East & North Africa,MENA,2007,Littered and mismanaged,43.78638
508,Middle East & North Africa,MENA,2008,Littered and mismanaged,43.467472
509,Middle East & North Africa,MENA,2009,Littered and mismanaged,43.141823
510,Middle East & North Africa,MENA,2010,Littered and mismanaged,42.808033
511,Middle East & North Africa,MENA,2011,Littered and mismanaged,42.478146
512,Middle East & North Africa,MENA,2012,Littered and mismanaged,42.146996
513,Middle East & North Africa,MENA,2013,Littered and mismanaged,41.813095
514,Middle East & North Africa,MENA,2014,Littered and mismanaged,41.482277
515,Middle East & North Africa,MENA,2015,Littered and mismanaged,41.147713
516,Middle East & North Africa,MENA,2016,Littered and mismanaged,40.81038
517,Middle East & North Africa,MENA,2017,Littered and mismanaged,40.480946
518,Middle East & North Africa,MENA,2018,Littered and mismanaged,40.149452
519,Middle East & North Africa,MENA,2019,Littered and mismanaged,39.797066
520,Oceania,OCN,2000,Littered and mismanaged,11.801067
521,Oceania,OCN,2001,Littered and mismanaged,11.541275
522,Oceania,OCN,2002,Littered and mismanaged,11.281355
523,Oceania,OCN,2003,Littered and mismanaged,11.020874
524,Oceania,OCN,2004,Littered and mismanaged,10.759826
525,Oceania,OCN,2005,Littered and mismanaged,10.497309
526,Oceania,OCN,2006,Littered and mismanaged,10.234269
527,Oceania,OCN,2007,Littered and mismanaged,9.970468
528,Oceania,OCN,2008,Littered and mismanaged,9.704555
529,Oceania,OCN,2009,Littered and mismanaged,9.438383
530,Oceania,OCN,2010,Littered and mismanaged,9.172496
531,Oceania,OCN,2011,Littered and mismanaged,8.904644
532,Oceania,OCN,2012,Littered and mismanaged,8.634302
533,Oceania,OCN,2013,Littered and mismanaged,8.362585
534,Oceania,OCN,2014,Littered and mismanaged,8.089958
535,Oceania,OCN,2015,Littered and mismanaged,7.8174677
536,Oceania,OCN,2016,Littered and mismanaged,7.5440946
537,Oceania,OCN,2017,Littered and mismanaged,7.2680383
538,Oceania,OCN,2018,Littered and mismanaged,6.9919286
539,Oceania,OCN,2019,Littered and mismanaged,6.7546487
540,Sub-Saharan Africa,,2000,Littered and mismanaged,69.32282
541,Sub-Saharan Africa,,2001,Littered and mismanaged,69.03789
542,Sub-Saharan Africa,,2002,Littered and mismanaged,68.75071
543,Sub-Saharan Africa,,2003,Littered and mismanaged,68.46405
544,Sub-Saharan Africa,,2004,Littered and mismanaged,68.17625
545,Sub-Saharan Africa,,2005,Littered and mismanaged,67.89002
546,Sub-Saharan Africa,,2006,Littered and mismanaged,67.60213
547,Sub-Saharan Africa,,2007,Littered and mismanaged,67.31412
548,Sub-Saharan Africa,,2008,Littered and mismanaged,67.03213
549,Sub-Saharan Africa,,2009,Littered and mismanaged,66.74668
550,Sub-Saharan Africa,,2010,Littered and mismanaged,66.45724
551,Sub-Saharan Africa,,2011,Littered and mismanaged,66.16995
552,Sub-Saharan Africa,,2012,Littered and mismanaged,65.88338
553,Sub-Saharan Africa,,2013,Littered and mismanaged,65.59676
554,Sub-Saharan Africa,,2014,Littered and mismanaged,65.31025
555,Sub-Saharan Africa,,2015,Littered and mismanaged,65.01682
556,Sub-Saharan Africa,,2016,Littered and mismanaged,64.72837
557,Sub-Saharan Africa,,2017,Littered and mismanaged,64.44149
558,Sub-Saharan Africa,,2018,Littered and mismanaged,64.15522
559,Sub-Saharan Africa,,2019,Littered and mismanaged,63.60742
560,United States,USA,2000,Littered and mismanaged,7.9764495
561,United States,USA,2001,Littered and mismanaged,7.7515783
562,United States,USA,2002,Littered and mismanaged,7.5254703
563,United States,USA,2003,Littered and mismanaged,7.299079
564,United States,USA,2004,Littered and mismanaged,7.071456
565,United States,USA,2005,Littered and mismanaged,6.8430123
566,United States,USA,2006,Littered and mismanaged,6.613124
567,United States,USA,2007,Littered and mismanaged,6.382708
568,United States,USA,2008,Littered and mismanaged,6.1532216
569,United States,USA,2009,Littered and mismanaged,5.922219
570,United States,USA,2010,Littered and mismanaged,5.6899505
571,United States,USA,2011,Littered and mismanaged,5.457105
572,United States,USA,2012,Littered and mismanaged,5.222023
573,United States,USA,2013,Littered and mismanaged,4.98546
574,United States,USA,2014,Littered and mismanaged,4.749489
575,United States,USA,2015,Littered and mismanaged,4.513753
576,United States,USA,2016,Littered and mismanaged,4.2783055
577,United States,USA,2017,Littered and mismanaged,4.0425444
578,United States,USA,2018,Littered and mismanaged,3.8058374
579,United States,USA,2019,Littered and mismanaged,3.5525227
580,World,OWID_WRL,2000,Littered and mismanaged,26.019512
581,World,OWID_WRL,2001,Littered and mismanaged,26.0388
582,World,OWID_WRL,2002,Littered and mismanaged,26.058777
583,World,OWID_WRL,2003,Littered and mismanaged,26.044748
584,World,OWID_WRL,2004,Littered and mismanaged,26.019432
585,World,OWID_WRL,2005,Littered and mismanaged,25.952032
586,World,OWID_WRL,2006,Littered and mismanaged,25.881449
587,World,OWID_WRL,2007,Littered and mismanaged,25.787539
588,World,OWID_WRL,2008,Littered and mismanaged,25.611214
589,World,OWID_WRL,2009,Littered and mismanaged,25.449688
590,World,OWID_WRL,2010,Littered and mismanaged,25.310413
591,World,OWID_WRL,2011,Littered and mismanaged,25.125038
592,World,OWID_WRL,2012,Littered and mismanaged,24.887909
593,World,OWID_WRL,2013,Littered and mismanaged,24.610676
594,World,OWID_WRL,2014,Littered and mismanaged,24.388899
595,World,OWID_WRL,2015,Littered and mismanaged,24.083096
596,World,OWID_WRL,2016,Littered and mismanaged,23.626896
597,World,OWID_WRL,2017,Littered and mismanaged,23.199598
598,World,OWID_WRL,2018,Littered and mismanaged,22.697952
599,World,OWID_WRL,2019,Littered and mismanaged,22.45448
600,Americas (excl. USA),AMERICAS,2000,Landfilled,61.355328
601,Americas (excl. USA),AMERICAS,2001,Landfilled,61.167557
602,Americas (excl. USA),AMERICAS,2002,Landfilled,60.96441
603,Americas (excl. USA),AMERICAS,2003,Landfilled,60.7847
604,Americas (excl. USA),AMERICAS,2004,Landfilled,60.603745
605,Americas (excl. USA),AMERICAS,2005,Landfilled,60.456074
606,Americas (excl. USA),AMERICAS,2006,Landfilled,60.298767
607,Americas (excl. USA),AMERICAS,2007,Landfilled,60.153797
608,Americas (excl. USA),AMERICAS,2008,Landfilled,60.091694
609,Americas (excl. USA),AMERICAS,2009,Landfilled,59.998127
610,Americas (excl. USA),AMERICAS,2010,Landfilled,59.91195
611,Americas (excl. USA),AMERICAS,2011,Landfilled,59.863525
612,Americas (excl. USA),AMERICAS,2012,Landfilled,59.823048
613,Americas (excl. USA),AMERICAS,2013,Landfilled,59.80876
614,Americas (excl. USA),AMERICAS,2014,Landfilled,59.78581
615,Americas (excl. USA),AMERICAS,2015,Landfilled,59.805756
616,Americas (excl. USA),AMERICAS,2016,Landfilled,59.943398
617,Americas (excl. USA),AMERICAS,2017,Landfilled,60.065014
618,Americas (excl. USA),AMERICAS,2018,Landfilled,60.19925
619,Americas (excl. USA),AMERICAS,2019,Landfilled,60.10561
620,Asia (excl. China and India),ASIA,2000,Landfilled,48.82608
621,Asia (excl. China and India),ASIA,2001,Landfilled,48.051964
622,Asia (excl. China and India),ASIA,2002,Landfilled,47.304955
623,Asia (excl. China and India),ASIA,2003,Landfilled,46.59634
624,Asia (excl. China and India),ASIA,2004,Landfilled,45.916195
625,Asia (excl. China and India),ASIA,2005,Landfilled,45.280056
626,Asia (excl. China and India),ASIA,2006,Landfilled,44.667194
627,Asia (excl. China and India),ASIA,2007,Landfilled,44.084095
628,Asia (excl. China and India),ASIA,2008,Landfilled,43.564274
629,Asia (excl. China and India),ASIA,2009,Landfilled,43.054558
630,Asia (excl. China and India),ASIA,2010,Landfilled,42.53648
631,Asia (excl. China and India),ASIA,2011,Landfilled,42.03982
632,Asia (excl. China and India),ASIA,2012,Landfilled,41.591534
633,Asia (excl. China and India),ASIA,2013,Landfilled,41.14312
634,Asia (excl. China and India),ASIA,2014,Landfilled,40.732525
635,Asia (excl. China and India),ASIA,2015,Landfilled,40.330025
636,Asia (excl. China and India),ASIA,2016,Landfilled,39.994568
637,Asia (excl. China and India),ASIA,2017,Landfilled,39.662506
638,Asia (excl. China and India),ASIA,2018,Landfilled,39.17216
639,Asia (excl. China and India),ASIA,2019,Landfilled,39.389225
640,China,CHN,2000,Landfilled,25.594213
641,China,CHN,2001,Landfilled,26.125334
642,China,CHN,2002,Landfilled,26.660315
643,China,CHN,2003,Landfilled,27.199493
644,China,CHN,2004,Landfilled,27.742596
645,China,CHN,2005,Landfilled,28.291878
646,China,CHN,2006,Landfilled,28.845243
647,China,CHN,2007,Landfilled,29.40313
648,China,CHN,2008,Landfilled,29.97066
649,China,CHN,2009,Landfilled,30.541138
650,China,CHN,2010,Landfilled,31.11112
651,China,CHN,2011,Landfilled,31.687883
652,China,CHN,2012,Landfilled,32.27022
653,China,CHN,2013,Landfilled,32.857323
654,China,CHN,2014,Landfilled,33.468746
655,China,CHN,2015,Landfilled,34.049118
656,China,CHN,2016,Landfilled,34.65433
657,China,CHN,2017,Landfilled,35.280148
658,China,CHN,2018,Landfilled,35.887497
659,China,CHN,2019,Landfilled,36.384026
660,Europe,EUR,2000,Landfilled,68.04814
661,Europe,EUR,2001,Landfilled,66.773056
662,Europe,EUR,2002,Landfilled,65.48679
663,Europe,EUR,2003,Landfilled,64.19448
664,Europe,EUR,2004,Landfilled,62.892788
665,Europe,EUR,2005,Landfilled,61.59235
666,Europe,EUR,2006,Landfilled,60.284615
667,Europe,EUR,2007,Landfilled,58.972286
668,Europe,EUR,2008,Landfilled,57.66781
669,Europe,EUR,2009,Landfilled,56.353157
670,Europe,EUR,2010,Landfilled,55.02
671,Europe,EUR,2011,Landfilled,53.676853
672,Europe,EUR,2012,Landfilled,52.350063
673,Europe,EUR,2013,Landfilled,51.025467
674,Europe,EUR,2014,Landfilled,49.69049
675,Europe,EUR,2015,Landfilled,48.32668
676,Europe,EUR,2016,Landfilled,46.983017
677,Europe,EUR,2017,Landfilled,45.640324
678,Europe,EUR,2018,Landfilled,44.25621
679,Europe,EUR,2019,Landfilled,44.200645
680,India,IND,2000,Landfilled,25.098991
681,India,IND,2001,Landfilled,25.648989
682,India,IND,2002,Landfilled,26.202644
683,India,IND,2003,Landfilled,26.76012
684,India,IND,2004,Landfilled,27.321568
685,India,IND,2005,Landfilled,27.888737
686,India,IND,2006,Landfilled,28.459888
687,India,IND,2007,Landfilled,29.035206
688,India,IND,2008,Landfilled,29.619452
689,India,IND,2009,Landfilled,30.2063
690,India,IND,2010,Landfilled,30.789373
691,India,IND,2011,Landfilled,31.378803
692,India,IND,2012,Landfilled,31.975199
693,India,IND,2013,Landfilled,32.58064
694,India,IND,2014,Landfilled,33.191742
695,India,IND,2015,Landfilled,33.79184
696,India,IND,2016,Landfilled,34.408554
697,India,IND,2017,Landfilled,35.036797
698,India,IND,2018,Landfilled,35.67953
699,India,IND,2019,Landfilled,36.29173
700,Middle East & North Africa,MENA,2000,Landfilled,50.668125
701,Middle East & North Africa,MENA,2001,Landfilled,50.852
702,Middle East & North Africa,MENA,2002,Landfilled,51.035587
703,Middle East & North Africa,MENA,2003,Landfilled,51.21977
704,Middle East & North Africa,MENA,2004,Landfilled,51.40464
705,Middle East & North Africa,MENA,2005,Landfilled,51.59214
706,Middle East & North Africa,MENA,2006,Landfilled,51.780476
707,Middle East & North Africa,MENA,2007,Landfilled,51.969532
708,Middle East & North Africa,MENA,2008,Landfilled,52.162098
709,Middle East & North Africa,MENA,2009,Landfilled,52.3542
710,Middle East & North Africa,MENA,2010,Landfilled,52.54405
711,Middle East & North Africa,MENA,2011,Landfilled,52.73554
712,Middle East & North Africa,MENA,2012,Landfilled,52.931305
713,Middle East & North Africa,MENA,2013,Landfilled,53.12904
714,Middle East & North Africa,MENA,2014,Landfilled,53.325848
715,Middle East & North Africa,MENA,2015,Landfilled,53.515106
716,Middle East & North Africa,MENA,2016,Landfilled,53.706734
717,Middle East & North Africa,MENA,2017,Landfilled,53.90462
718,Middle East & North Africa,MENA,2018,Landfilled,54.100113
719,Middle East & North Africa,MENA,2019,Landfilled,54.14757
720,Oceania,OCN,2000,Landfilled,75.05197
721,Oceania,OCN,2001,Landfilled,75.031746
722,Oceania,OCN,2002,Landfilled,75.00371
723,Oceania,OCN,2003,Landfilled,74.97963
724,Oceania,OCN,2004,Landfilled,74.95399
725,Oceania,OCN,2005,Landfilled,74.939285
726,Oceania,OCN,2006,Landfilled,74.92044
727,Oceania,OCN,2007,Landfilled,74.90288
728,Oceania,OCN,2008,Landfilled,74.91332
729,Oceania,OCN,2009,Landfilled,74.90961
730,Oceania,OCN,2010,Landfilled,74.88691
731,Oceania,OCN,2011,Landfilled,74.874275
732,Oceania,OCN,2012,Landfilled,74.86841
733,Oceania,OCN,2013,Landfilled,74.8613
734,Oceania,OCN,2014,Landfilled,74.85518
735,Oceania,OCN,2015,Landfilled,74.8245
736,Oceania,OCN,2016,Landfilled,74.81101
737,Oceania,OCN,2017,Landfilled,74.805275
738,Oceania,OCN,2018,Landfilled,74.789566
739,Oceania,OCN,2019,Landfilled,74.86611
740,Sub-Saharan Africa,,2000,Landfilled,27.664951
741,Sub-Saharan Africa,,2001,Landfilled,27.804375
742,Sub-Saharan Africa,,2002,Landfilled,27.945591
743,Sub-Saharan Africa,,2003,Landfilled,28.08633
744,Sub-Saharan Africa,,2004,Landfilled,28.228214
745,Sub-Saharan Africa,,2005,Landfilled,28.37006
746,Sub-Saharan Africa,,2006,Landfilled,28.513758
747,Sub-Saharan Africa,,2007,Landfilled,28.657686
748,Sub-Saharan Africa,,2008,Landfilled,28.797554
749,Sub-Saharan Africa,,2009,Landfilled,28.94027
750,Sub-Saharan Africa,,2010,Landfilled,29.085146
751,Sub-Saharan Africa,,2011,Landfilled,29.228577
752,Sub-Saharan Africa,,2012,Landfilled,29.374424
753,Sub-Saharan Africa,,2013,Landfilled,29.522799
754,Sub-Saharan Africa,,2014,Landfilled,29.669046
755,Sub-Saharan Africa,,2015,Landfilled,29.81374
756,Sub-Saharan Africa,,2016,Landfilled,29.956776
757,Sub-Saharan Africa,,2017,Landfilled,30.102037
758,Sub-Saharan Africa,,2018,Landfilled,30.249432
759,Sub-Saharan Africa,,2019,Landfilled,30.167953
760,United States,USA,2000,Landfilled,74.41185
761,United States,USA,2001,Landfilled,74.322945
762,United States,USA,2002,Landfilled,74.2296
763,United States,USA,2003,Landfilled,74.13729
764,United States,USA,2004,Landfilled,74.04251
765,United States,USA,2005,Landfilled,73.95384
766,United States,USA,2006,Landfilled,73.86286
767,United States,USA,2007,Landfilled,73.772354
768,United States,USA,2008,Landfilled,73.696
769,United States,USA,2009,Landfilled,73.61326
770,United States,USA,2010,Landfilled,73.51878
771,United States,USA,2011,Landfilled,73.425804
772,United States,USA,2012,Landfilled,73.339096
773,United States,USA,2013,Landfilled,73.256905
774,United States,USA,2014,Landfilled,73.17524
775,United States,USA,2015,Landfilled,73.07819
776,United States,USA,2016,Landfilled,72.98541
777,United States,USA,2017,Landfilled,72.89149
778,United States,USA,2018,Landfilled,72.79523
779,United States,USA,2019,Landfilled,72.880005
780,World,OWID_WRL,2000,Landfilled,59.4045
781,World,OWID_WRL,2001,Landfilled,58.639404
782,World,OWID_WRL,2002,Landfilled,57.870537
783,World,OWID_WRL,2003,Landfilled,57.134747
784,World,OWID_WRL,2004,Landfilled,56.40845
785,World,OWID_WRL,2005,Landfilled,55.727764
786,World,OWID_WRL,2006,Landfilled,55.05003
787,World,OWID_WRL,2007,Landfilled,54.39653
788,World,OWID_WRL,2008,Landfilled,53.83452
789,World,OWID_WRL,2009,Landfilled,53.255886
790,World,OWID_WRL,2010,Landfilled,52.645576
791,World,OWID_WRL,2011,Landfilled,52.06659
792,World,OWID_WRL,2012,Landfilled,51.550865
793,World,OWID_WRL,2013,Landfilled,51.072365
794,World,OWID_WRL,2014,Landfilled,50.5555
795,World,OWID_WRL,2015,Landfilled,50.12707
796,World,OWID_WRL,2016,Landfilled,49.837975
797,World,OWID_WRL,2017,Landfilled,49.4748
798,World,OWID_WRL,2018,Landfilled,49.18138
799,World,OWID_WRL,2019,Landfilled,49.205143
